时间/s,PPG_G,PPG_R,PPG_IR,U1h,U1l,U2h,U2l,U3h,U3l,U4h,U4l,ACCX,ACCY,ACCZ,GX,GY,GZ
0,7255,32541,37497,0,0,0,0,0,0,0,0,0,0,0,0,0,0
0.06075,7263,32546,37501,0,0,0,0,0,0,0,0,0,0,0,0,0,0
0.061962,7271,32543,37506,0,0,0,0,0,0,0,0,0,0,0,0,0,0
0.06345,7269,32536,37482,0,0,0,0,0,0,0,0,0,0,0,0,0,0
0.06445,7270,32525,37465,0,0,0,0,0,0,0,0,0,0,0,0,0,0
0.065449,7267,32517,37443,0,0,0,0,0,0,0,0,0,0,0,0,0,0
0.066449,7265,32508,37431,0,0,0,0,0,0,0,0,0,0,0,0,0,0
0.079951,7269,32507,37418,0,0,0,0,0,0,0,0,0,0,0,0,0,0
0.081067,7272,32504,37416,0,0,0,0,0,0,0,0,0,0,0,0,0,0
0.100016,7272,32504,37410,0,0,0,0,0,0,0,0,0,0,0,0,0,0
0.102016,7275,32510,37415,0,0,0,0,0,0,0,0,0,0,0,0,0,0
0.122025,7276,32513,37422,0,0,0,0,0,0,0,0,0,0,0,0,0,0
0.123547,7279,32516,37424,0,0,0,0,0,0,0,0,0,0,0,0,0,0
0.140805,7283,32520,37427,0,0,0,0,0,0,0,0,0,0,0,0,0,0
0.143095,7286,32520,37434,0,0,0,0,0,0,0,0,0,0,0,0,0,0
0.159804,7289,32524,37435,0,0,0,0,0,0,0,0,0,0,0,0,0,0
0.161311,7291,32517,37435,0,0,0,0,0,0,0,0,0,0,0,0,0,0
0.180447,7295,32518,37428,0,0,0,0,0,0,0,0,0,0,0,0,0,0
0.181586,7299,32514,37422,0,0,0,0,0,0,0,0,0,0,0,0,0,0
0.200744,7299,32512,37419,0,0,0,0,0,0,0,0,0,0,0,0,0,0
0.201766,7305,32512,37422,0,0,0,0,0,0,0,0,0,0,0,0,0,0
0.221556,7310,32523,37433,0,0,0,0,0,0,0,0,0,0,0,0,0,0
0.223061,7316,32522,37445,0,0,0,0,0,0,0,0,0,0,0,0,0,0
0.241638,7320,32529,37449,0,0,0,0,0,0,0,0,0,0,0,0,0,0
0.242637,7326,32528,37450,0,0,0,0,0,0,0,0,0,0,0,0,0,0
0.260411,7327,32530,37455,0,0,0,0,0,0,0,0,0,0,0,0,0,0
0.261966,7331,32525,37454,0,0,0,0,0,0,0,0,0,0,0,0,0,0
0.280283,7331,32529,37452,0,0,0,0,0,0,0,0,0,0,0,0,0,0
0.282283,7336,32523,37454,0,0,0,0,0,0,0,0,0,0,0,0,0,0
0.300559,7339,32528,37452,0,0,0,0,0,0,0,0,0,0,0,0,0,0
0.301589,7343,32526,37458,0,0,0,0,0,0,0,0,0,0,0,0,0,0
0.320378,7344,32525,37457,0,0,0,0,0,0,0,0,0,0,0,0,0,0
0.321464,7350,32522,37455,0,0,0,0,0,0,0,0,0,0,0,0,0,0
0.339973,7349,32523,37449,0,0,0,0,0,0,0,0,0,0,0,0,0,0
0.341973,7353,32514,37443,0,0,0,0,0,0,0,0,0,0,0,0,0,0
0.361298,7358,32517,37438,0,0,0,0,0,0,0,0,0,0,0,0,0,0
0.362508,7359,32514,37440,0,0,0,0,0,0,0,0,0,0,0,0,0,0
0.380951,7361,32515,37444,0,0,0,0,0,0,0,0,0,0,0,0,0,0
0.382197,7365,32518,37447,0,0,0,0,0,0,0,0,0,0,0,0,0,0
0.401224,7367,32520,37452,0,0,0,0,0,0,0,0,0,0,0,0,0,0
0.402224,7371,32519,37459,0,0,0,0,0,0,0,0,0,0,0,0,0,0
0.420527,7377,32524,37462,0,0,0,0,0,0,0,0,0,0,0,0,0,0
0.421527,7380,32521,37464,0,0,0,0,0,0,0,0,0,0,0,0,0,0
0.440244,7385,32528,37472,0,0,0,0,0,0,0,0,0,0,0,0,0,0
0.442244,7392,32529,37481,0,0,0,0,0,0,0,0,0,0,0,0,0,0
0.449693,7393,32535,37495,0,0,0,0,0,0,0,0,0,0,0,0,0,0
0.469835,7402,32540,37506,0,0,0,0,0,0,0,0,0,0,0,0,0,0
0.471835,7406,32547,37518,0,0,0,0,0,0,0,0,0,0,0,0,0,0
0.490165,7411,32550,37534,0,0,0,0,0,0,0,0,0,0,0,0,0,0
0.491336,7417,32556,37546,0,0,0,0,0,0,0,0,0,0,0,0,0,0
0.511429,7426,32555,37552,0,0,0,0,0,0,0,0,0,0,0,0,0,0
0.512453,7428,32559,37553,0,0,0,0,0,0,0,0,0,0,0,0,0,0
0.530519,7432,32559,37558,0,0,0,0,0,0,0,0,0,0,0,0,0,0
0.531518,7437,32562,37561,0,0,0,0,0,0,0,0,0,0,0,0,0,0
0.550519,7440,32561,37563,0,0,0,0,0,0,0,0,0,0,0,0,0,0
0.551519,7442,32562,37565,0,0,0,0,0,0,0,0,0,0,0,0,0,0
0.569549,7445,32561,37568,0,0,0,0,0,0,0,0,0,0,0,0,0,0
0.571556,7449,32563,37575,0,0,0,0,0,0,0,0,0,0,0,0,0,0
0.590047,7455,32571,37585,0,0,0,0,0,0,0,0,0,0,0,0,0,0
0.591549,7459,32577,37600,0,0,0,0,0,0,0,0,0,0,0,0,0,0
0.610421,7469,32583,37617,0,0,0,0,0,0,0,0,0,0,0,0,0,0
0.611433,7471,32587,37628,0,0,0,0,0,0,0,0,0,0,0,0,0,0
0.631899,7479,32586,37630,0,0,0,0,0,0,0,0,0,0,0,0,0,0
0.632899,7482,32583,37622,0,0,0,0,0,0,0,0,0,0,0,0,0,0
0.6499,7483,32581,37614,0,0,0,0,0,0,0,0,0,0,0,0,0,0
0.6519,7482,32574,37607,0,0,0,0,0,0,0,0,0,0,0,0,0,0
0.671406,7485,32575,37608,0,0,0,0,0,0,0,0,0,0,0,0,0,0
0.673407,7487,32577,37608,0,0,0,0,0,0,0,0,0,0,0,0,0,0
0.681499,7492,32578,37615,0,0,0,0,0,0,0,0,0,0,0,0,0,0
0.700821,7497,32574,37613,0,0,0,0,0,0,0,0,0,0,0,0,0,0
0.701847,7500,32573,37614,0,0,0,0,0,0,0,0,0,0,0,0,0,0
0.721905,7499,32568,37606,0,0,0,0,0,0,0,0,0,0,0,0,0,0
0.723411,7502,32562,37594,0,0,0,0,0,0,0,0,0,0,0,0,0,0
0.741112,7503,32554,37582,0,0,0,0,0,0,0,0,0,0,0,0,0,0
0.742112,7502,32556,37580,0,0,0,0,0,0,0,0,0,0,0,0,0,0
0.760113,7502,32547,37573,0,0,0,0,0,0,0,0,0,0,0,0,0,0
0.761113,7505,32550,37568,0,0,0,0,0,0,0,0,0,0,0,0,0,0
0.78162,7503,32537,37558,0,0,0,0,0,0,0,0,0,0,0,0,0,0
0.78262,7505,32541,37548,0,0,0,0,0,0,0,0,0,0,0,0,0,0
0.800404,7503,32538,37533,0,0,0,0,0,0,0,0,0,0,0,0,0,0
0.801424,7501,32533,37527,0,0,0,0,0,0,0,0,0,0,0,0,0,0
0.821535,7501,32530,37523,0,0,0,0,0,0,0,0,0,0,0,0,0,0
0.823045,7501,32536,37527,0,0,0,0,0,0,0,0,0,0,0,0,0,0
0.841495,7508,32542,37534,0,0,0,0,0,0,0,0,0,0,0,0,0,0
0.842595,7507,32549,37545,0,0,0,0,0,0,0,0,0,0,0,0,0,0
0.860314,7512,32548,37549,0,0,0,0,0,0,0,0,0,0,0,0,0,0
0.861314,7513,32551,37557,0,0,0,0,0,0,0,0,0,0,0,0,0,0
0.881716,7513,32550,37557,0,0,0,0,0,0,0,0,0,0,0,0,0,0
0.882716,7520,32552,37556,0,0,0,0,0,0,0,0,0,0,0,0,0,0
0.900909,7519,32551,37546,0,0,0,0,0,0,0,0,0,0,0,0,0,0
0.901927,7520,32542,37534,0,0,0,0,0,0,0,0,0,0,0,0,0,0
0.911251,7521,32533,37524,0,0,0,0,0,0,0,0,0,0,0,0,0,0
0.912247,7519,32531,37514,0,0,0,0,0,0,0,0,0,0,0,0,0,0
0.931665,7517,32528,37511,0,0,0,0,0,0,0,0,0,0,0,0,0,0
0.950908,7523,32529,37520,0,0,0,0,0,0,0,0,0,0,0,0,0,0
0.951908,7522,32534,37529,0,0,0,0,0,0,0,0,0,0,0,0,0,0
0.97038,7529,32541,37538,0,0,0,0,0,0,0,0,0,0,0,0,0,0
0.971395,7532,32544,37551,0,0,0,0,0,0,0,0,0,0,0,0,0,0
0.991089,7537,32551,37561,0,0,0,0,0,0,0,0,0,0,0,0,0,0
0.99233,7542,32548,37564,0,0,0,0,0,0,0,0,0,0,0,0,0,0
1.009965,7543,32551,37557,0,0,0,0,0,0,0,0,0,0,0,0,0,0
1.011965,7546,32541,37555,0,0,0,0,0,0,0,0,0,0,0,0,0,0
1.029874,7543,32542,37546,0,0,0,0,0,0,0,0,0,0,0,0,0,0
1.031875,7549,32537,37553,0,0,0,0,0,0,0,0,0,0,0,0,0,0
1.051059,7551,32544,37560,0,0,0,0,0,0,0,0,0,0,0,0,0,0
1.052323,7554,32549,37566,0,0,0,0,0,0,0,0,0,0,0,0,0,0
1.07151,7561,32554,37578,0,0,0,0,0,0,0,0,0,0,0,0,0,0
1.07251,7565,32559,37586,0,0,0,0,0,0,0,0,0,0,0,0,0,0
1.089761,7570,32564,37603,0,0,0,0,0,0,0,0,0,0,0,0,0,0
1.092009,7578,32574,37622,0,0,0,0,0,0,0,0,0,0,0,0,0,0
1.11005,7585,32591,37650,0,0,0,0,0,0,0,0,0,0,0,0,0,0
1.111083,7596,32602,37679,0,0,0,0,0,0,0,0,0,0,0,0,0,0
1.129666,7603,32615,37699,0,0,0,0,0,0,0,0,0,0,0,0,0,0
1.131667,7611,32620,37716,0,0,0,0,0,0,0,0,0,0,0,0,0,0
1.150758,7616,32627,37731,0,0,0,0,0,0,0,0,0,0,0,0,0,0
1.151868,7623,32631,37731,0,0,0,0,0,0,0,0,0,0,0,0,0,0
1.159714,7628,32630,37734,0,0,0,0,0,0,0,0,0,0,0,0,0,0
1.181928,7631,32629,37735,0,0,0,0,0,0,0,0,0,0,0,0,0,0
1.182927,7633,32630,37739,0,0,0,0,0,0,0,0,0,0,0,0,0,0
1.200609,7640,32636,37749,0,0,0,0,0,0,0,0,0,0,0,0,0,0
1.201639,7644,32643,37769,0,0,0,0,0,0,0,0,0,0,0,0,0,0
1.221611,7654,32651,37792,0,0,0,0,0,0,0,0,0,0,0,0,0,0
1.223123,7661,32665,37815,0,0,0,0,0,0,0,0,0,0,0,0,0,0
1.241256,7669,32669,37831,0,0,0,0,0,0,0,0,0,0,0,0,0,0
1.242283,7674,32674,37841,0,0,0,0,0,0,0,0,0,0,0,0,0,0
1.261455,7678,32675,37842,0,0,0,0,0,0,0,0,0,0,0,0,0,0
1.262484,7679,32676,37850,0,0,0,0,0,0,0,0,0,0,0,0,0,0
1.280453,7687,32676,37856,0,0,0,0,0,0,0,0,0,0,0,0,0,0
1.281453,7688,32677,37863,0,0,0,0,0,0,0,0,0,0,0,0,0,0
1.299843,7697,32679,37869,0,0,0,0,0,0,0,0,0,0,0,0,0,0
1.301888,7700,32683,37875,0,0,0,0,0,0,0,0,0,0,0,0,0,0
1.320084,7706,32687,37882,0,0,0,0,0,0,0,0,0,0,0,0,0,0
1.322084,7707,32689,37892,0,0,0,0,0,0,0,0,0,0,0,0,0,0
1.341934,7712,32682,37892,0,0,0,0,0,0,0,0,0,0,0,0,0,0
1.343041,7713,32684,37884,0,0,0,0,0,0,0,0,0,0,0,0,0,0
1.360981,7721,32682,37883,0,0,0,0,0,0,0,0,0,0,0,0,0,0
1.362093,7715,32678,37873,0,0,0,0,0,0,0,0,0,0,0,0,0,0
1.381441,7720,32672,37868,0,0,0,0,0,0,0,0,0,0,0,0,0,0
1.382502,7722,32671,37861,0,0,0,0,0,0,0,0,0,0,0,0,0,0
1.391237,7723,32662,37848,0,0,0,0,0,0,0,0,0,0,0,0,0,0
1.411236,7721,32658,37846,0,0,0,0,0,0,0,0,0,0,0,0,0,0
1.412343,7724,32656,37837,0,0,0,0,0,0,0,0,0,0,0,0,0,0
1.43228,7721,32649,37833,0,0,0,0,0,0,0,0,0,0,0,0,0,0
1.433309,7725,32648,37831,0,0,0,0,0,0,0,0,0,0,0,0,0,0
1.450375,7724,32645,37825,0,0,0,0,0,0,0,0,0,0,0,0,0,0
1.458469,7729,32644,37826,0,0,0,0,0,0,0,0,0,0,0,0,0,0
1.471134,7727,32648,37823,0,0,0,0,0,0,0,0,0,0,0,0,0,0
1.472134,7731,32647,37823,0,0,0,0,0,0,0,0,0,0,0,0,0,0
1.490134,7730,32642,37820,0,0,0,0,0,0,0,0,0,0,0,0,0,0
1.491189,7735,32640,37811,0,0,0,0,0,0,0,0,0,0,0,0,0,0
1.512063,7730,32639,37801,0,0,0,0,0,0,0,0,0,0,0,0,0,0
1.513083,7732,32633,37788,0,0,0,0,0,0,0,0,0,0,0,0,0,0
1.529697,7729,32627,37768,0,0,0,0,0,0,0,0,0,0,0,0,0,0
1.531833,7725,32622,37752,0,0,0,0,0,0,0,0,0,0,0,0,0,0
1.55029,7717,32619,37736,0,0,0,0,0,0,0,0,0,0,0,0,0,0
1.55129,7711,32614,37721,0,0,0,0,0,0,0,0,0,0,0,0,0,0
1.57242,7706,32612,37710,0,0,0,0,0,0,0,0,0,0,0,0,0,0
1.573731,7708,32605,37702,0,0,0,0,0,0,0,0,0,0,0,0,0,0
1.590906,7701,32608,37692,0,0,0,0,0,0,0,0,0,0,0,0,0,0
1.591937,7702,32605,37686,0,0,0,0,0,0,0,0,0,0,0,0,0,0
1.612131,7701,32598,37682,0,0,0,0,0,0,0,0,0,0,0,0,0,0
1.613131,7702,32592,37674,0,0,0,0,0,0,0,0,0,0,0,0,0,0
1.621206,7702,32595,37670,0,0,0,0,0,0,0,0,0,0,0,0,0,0
1.639962,7703,32589,37663,0,0,0,0,0,0,0,0,0,0,0,0,0,0
1.641999,7704,32585,37650,0,0,0,0,0,0,0,0,0,0,0,0,0,0
1.662395,7702,32577,37641,0,0,0,0,0,0,0,0,0,0,0,0,0,0
1.663417,7701,32571,37624,0,0,0,0,0,0,0,0,0,0,0,0,0,0
1.679577,7703,32566,37617,0,0,0,0,0,0,0,0,0,0,0,0,0,0
1.681577,7700,32564,37611,0,0,0,0,0,0,0,0,0,0,0,0,0,0
1.701257,7704,32559,37608,0,0,0,0,0,0,0,0,0,0,0,0,0,0
1.702257,7703,32563,37607,0,0,0,0,0,0,0,0,0,0,0,0,0,0
1.720258,7708,32563,37614,0,0,0,0,0,0,0,0,0,0,0,0,0,0
1.721258,7711,32564,37621,0,0,0,0,0,0,0,0,0,0,0,0,0,0
1.741243,7714,32570,37630,0,0,0,0,0,0,0,0,0,0,0,0,0,0
1.742357,7716,32572,37641,0,0,0,0,0,0,0,0,0,0,0,0,0,0
1.759779,7719,32578,37654,0,0,0,0,0,0,0,0,0,0,0,0,0,0
1.761813,7726,32581,37659,0,0,0,0,0,0,0,0,0,0,0,0,0,0
1.78215,7732,32581,37663,0,0,0,0,0,0,0,0,0,0,0,0,0,0
1.783294,7732,32582,37669,0,0,0,0,0,0,0,0,0,0,0,0,0,0
1.800457,7737,32588,37677,0,0,0,0,0,0,0,0,0,0,0,0,0,0
1.801725,7740,32592,37688,0,0,0,0,0,0,0,0,0,0,0,0,0,0
1.820833,7743,32596,37700,0,0,0,0,0,0,0,0,0,0,0,0,0,0
1.821839,7752,32604,37721,0,0,0,0,0,0,0,0,0,0,0,0,0,0
1.841631,7754,32612,37740,0,0,0,0,0,0,0,0,0,0,0,0,0,0
1.842631,7767,32620,37757,0,0,0,0,0,0,0,0,0,0,0,0,0,0
1.850243,7768,32626,37774,0,0,0,0,0,0,0,0,0,0,0,0,0,0
1.851346,7776,32633,37788,0,0,0,0,0,0,0,0,0,0,0,0,0,0
1.869766,7776,32638,37802,0,0,0,0,0,0,0,0,0,0,0,0,0,0
1.890704,7784,32638,37808,0,0,0,0,0,0,0,0,0,0,0,0,0,0
1.891885,7788,32644,37815,0,0,0,0,0,0,0,0,0,0,0,0,0,0
1.911479,7791,32644,37818,0,0,0,0,0,0,0,0,0,0,0,0,0,0
1.912499,7794,32642,37822,0,0,0,0,0,0,0,0,0,0,0,0,0,0
1.930481,7799,32642,37824,0,0,0,0,0,0,0,0,0,0,0,0,0,0
1.931439,7800,32643,37829,0,0,0,0,0,0,0,0,0,0,0,0,0,0
1.949866,7803,32645,37830,0,0,0,0,0,0,0,0,0,0,0,0,0,0
1.951917,7806,32641,37832,0,0,0,0,0,0,0,0,0,0,0,0,0,0
1.970428,7811,32646,37840,0,0,0,0,0,0,0,0,0,0,0,0,0,0
1.971428,7811,32644,37840,0,0,0,0,0,0,0,0,0,0,0,0,0,0
1.991099,7815,32645,37851,0,0,0,0,0,0,0,0,0,0,0,0,0,0
1.992099,7819,32649,37857,0,0,0,0,0,0,0,0,0,0,0,0,0,0
2.01031,7825,32653,37869,0,0,0,0,0,0,0,0,0,0,0,0,0,0
2.011808,7827,32660,37885,0,0,0,0,0,0,0,0,0,0,0,0,0,0
2.029814,7839,32669,37897,0,0,0,0,0,0,0,0,0,0,0,0,0,0
2.031822,7842,32676,37914,0,0,0,0,0,0,0,0,0,0,0,0,0,0
2.050693,7846,32677,37920,0,0,0,0,0,0,0,0,0,0,0,0,0,0
2.051714,7848,32680,37935,0,0,0,0,0,0,0,0,0,0,0,0,0,0
2.071466,7857,32687,37947,0,0,0,0,0,0,0,0,0,0,0,0,0,0
2.072502,7852,32690,37954,0,0,0,0,0,0,0,0,0,0,0,0,0,0
2.09097,7862,32693,37961,0,0,0,0,0,0,0,0,0,0,0,0,0,0
2.091969,7868,32689,37962,0,0,0,0,0,0,0,0,0,0,0,0,0,0
2.101467,7870,32687,37961,0,0,0,0,0,0,0,0,0,0,0,0,0,0
2.119578,7868,32684,37960,0,0,0,0,0,0,0,0,0,0,0,0,0,0
2.121822,7874,32687,37964,0,0,0,0,0,0,0,0,0,0,0,0,0,0
2.140046,7876,32691,37968,0,0,0,0,0,0,0,0,0,0,0,0,0,0
2.142045,7884,32690,37975,0,0,0,0,0,0,0,0,0,0,0,0,0,0
2.160161,7885,32694,37982,0,0,0,0,0,0,0,0,0,0,0,0,0,0
2.16116,7888,32694,37986,0,0,0,0,0,0,0,0,0,0,0,0,0,0
2.180013,7894,32697,37985,0,0,0,0,0,0,0,0,0,0,0,0,0,0
2.181035,7894,32696,37992,0,0,0,0,0,0,0,0,0,0,0,0,0,0
2.200363,7894,32688,37983,0,0,0,0,0,0,0,0,0,0,0,0,0,0
2.201366,7897,32687,37982,0,0,0,0,0,0,0,0,0,0,0,0,0,0
2.220894,7897,32683,37977,0,0,0,0,0,0,0,0,0,0,0,0,0,0
2.222005,7900,32679,37971,0,0,0,0,0,0,0,0,0,0,0,0,0,0
2.241954,7896,32680,37962,0,0,0,0,0,0,0,0,0,0,0,0,0,0
2.242954,7901,32679,37962,0,0,0,0,0,0,0,0,0,0,0,0,0,0
2.260233,7899,32677,37958,0,0,0,0,0,0,0,0,0,0,0,0,0,0
2.261256,7903,32676,37955,0,0,0,0,0,0,0,0,0,0,0,0,0,0
2.281319,7897,32679,37950,0,0,0,0,0,0,0,0,0,0,0,0,0,0
2.282425,7901,32678,37946,0,0,0,0,0,0,0,0,0,0,0,0,0,0
2.301403,7896,32677,37937,0,0,0,0,0,0,0,0,0,0,0,0,0,0
2.302429,7899,32673,37927,0,0,0,0,0,0,0,0,0,0,0,0,0,0
2.311379,7899,32671,37914,0,0,0,0,0,0,0,0,0,0,0,0,0,0
2.330641,7897,32673,37909,0,0,0,0,0,0,0,0,0,0,0,0,0,0
2.331674,7893,32663,37898,0,0,0,0,0,0,0,0,0,0,0,0,0,0
2.350564,7893,32664,37887,0,0,0,0,0,0,0,0,0,0,0,0,0,0
2.351564,7885,32658,37872,0,0,0,0,0,0,0,0,0,0,0,0,0,0
2.371368,7886,32653,37865,0,0,0,0,0,0,0,0,0,0,0,0,0,0
2.372694,7880,32649,37856,0,0,0,0,0,0,0,0,0,0,0,0,0,0
2.390035,7884,32650,37858,0,0,0,0,0,0,0,0,0,0,0,0,0,0
2.392035,7882,32649,37856,0,0,0,0,0,0,0,0,0,0,0,0,0,0
2.409945,7885,32652,37862,0,0,0,0,0,0,0,0,0,0,0,0,0,0
2.41106,7882,32654,37868,0,0,0,0,0,0,0,0,0,0,0,0,0,0
2.429088,7889,32653,37870,0,0,0,0,0,0,0,0,0,0,0,0,0,0
2.431527,7888,32659,37869,0,0,0,0,0,0,0,0,0,0,0,0,0,0
2.450775,7892,32655,37872,0,0,0,0,0,0,0,0,0,0,0,0,0,0
2.451891,7891,32652,37872,0,0,0,0,0,0,0,0,0,0,0,0,0,0
2.470374,7894,32653,37871,0,0,0,0,0,0,0,0,0,0,0,0,0,0
2.471486,7892,32651,37873,0,0,0,0,0,0,0,0,0,0,0,0,0,0
2.480097,7898,32652,37873,0,0,0,0,0,0,0,0,0,0,0,0,0,0
2.501117,7900,32650,37876,0,0,0,0,0,0,0,0,0,0,0,0,0,0
2.502118,7902,32649,37874,0,0,0,0,0,0,0,0,0,0,0,0,0,0
2.520278,7902,32650,37876,0,0,0,0,0,0,0,0,0,0,0,0,0,0
2.521278,7907,32648,37878,0,0,0,0,0,0,0,0,0,0,0,0,0,0
2.540326,7908,32650,37879,0,0,0,0,0,0,0,0,0,0,0,0,0,0
2.541325,7909,32656,37883,0,0,0,0,0,0,0,0,0,0,0,0,0,0
2.561584,7910,32656,37890,0,0,0,0,0,0,0,0,0,0,0,0,0,0
2.562613,7914,32655,37893,0,0,0,0,0,0,0,0,0,0,0,0,0,0
2.572252,7914,32656,37900,0,0,0,0,0,0,0,0,0,0,0,0,0,0
2.589536,7916,32658,37903,0,0,0,0,0,0,0,0,0,0,0,0,0,0
2.59254,7919,32657,37898,0,0,0,0,0,0,0,0,0,0,0,0,0,0
2.611439,7922,32650,37895,0,0,0,0,0,0,0,0,0,0,0,0,0,0
2.612431,7920,32647,37891,0,0,0,0,0,0,0,0,0,0,0,0,0,0
2.631752,7921,32647,37890,0,0,0,0,0,0,0,0,0,0,0,0,0,0
2.632764,7919,32648,37891,0,0,0,0,0,0,0,0,0,0,0,0,0,0
2.651819,7922,32650,37899,0,0,0,0,0,0,0,0,0,0,0,0,0,0
2.652819,7929,32653,37902,0,0,0,0,0,0,0,0,0,0,0,0,0,0
2.669818,7933,32655,37911,0,0,0,0,0,0,0,0,0,0,0,0,0,0
2.67185,7935,32657,37916,0,0,0,0,0,0,0,0,0,0,0,0,0,0
2.689789,7936,32659,37925,0,0,0,0,0,0,0,0,0,0,0,0,0,0
2.69212,7939,32659,37924,0,0,0,0,0,0,0,0,0,0,0,0,0,0
2.711635,7940,32658,37931,0,0,0,0,0,0,0,0,0,0,0,0,0,0
2.712635,7943,32657,37931,0,0,0,0,0,0,0,0,0,0,0,0,0,0
2.731165,7948,32654,37932,0,0,0,0,0,0,0,0,0,0,0,0,0,0
2.732184,7944,32657,37932,0,0,0,0,0,0,0,0,0,0,0,0,0,0
2.740271,7955,32659,37942,0,0,0,0,0,0,0,0,0,0,0,0,0,0
2.76039,7957,32658,37948,0,0,0,0,0,0,0,0,0,0,0,0,0,0
2.76241,7960,32663,37954,0,0,0,0,0,0,0,0,0,0,0,0,0,0
2.781759,7965,32666,37960,0,0,0,0,0,0,0,0,0,0,0,0,0,0
2.783267,7972,32669,37972,0,0,0,0,0,0,0,0,0,0,0,0,0,0
2.800216,7974,32674,37985,0,0,0,0,0,0,0,0,0,0,0,0,0,0
2.801418,7976,32682,37997,0,0,0,0,0,0,0,0,0,0,0,0,0,0
2.822085,7980,32679,38008,0,0,0,0,0,0,0,0,0,0,0,0,0,0
2.823833,7988,32683,38018,0,0,0,0,0,0,0,0,0,0,0,0,0,0
2.840797,7994,32688,38025,0,0,0,0,0,0,0,0,0,0,0,0,0,0
2.841808,7997,32693,38037,0,0,0,0,0,0,0,0,0,0,0,0,0,0
2.860355,8001,32698,38044,0,0,0,0,0,0,0,0,0,0,0,0,0,0
2.861473,8005,32698,38050,0,0,0,0,0,0,0,0,0,0,0,0,0,0
2.881775,8010,32702,38059,0,0,0,0,0,0,0,0,0,0,0,0,0,0
2.882776,8016,32711,38073,0,0,0,0,0,0,0,0,0,0,0,0,0,0
2.901061,8018,32717,38086,0,0,0,0,0,0,0,0,0,0,0,0,0,0
2.902088,8026,32720,38095,0,0,0,0,0,0,0,0,0,0,0,0,0,0
2.919971,8027,32728,38108,0,0,0,0,0,0,0,0,0,0,0,0,0,0
2.922026,8036,32729,38117,0,0,0,0,0,0,0,0,0,0,0,0,0,0
2.941001,8041,32728,38121,0,0,0,0,0,0,0,0,0,0,0,0,0,0
2.94192,8043,32734,38131,0,0,0,0,0,0,0,0,0,0,0,0,0,0
2.961323,8046,32735,38133,0,0,0,0,0,0,0,0,0,0,0,0,0,0
2.962343,8051,32742,38138,0,0,0,0,0,0,0,0,0,0,0,0,0,0
2.970512,8055,32748,38147,0,0,0,0,0,0,0,0,0,0,0,0,0,0
2.991959,8059,32752,38150,0,0,0,0,0,0,0,0,0,0,0,0,0,0
2.993066,8063,32756,38161,0,0,0,0,0,0,0,0,0,0,0,0,0,0
3.00971,8069,32652,38166,0,0,0,0,0,0,0,0,0,0,0,0,0,0
3.011734,8070,32547,38167,0,0,0,0,0,0,0,0,0,0,0,0,0,0
3.029679,8075,32553,38174,0,0,0,0,0,0,0,0,0,0,0,0,0,0
3.031771,8079,32551,38172,0,0,0,0,0,0,0,0,0,0,0,0,0,0
3.049868,8079,32551,38171,0,0,0,0,0,0,0,0,0,0,0,0,0,0
3.051934,8078,32548,38160,0,0,0,0,0,0,0,0,0,0,0,0,0,0
3.069894,8077,32548,38149,0,0,0,0,0,0,0,0,0,0,0,0,0,0
3.071401,8076,32541,38135,0,0,0,0,0,0,0,0,0,0,0,0,0,0
3.091101,8074,32538,38123,0,0,0,0,0,0,0,0,0,0,0,0,0,0
3.092134,8072,32530,38115,0,0,0,0,0,0,0,0,0,0,0,0,0,0
3.109983,8073,32529,38105,0,0,0,0,0,0,0,0,0,0,0,0,0,0
3.111149,8075,32526,38105,0,0,0,0,0,0,0,0,0,0,0,0,0,0
3.130939,8074,32525,38095,0,0,0,0,0,0,0,0,0,0,0,0,0,0
3.131971,8074,32523,38094,0,0,0,0,0,0,0,0,0,0,0,0,0,0
3.14972,8076,32523,38093,0,0,0,0,0,0,0,0,0,0,0,0,0,0
3.151746,8077,32527,38101,0,0,0,0,0,0,0,0,0,0,0,0,0,0
3.170026,8079,32533,38107,0,0,0,0,0,0,0,0,0,0,0,0,0,0
3.171534,8082,32534,38117,0,0,0,0,0,0,0,0,0,0,0,0,0,0
3.190549,8085,32539,38121,0,0,0,0,0,0,0,0,0,0,0,0,0,0
3.191661,8091,32542,38131,0,0,0,0,0,0,0,0,0,0,0,0,0,0
3.201626,8094,32547,38133,0,0,0,0,0,0,0,0,0,0,0,0,0,0
3.220306,8096,32545,38133,0,0,0,0,0,0,0,0,0,0,0,0,0,0
3.221422,8097,32547,38130,0,0,0,0,0,0,0,0,0,0,0,0,0,0
3.241457,8099,32544,38136,0,0,0,0,0,0,0,0,0,0,0,0,0,0
3.242791,8102,32546,38140,0,0,0,0,0,0,0,0,0,0,0,0,0,0
3.261777,8103,32551,38147,0,0,0,0,0,0,0,0,0,0,0,0,0,0
3.262777,8109,32552,38151,0,0,0,0,0,0,0,0,0,0,0,0,0,0
3.280766,8112,32554,38158,0,0,0,0,0,0,0,0,0,0,0,0,0,0
3.281878,8116,32551,38160,0,0,0,0,0,0,0,0,0,0,0,0,0,0
3.300428,8116,32550,38159,0,0,0,0,0,0,0,0,0,0,0,0,0,0
3.301428,8119,32555,38161,0,0,0,0,0,0,0,0,0,0,0,0,0,0
3.321475,8119,32550,38167,0,0,0,0,0,0,0,0,0,0,0,0,0,0
3.322475,8122,32554,38170,0,0,0,0,0,0,0,0,0,0,0,0,0,0
3.34039,8126,32558,38179,0,0,0,0,0,0,0,0,0,0,0,0,0,0
3.34292,8130,32559,38178,0,0,0,0,0,0,0,0,0,0,0,0,0,0
3.360463,8132,32554,38181,0,0,0,0,0,0,0,0,0,0,0,0,0,0
3.361563,8133,32554,38179,0,0,0,0,0,0,0,0,0,0,0,0,0,0
3.379506,8136,32558,38182,0,0,0,0,0,0,0,0,0,0,0,0,0,0
3.38153,8137,32554,38177,0,0,0,0,0,0,0,0,0,0,0,0,0,0
3.402348,8138,32555,38180,0,0,0,0,0,0,0,0,0,0,0,0,0,0
3.403348,8142,32552,38182,0,0,0,0,0,0,0,0,0,0,0,0,0,0
3.419762,8140,32553,38188,0,0,0,0,0,0,0,0,0,0,0,0,0,0
3.421975,8143,32554,38186,0,0,0,0,0,0,0,0,0,0,0,0,0,0
3.431291,8149,32556,38196,0,0,0,0,0,0,0,0,0,0,0,0,0,0
3.433531,8148,32561,38197,0,0,0,0,0,0,0,0,0,0,0,0,0,0
3.450605,8149,32563,38207,0,0,0,0,0,0,0,0,0,0,0,0,0,0
3.472703,8158,32566,38211,0,0,0,0,0,0,0,0,0,0,0,0,0,0
3.474705,8161,32567,38217,0,0,0,0,0,0,0,0,0,0,0,0,0,0
3.49022,8160,32570,38221,0,0,0,0,0,0,0,0,0,0,0,0,0,0
3.491229,8165,32569,38224,0,0,0,0,0,0,0,0,0,0,0,0,0,0
3.510643,8168,32568,38219,0,0,0,0,0,0,0,0,0,0,0,0,0,0
3.511642,8165,32563,38222,0,0,0,0,0,0,0,0,0,0,0,0,0,0
3.531153,8170,32567,38227,0,0,0,0,0,0,0,0,0,0,0,0,0,0
3.532154,8174,32569,38233,0,0,0,0,0,0,0,0,0,0,0,0,0,0
3.551132,8175,32571,38237,0,0,0,0,0,0,0,0,0,0,0,0,0,0
3.552133,8180,32572,38247,0,0,0,0,0,0,0,0,0,0,0,0,0,0
3.570731,8184,32576,38251,0,0,0,0,0,0,0,0,0,0,0,0,0,0
3.571932,8184,32579,38256,0,0,0,0,0,0,0,0,0,0,0,0,0,0
3.591353,8188,32578,38257,0,0,0,0,0,0,0,0,0,0,0,0,0,0
3.59336,8189,32577,38259,0,0,0,0,0,0,0,0,0,0,0,0,0,0
3.609743,8193,32577,38258,0,0,0,0,0,0,0,0,0,0,0,0,0,0
3.611744,8194,32577,38263,0,0,0,0,0,0,0,0,0,0,0,0,0,0
3.630987,8197,32581,38265,0,0,0,0,0,0,0,0,0,0,0,0,0,0
3.632008,8199,32580,38265,0,0,0,0,0,0,0,0,0,0,0,0,0,0
3.651169,8205,32580,38274,0,0,0,0,0,0,0,0,0,0,0,0,0,0
3.65245,8206,32582,38276,0,0,0,0,0,0,0,0,0,0,0,0,0,0
3.6706,8207,32579,38275,0,0,0,0,0,0,0,0,0,0,0,0,0,0
3.6726,8211,32578,38263,0,0,0,0,0,0,0,0,0,0,0,0,0,0
3.682106,8210,32576,38266,0,0,0,0,0,0,0,0,0,0,0,0,0,0
3.699759,8214,32573,38264,0,0,0,0,0,0,0,0,0,0,0,0,0,0
3.701815,8215,32571,38253,0,0,0,0,0,0,0,0,0,0,0,0,0,0
3.72137,8214,32566,38244,0,0,0,0,0,0,0,0,0,0,0,0,0,0
3.722389,8213,32561,38238,0,0,0,0,0,0,0,0,0,0,0,0,0,0
3.740733,8216,32568,38233,0,0,0,0,0,0,0,0,0,0,0,0,0,0
3.741732,8215,32563,38227,0,0,0,0,0,0,0,0,0,0,0,0,0,0
3.760003,8212,32558,38218,0,0,0,0,0,0,0,0,0,0,0,0,0,0
3.761007,8214,32560,38221,0,0,0,0,0,0,0,0,0,0,0,0,0,0
3.781098,8214,32555,38205,0,0,0,0,0,0,0,0,0,0,0,0,0,0
3.782131,8212,32555,38203,0,0,0,0,0,0,0,0,0,0,0,0,0,0
3.800626,8209,32552,38190,0,0,0,0,0,0,0,0,0,0,0,0,0,0
3.801659,8206,32548,38187,0,0,0,0,0,0,0,0,0,0,0,0,0,0
3.820116,8205,32543,38179,0,0,0,0,0,0,0,0,0,0,0,0,0,0
3.821116,8204,32543,38174,0,0,0,0,0,0,0,0,0,0,0,0,0,0
3.841694,8203,32543,38172,0,0,0,0,0,0,0,0,0,0,0,0,0,0
3.842803,8202,32545,38171,0,0,0,0,0,0,0,0,0,0,0,0,0,0
3.861191,8206,32544,38169,0,0,0,0,0,0,0,0,0,0,0,0,0,0
3.862308,8204,32544,38181,0,0,0,0,0,0,0,0,0,0,0,0,0,0
3.880874,8211,32546,38185,0,0,0,0,0,0,0,0,0,0,0,0,0,0
3.881874,8213,32556,38202,0,0,0,0,0,0,0,0,0,0,0,0,0,0
3.899671,8216,32556,38207,0,0,0,0,0,0,0,0,0,0,0,0,0,0
3.90169,8220,32563,38220,0,0,0,0,0,0,0,0,0,0,0,0,0,0
3.920759,8222,32566,38225,0,0,0,0,0,0,0,0,0,0,0,0,0,0
3.921875,8225,32568,38228,0,0,0,0,0,0,0,0,0,0,0,0,0,0
3.940247,8230,32572,38231,0,0,0,0,0,0,0,0,0,0,0,0,0,0
3.941408,8232,32567,38232,0,0,0,0,0,0,0,0,0,0,0,0,0,0
3.949807,8232,32569,38234,0,0,0,0,0,0,0,0,0,0,0,0,0,0
3.970904,8236,32569,38239,0,0,0,0,0,0,0,0,0,0,0,0,0,0
3.972018,8236,32567,38240,0,0,0,0,0,0,0,0,0,0,0,0,0,0
3.990397,8238,32569,38240,0,0,0,0,0,0,0,0,0,0,0,0,0,0
3.991807,8235,32565,38234,0,0,0,0,0,0,0,0,0,0,0,0,0,0
4.009542,8239,32565,38236,0,0,0,0,0,0,0,0,0,0,0,0,0,0
4.011543,8240,32564,38241,0,0,0,0,0,0,0,0,0,0,0,0,0,0
4.03159,8246,32566,38246,0,0,0,0,0,0,0,0,0,0,0,0,0,0
4.03259,8245,32568,38250,0,0,0,0,0,0,0,0,0,0,0,0,0,0
4.049658,8252,32576,38262,0,0,0,0,0,0,0,0,0,0,0,0,0,0
4.051838,8257,32577,38267,0,0,0,0,0,0,0,0,0,0,0,0,0,0
4.070061,8258,32578,38277,0,0,0,0,0,0,0,0,0,0,0,0,0,0
4.072264,8260,32579,38271,0,0,0,0,0,0,0,0,0,0,0,0,0,0
4.091982,8262,32575,38272,0,0,0,0,0,0,0,0,0,0,0,0,0,0
4.093085,8263,32573,38262,0,0,0,0,0,0,0,0,0,0,0,0,0,0
4.10967,8262,32572,38266,0,0,0,0,0,0,0,0,0,0,0,0,0,0
4.111766,8268,32571,38260,0,0,0,0,0,0,0,0,0,0,0,0,0,0
4.130982,8267,32573,38274,0,0,0,0,0,0,0,0,0,0,0,0,0,0
4.131999,8268,32576,38278,0,0,0,0,0,0,0,0,0,0,0,0,0,0
4.149579,8272,32580,38280,0,0,0,0,0,0,0,0,0,0,0,0,0,0
4.151622,8275,32575,38283,0,0,0,0,0,0,0,0,0,0,0,0,0,0
4.171756,8277,32579,38288,0,0,0,0,0,0,0,0,0,0,0,0,0,0
4.173786,8280,32580,38288,0,0,0,0,0,0,0,0,0,0,0,0,0,0
4.181774,8281,32579,38293,0,0,0,0,0,0,0,0,0,0,0,0,0,0
4.186139,8284,32579,38294,0,0,0,0,0,0,0,0,0,0,0,0,0,0
4.200409,8286,32578,38295,0,0,0,0,0,0,0,0,0,0,0,0,0,0
4.220634,8287,32578,38289,0,0,0,0,0,0,0,0,0,0,0,0,0,0
4.221634,8287,32576,38292,0,0,0,0,0,0,0,0,0,0,0,0,0,0
4.241076,8290,32577,38292,0,0,0,0,0,0,0,0,0,0,0,0,0,0
4.242083,8294,32576,38294,0,0,0,0,0,0,0,0,0,0,0,0,0,0
4.261274,8294,32579,38300,0,0,0,0,0,0,0,0,0,0,0,0,0,0
4.262296,8295,32578,38300,0,0,0,0,0,0,0,0,0,0,0,0,0,0
4.280494,8301,32581,38306,0,0,0,0,0,0,0,0,0,0,0,0,0,0
4.281495,8301,32583,38315,0,0,0,0,0,0,0,0,0,0,0,0,0,0
4.300494,8308,32589,38323,0,0,0,0,0,0,0,0,0,0,0,0,0,0
4.301495,8308,32588,38329,0,0,0,0,0,0,0,0,0,0,0,0,0,0
4.321091,8310,32592,38330,0,0,0,0,0,0,0,0,0,0,0,0,0,0
4.322005,8314,32590,38332,0,0,0,0,0,0,0,0,0,0,0,0,0,0
4.340547,8315,32592,38330,0,0,0,0,0,0,0,0,0,0,0,0,0,0
4.341547,8319,32592,38336,0,0,0,0,0,0,0,0,0,0,0,0,0,0
4.360951,8319,32590,38339,0,0,0,0,0,0,0,0,0,0,0,0,0,0
4.362066,8322,32591,38342,0,0,0,0,0,0,0,0,0,0,0,0,0,0
4.38187,8322,32595,38347,0,0,0,0,0,0,0,0,0,0,0,0,0,0
4.382994,8329,32596,38354,0,0,0,0,0,0,0,0,0,0,0,0,0,0
4.400994,8331,32603,38360,0,0,0,0,0,0,0,0,0,0,0,0,0,0
4.401994,8334,32602,38365,0,0,0,0,0,0,0,0,0,0,0,0,0,0
4.420642,8331,32603,38364,0,0,0,0,0,0,0,0,0,0,0,0,0,0
4.421666,8336,32599,38360,0,0,0,0,0,0,0,0,0,0,0,0,0,0
4.429542,8338,32597,38349,0,0,0,0,0,0,0,0,0,0,0,0,0,0
4.452142,8338,32589,38341,0,0,0,0,0,0,0,0,0,0,0,0,0,0
4.454223,8339,32582,38331,0,0,0,0,0,0,0,0,0,0,0,0,0,0
4.469818,8339,32583,38328,0,0,0,0,0,0,0,0,0,0,0,0,0,0
4.472862,8339,32588,38325,0,0,0,0,0,0,0,0,0,0,0,0,0,0
4.490556,8341,32584,38326,0,0,0,0,0,0,0,0,0,0,0,0,0,0
4.492557,8342,32592,38332,0,0,0,0,0,0,0,0,0,0,0,0,0,0
4.509556,8348,32597,38340,0,0,0,0,0,0,0,0,0,0,0,0,0,0
4.511558,8350,32600,38342,0,0,0,0,0,0,0,0,0,0,0,0,0,0
4.531072,8354,32601,38346,0,0,0,0,0,0,0,0,0,0,0,0,0,0
4.532072,8350,32604,38342,0,0,0,0,0,0,0,0,0,0,0,0,0,0
4.549939,8352,32595,38339,0,0,0,0,0,0,0,0,0,0,0,0,0,0
4.552022,8351,32596,38330,0,0,0,0,0,0,0,0,0,0,0,0,0,0
4.569234,8351,32589,38329,0,0,0,0,0,0,0,0,0,0,0,0,0,0
4.571686,8351,32592,38324,0,0,0,0,0,0,0,0,0,0,0,0,0,0
4.590134,8350,32589,38327,0,0,0,0,0,0,0,0,0,0,0,0,0,0
4.591641,8352,32592,38321,0,0,0,0,0,0,0,0,0,0,0,0,0,0
4.609843,8352,32586,38321,0,0,0,0,0,0,0,0,0,0,0,0,0,0
4.611845,8352,32591,38320,0,0,0,0,0,0,0,0,0,0,0,0,0,0
4.630351,8354,32585,38320,0,0,0,0,0,0,0,0,0,0,0,0,0,0
4.632352,8354,32588,38319,0,0,0,0,0,0,0,0,0,0,0,0,0,0
4.650187,8355,32587,38329,0,0,0,0,0,0,0,0,0,0,0,0,0,0
4.651251,8360,32588,38332,0,0,0,0,0,0,0,0,0,0,0,0,0,0
4.659472,8362,32590,38338,0,0,0,0,0,0,0,0,0,0,0,0,0,0
4.680823,8361,32596,38344,0,0,0,0,0,0,0,0,0,0,0,0,0,0
4.681825,8369,32593,38345,0,0,0,0,0,0,0,0,0,0,0,0,0,0
4.700146,8367,32601,38352,0,0,0,0,0,0,0,0,0,0,0,0,0,0
4.701161,8368,32598,38357,0,0,0,0,0,0,0,0,0,0,0,0,0,0
4.721694,8372,32599,38358,0,0,0,0,0,0,0,0,0,0,0,0,0,0
4.723716,8371,32599,38358,0,0,0,0,0,0,0,0,0,0,0,0,0,0
4.741306,8375,32599,38364,0,0,0,0,0,0,0,0,0,0,0,0,0,0
4.742463,8376,32598,38360,0,0,0,0,0,0,0,0,0,0,0,0,0,0
4.76209,8377,32599,38361,0,0,0,0,0,0,0,0,0,0,0,0,0,0
4.763092,8382,32599,38368,0,0,0,0,0,0,0,0,0,0,0,0,0,0
4.780026,8383,32601,38372,0,0,0,0,0,0,0,0,0,0,0,0,0,0
4.781137,8388,32603,38370,0,0,0,0,0,0,0,0,0,0,0,0,0,0
4.801405,8387,32602,38378,0,0,0,0,0,0,0,0,0,0,0,0,0,0
4.803071,8389,32603,38377,0,0,0,0,0,0,0,0,0,0,0,0,0,0
4.822361,8389,32602,38373,0,0,0,0,0,0,0,0,0,0,0,0,0,0
4.824362,8391,32601,38373,0,0,0,0,0,0,0,0,0,0,0,0,0,0
4.840868,8388,32600,38370,0,0,0,0,0,0,0,0,0,0,0,0,0,0
4.841867,8392,32599,38368,0,0,0,0,0,0,0,0,0,0,0,0,0,0
4.859868,8392,32594,38363,0,0,0,0,0,0,0,0,0,0,0,0,0,0
4.861868,8395,32594,38362,0,0,0,0,0,0,0,0,0,0,0,0,0,0
4.882288,8394,32590,38361,0,0,0,0,0,0,0,0,0,0,0,0,0,0
4.883288,8396,32589,38357,0,0,0,0,0,0,0,0,0,0,0,0,0,0
4.892288,8395,32587,38352,0,0,0,0,0,0,0,0,0,0,0,0,0,0
4.910288,8397,32588,38356,0,0,0,0,0,0,0,0,0,0,0,0,0,0
4.912289,8396,32589,38355,0,0,0,0,0,0,0,0,0,0,0,0,0,0
4.929967,8397,32589,38358,0,0,0,0,0,0,0,0,0,0,0,0,0,0
4.932035,8401,32586,38358,0,0,0,0,0,0,0,0,0,0,0,0,0,0
4.951765,8400,32588,38363,0,0,0,0,0,0,0,0,0,0,0,0,0,0
4.953815,8404,32589,38366,0,0,0,0,0,0,0,0,0,0,0,0,0,0
4.971559,8405,32591,38371,0,0,0,0,0,0,0,0,0,0,0,0,0,0
4.972669,8405,32593,38371,0,0,0,0,0,0,0,0,0,0,0,0,0,0
4.990945,8407,32591,38376,0,0,0,0,0,0,0,0,0,0,0,0,0,0
4.991943,8411,32591,38372,0,0,0,0,0,0,0,0,0,0,0,0,0,0
5.011804,8409,32593,38375,0,0,0,0,0,0,0,0,0,0,0,0,0,0
5.012805,8411,32594,38380,0,0,0,0,0,0,0,0,0,0,0,0,0,0
5.029635,8410,32593,38378,0,0,0,0,0,0,0,0,0,0,0,0,0,0
5.031659,8413,32587,38379,0,0,0,0,0,0,0,0,0,0,0,0,0,0
5.050515,8414,32594,38385,0,0,0,0,0,0,0,0,0,0,0,0,0,0
5.051515,8415,32590,38379,0,0,0,0,0,0,0,0,0,0,0,0,0,0
5.072326,8414,32592,38381,0,0,0,0,0,0,0,0,0,0,0,0,0,0
5.07335,8414,32587,38377,0,0,0,0,0,0,0,0,0,0,0,0,0,0
5.091125,8417,32591,38385,0,0,0,0,0,0,0,0,0,0,0,0,0,0
5.092153,8419,32591,38388,0,0,0,0,0,0,0,0,0,0,0,0,0,0
5.111184,8418,32596,38395,0,0,0,0,0,0,0,0,0,0,0,0,0,0
5.112206,8427,32597,38396,0,0,0,0,0,0,0,0,0,0,0,0,0,0
5.119901,8425,32601,38394,0,0,0,0,0,0,0,0,0,0,0,0,0,0
5.12101,8427,32592,38396,0,0,0,0,0,0,0,0,0,0,0,0,0,0
5.139536,8424,32597,38398,0,0,0,0,0,0,0,0,0,0,0,0,0,0
5.159586,8427,32590,38393,0,0,0,0,0,0,0,0,0,0,0,0,0,0
5.161617,8428,32596,38391,0,0,0,0,0,0,0,0,0,0,0,0,0,0
5.180649,8427,32596,38388,0,0,0,0,0,0,0,0,0,0,0,0,0,0
5.181758,8424,32588,38382,0,0,0,0,0,0,0,0,0,0,0,0,0,0
5.19987,8427,32585,38374,0,0,0,0,0,0,0,0,0,0,0,0,0,0
5.200979,8423,32586,38373,0,0,0,0,0,0,0,0,0,0,0,0,0,0
5.22148,8427,32581,38363,0,0,0,0,0,0,0,0,0,0,0,0,0,0
5.222589,8426,32584,38363,0,0,0,0,0,0,0,0,0,0,0,0,0,0
5.240517,8428,32581,38361,0,0,0,0,0,0,0,0,0,0,0,0,0,0
5.241523,8427,32584,38364,0,0,0,0,0,0,0,0,0,0,0,0,0,0
5.261633,8429,32578,38362,0,0,0,0,0,0,0,0,0,0,0,0,0,0
5.262661,8429,32589,38361,0,0,0,0,0,0,0,0,0,0,0,0,0,0
5.280093,8428,32586,38356,0,0,0,0,0,0,0,0,0,0,0,0,0,0
5.281094,8425,32586,38353,0,0,0,0,0,0,0,0,0,0,0,0,0,0
5.299985,8426,32577,38344,0,0,0,0,0,0,0,0,0,0,0,0,0,0
5.301261,8425,32580,38337,0,0,0,0,0,0,0,0,0,0,0,0,0,0
5.321903,8423,32570,38331,0,0,0,0,0,0,0,0,0,0,0,0,0,0
5.322934,8418,32573,38324,0,0,0,0,0,0,0,0,0,0,0,0,0,0
5.339619,8418,32564,38320,0,0,0,0,0,0,0,0,0,0,0,0,0,0
5.341625,8420,32565,38318,0,0,0,0,0,0,0,0,0,0,0,0,0,0
5.361475,8419,32560,38312,0,0,0,0,0,0,0,0,0,0,0,0,0,0
5.362497,8415,32563,38313,0,0,0,0,0,0,0,0,0,0,0,0,0,0
5.370194,8415,32554,38309,0,0,0,0,0,0,0,0,0,0,0,0,0,0
5.391906,8414,32564,38313,0,0,0,0,0,0,0,0,0,0,0,0,0,0
5.392926,8413,32560,38314,0,0,0,0,0,0,0,0,0,0,0,0,0,0
5.410114,8416,32560,38317,0,0,0,0,0,0,0,0,0,0,0,0,0,0
5.412035,8420,32559,38319,0,0,0,0,0,0,0,0,0,0,0,0,0,0
5.430675,8420,32571,38329,0,0,0,0,0,0,0,0,0,0,0,0,0,0
5.431638,8421,32565,38333,0,0,0,0,0,0,0,0,0,0,0,0,0,0
5.452358,8425,32570,38336,0,0,0,0,0,0,0,0,0,0,0,0,0,0
5.454379,8426,32563,38333,0,0,0,0,0,0,0,0,0,0,0,0,0,0
5.470088,8428,32568,38337,0,0,0,0,0,0,0,0,0,0,0,0,0,0
5.472114,8428,32563,38335,0,0,0,0,0,0,0,0,0,0,0,0,0,0
5.489998,8428,32568,38339,0,0,0,0,0,0,0,0,0,0,0,0,0,0
5.491998,8429,32566,38338,0,0,0,0,0,0,0,0,0,0,0,0,0,0
5.510997,8432,32567,38345,0,0,0,0,0,0,0,0,0,0,0,0,0,0
5.511998,8435,32574,38352,0,0,0,0,0,0,0,0,0,0,0,0,0,0
5.530506,8437,32576,38358,0,0,0,0,0,0,0,0,0,0,0,0,0,0
5.531506,8438,32573,38364,0,0,0,0,0,0,0,0,0,0,0,0,0,0
5.55001,8440,32582,38366,0,0,0,0,0,0,0,0,0,0,0,0,0,0
5.557149,8440,32578,38366,0,0,0,0,0,0,0,0,0,0,0,0,0,0
5.569607,8441,32583,38374,0,0,0,0,0,0,0,0,0,0,0,0,0,0
5.571678,8445,32582,38375,0,0,0,0,0,0,0,0,0,0,0,0,0,0
5.591508,8443,32584,38380,0,0,0,0,0,0,0,0,0,0,0,0,0,0
5.592508,8446,32579,38374,0,0,0,0,0,0,0,0,0,0,0,0,0,0
5.601901,8448,32583,38376,0,0,0,0,0,0,0,0,0,0,0,0,0,0
5.620291,8448,32580,38374,0,0,0,0,0,0,0,0,0,0,0,0,0,0
5.621569,8446,32580,38373,0,0,0,0,0,0,0,0,0,0,0,0,0,0
5.640592,8453,32579,38377,0,0,0,0,0,0,0,0,0,0,0,0,0,0
5.641592,8453,32582,38377,0,0,0,0,0,0,0,0,0,0,0,0,0,0
5.66006,8455,32578,38382,0,0,0,0,0,0,0,0,0,0,0,0,0,0
5.662105,8453,32579,38383,0,0,0,0,0,0,0,0,0,0,0,0,0,0
5.681065,8460,32577,38382,0,0,0,0,0,0,0,0,0,0,0,0,0,0
5.682097,8455,32583,38385,0,0,0,0,0,0,0,0,0,0,0,0,0,0
5.701021,8459,32578,38384,0,0,0,0,0,0,0,0,0,0,0,0,0,0
5.702042,8460,32576,38386,0,0,0,0,0,0,0,0,0,0,0,0,0,0
5.720199,8462,32577,38387,0,0,0,0,0,0,0,0,0,0,0,0,0,0
5.721375,8461,32575,38384,0,0,0,0,0,0,0,0,0,0,0,0,0,0
5.74037,8467,32575,38385,0,0,0,0,0,0,0,0,0,0,0,0,0,0
5.741371,8465,32576,38388,0,0,0,0,0,0,0,0,0,0,0,0,0,0
5.760835,8465,32573,38385,0,0,0,0,0,0,0,0,0,0,0,0,0,0
5.761944,8466,32575,38387,0,0,0,0,0,0,0,0,0,0,0,0,0,0
5.780421,8470,32575,38387,0,0,0,0,0,0,0,0,0,0,0,0,0,0
5.782516,8469,32574,38386,0,0,0,0,0,0,0,0,0,0,0,0,0,0
5.799983,8472,32569,38390,0,0,0,0,0,0,0,0,0,0,0,0,0,0
5.801983,8471,32578,38392,0,0,0,0,0,0,0,0,0,0,0,0,0,0
5.820502,8476,32577,38400,0,0,0,0,0,0,0,0,0,0,0,0,0,0
5.821612,8478,32576,38405,0,0,0,0,0,0,0,0,0,0,0,0,0,0
5.830154,8479,32582,38404,0,0,0,0,0,0,0,0,0,0,0,0,0,0
5.849697,8476,32586,38408,0,0,0,0,0,0,0,0,0,0,0,0,0,0
5.851774,8482,32582,38412,0,0,0,0,0,0,0,0,0,0,0,0,0,0
5.871487,8479,32580,38411,0,0,0,0,0,0,0,0,0,0,0,0,0,0
5.872757,8482,32579,38406,0,0,0,0,0,0,0,0,0,0,0,0,0,0
5.89068,8479,32579,38407,0,0,0,0,0,0,0,0,0,0,0,0,0,0
5.891683,8485,32572,38400,0,0,0,0,0,0,0,0,0,0,0,0,0,0
5.910312,8479,32572,38399,0,0,0,0,0,0,0,0,0,0,0,0,0,0
5.911312,8482,32575,38396,0,0,0,0,0,0,0,0,0,0,0,0,0,0
5.930655,8479,32574,38397,0,0,0,0,0,0,0,0,0,0,0,0,0,0
5.931715,8483,32568,38398,0,0,0,0,0,0,0,0,0,0,0,0,0,0
5.950274,8483,32573,38397,0,0,0,0,0,0,0,0,0,0,0,0,0,0
5.951278,8487,32578,38398,0,0,0,0,0,0,0,0,0,0,0,0,0,0
5.970783,8482,32575,38402,0,0,0,0,0,0,0,0,0,0,0,0,0,0
5.971788,8489,32574,38401,0,0,0,0,0,0,0,0,0,0,0,0,0,0
5.991654,8485,32579,38400,0,0,0,0,0,0,0,0,0,0,0,0,0,0
5.992654,8488,32574,38391,0,0,0,0,0,0,0,0,0,0,0,0,0,0
6.009577,8487,32574,38384,0,0,0,0,0,0,0,0,0,0,0,0,0,0
6.01164,8487,32571,38385,0,0,0,0,0,0,0,0,0,0,0,0,0,0
6.031068,8483,32570,38379,0,0,0,0,0,0,0,0,0,0,0,0,0,0
6.033068,8487,32562,38373,0,0,0,0,0,0,0,0,0,0,0,0,0,0
6.050943,8483,32566,38374,0,0,0,0,0,0,0,0,0,0,0,0,0,0
6.052052,8489,32560,38372,0,0,0,0,0,0,0,0,0,0,0,0,0,0
6.061481,8485,32565,38370,0,0,0,0,0,0,0,0,0,0,0,0,0,0
6.063481,8488,32566,38370,0,0,0,0,0,0,0,0,0,0,0,0,0,0
6.081871,8486,32565,38369,0,0,0,0,0,0,0,0,0,0,0,0,0,0
6.100394,8491,32564,38375,0,0,0,0,0,0,0,0,0,0,0,0,0,0
6.101398,8490,32570,38377,0,0,0,0,0,0,0,0,0,0,0,0,0,0
6.120395,8488,32565,38374,0,0,0,0,0,0,0,0,0,0,0,0,0,0
6.121499,8492,32563,38377,0,0,0,0,0,0,0,0,0,0,0,0,0,0
6.139797,8491,32564,38380,0,0,0,0,0,0,0,0,0,0,0,0,0,0
6.140949,8494,32566,38385,0,0,0,0,0,0,0,0,0,0,0,0,0,0
6.161003,8496,32573,38390,0,0,0,0,0,0,0,0,0,0,0,0,0,0
6.162027,8497,32571,38397,0,0,0,0,0,0,0,0,0,0,0,0,0,0
6.180825,8499,32576,38400,0,0,0,0,0,0,0,0,0,0,0,0,0,0
6.182331,8498,32572,38399,0,0,0,0,0,0,0,0,0,0,0,0,0,0
6.199509,8500,32574,38400,0,0,0,0,0,0,0,0,0,0,0,0,0,0
6.201698,8501,32572,38397,0,0,0,0,0,0,0,0,0,0,0,0,0,0
6.220794,8500,32570,38397,0,0,0,0,0,0,0,0,0,0,0,0,0,0
6.221814,8505,32569,38398,0,0,0,0,0,0,0,0,0,0,0,0,0,0
6.239488,8505,32574,38406,0,0,0,0,0,0,0,0,0,0,0,0,0,0
6.241946,8508,32576,38411,0,0,0,0,0,0,0,0,0,0,0,0,0,0
6.260812,8509,32577,38412,0,0,0,0,0,0,0,0,0,0,0,0,0,0
6.261922,8512,32580,38419,0,0,0,0,0,0,0,0,0,0,0,0,0,0
6.279809,8511,32578,38419,0,0,0,0,0,0,0,0,0,0,0,0,0,0
6.281809,8515,32578,38422,0,0,0,0,0,0,0,0,0,0,0,0,0,0
6.300316,8513,32578,38424,0,0,0,0,0,0,0,0,0,0,0,0,0,0
6.302316,8515,32578,38422,0,0,0,0,0,0,0,0,0,0,0,0,0,0
6.311316,8514,32581,38419,0,0,0,0,0,0,0,0,0,0,0,0,0,0
6.33171,8519,32576,38421,0,0,0,0,0,0,0,0,0,0,0,0,0,0
6.33271,8514,32577,38418,0,0,0,0,0,0,0,0,0,0,0,0,0,0
6.349764,8519,32576,38421,0,0,0,0,0,0,0,0,0,0,0,0,0,0
6.351813,8515,32575,38419,0,0,0,0,0,0,0,0,0,0,0,0,0,0
6.371795,8519,32576,38421,0,0,0,0,0,0,0,0,0,0,0,0,0,0
6.372817,8520,32574,38418,0,0,0,0,0,0,0,0,0,0,0,0,0,0
6.391991,8522,32577,38419,0,0,0,0,0,0,0,0,0,0,0,0,0,0
6.393043,8523,32577,38422,0,0,0,0,0,0,0,0,0,0,0,0,0,0
6.410951,8525,32577,38427,0,0,0,0,0,0,0,0,0,0,0,0,0,0
6.41207,8524,32583,38431,0,0,0,0,0,0,0,0,0,0,0,0,0,0
6.430191,8527,32581,38434,0,0,0,0,0,0,0,0,0,0,0,0,0,0
6.431199,8530,32583,38438,0,0,0,0,0,0,0,0,0,0,0,0,0,0
6.450469,8530,32583,38444,0,0,0,0,0,0,0,0,0,0,0,0,0,0
6.451643,8533,32584,38445,0,0,0,0,0,0,0,0,0,0,0,0,0,0
6.471218,8528,32584,38452,0,0,0,0,0,0,0,0,0,0,0,0,0,0
6.472322,8534,32587,38453,0,0,0,0,0,0,0,0,0,0,0,0,0,0
6.490328,8537,32586,38455,0,0,0,0,0,0,0,0,0,0,0,0,0,0
6.491348,8536,32590,38452,0,0,0,0,0,0,0,0,0,0,0,0,0,0
6.510315,8537,32585,38455,0,0,0,0,0,0,0,0,0,0,0,0,0,0
6.511423,8536,32585,38450,0,0,0,0,0,0,0,0,0,0,0,0,0,0
6.530323,8539,32580,38447,0,0,0,0,0,0,0,0,0,0,0,0,0,0
6.531323,8540,32575,38439,0,0,0,0,0,0,0,0,0,0,0,0,0,0
6.539902,8540,32571,38435,0,0,0,0,0,0,0,0,0,0,0,0,0,0
6.559692,8535,32574,38438,0,0,0,0,0,0,0,0,0,0,0,0,0,0
6.561717,8539,32573,38434,0,0,0,0,0,0,0,0,0,0,0,0,0,0
6.580801,8543,32572,38437,0,0,0,0,0,0,0,0,0,0,0,0,0,0
6.581829,8542,32579,38439,0,0,0,0,0,0,0,0,0,0,0,0,0,0
6.602265,8539,32572,38441,0,0,0,0,0,0,0,0,0,0,0,0,0,0
6.603285,8544,32575,38438,0,0,0,0,0,0,0,0,0,0,0,0,0,0
6.619622,8539,32570,38435,0,0,0,0,0,0,0,0,0,0,0,0,0,0
6.621666,8544,32569,38429,0,0,0,0,0,0,0,0,0,0,0,0,0,0
6.639714,8538,32565,38423,0,0,0,0,0,0,0,0,0,0,0,0,0,0
6.641825,8539,32560,38416,0,0,0,0,0,0,0,0,0,0,0,0,0,0
6.659558,8537,32556,38408,0,0,0,0,0,0,0,0,0,0,0,0,0,0
6.661608,8538,32555,38405,0,0,0,0,0,0,0,0,0,0,0,0,0,0
6.680395,8533,32553,38404,0,0,0,0,0,0,0,0,0,0,0,0,0,0
6.681442,8539,32556,38403,0,0,0,0,0,0,0,0,0,0,0,0,0,0
6.701559,8538,32557,38399,0,0,0,0,0,0,0,0,0,0,0,0,0,0
6.70255,8541,32559,38402,0,0,0,0,0,0,0,0,0,0,0,0,0,0
6.719551,8538,32559,38406,0,0,0,0,0,0,0,0,0,0,0,0,0,0
6.721551,8542,32562,38408,0,0,0,0,0,0,0,0,0,0,0,0,0,0
6.739666,8538,32558,38403,0,0,0,0,0,0,0,0,0,0,0,0,0,0
6.741879,8544,32560,38397,0,0,0,0,0,0,0,0,0,0,0,0,0,0
6.760592,8540,32554,38389,0,0,0,0,0,0,0,0,0,0,0,0,0,0
6.761763,8538,32552,38381,0,0,0,0,0,0,0,0,0,0,0,0,0,0
6.769899,8530,32548,38371,0,0,0,0,0,0,0,0,0,0,0,0,0,0
6.791955,8537,32549,38371,0,0,0,0,0,0,0,0,0,0,0,0,0,0
6.792956,8532,32549,38368,0,0,0,0,0,0,0,0,0,0,0,0,0,0
6.810955,8536,32549,38379,0,0,0,0,0,0,0,0,0,0,0,0,0,0
6.812342,8530,32550,38375,0,0,0,0,0,0,0,0,0,0,0,0,0,0
6.830041,8536,32552,38377,0,0,0,0,0,0,0,0,0,0,0,0,0,0
6.832041,8530,32552,38384,0,0,0,0,0,0,0,0,0,0,0,0,0,0
6.852041,8538,32556,38384,0,0,0,0,0,0,0,0,0,0,0,0,0,0
6.853041,8537,32555,38389,0,0,0,0,0,0,0,0,0,0,0,0,0,0
6.870875,8541,32558,38394,0,0,0,0,0,0,0,0,0,0,0,0,0,0
6.871875,8540,32560,38407,0,0,0,0,0,0,0,0,0,0,0,0,0,0
6.889645,8545,32564,38412,0,0,0,0,0,0,0,0,0,0,0,0,0,0
6.891645,8545,32563,38414,0,0,0,0,0,0,0,0,0,0,0,0,0,0
6.912207,8550,32565,38416,0,0,0,0,0,0,0,0,0,0,0,0,0,0
6.914227,8549,32563,38417,0,0,0,0,0,0,0,0,0,0,0,0,0,0
6.932358,8553,32566,38415,0,0,0,0,0,0,0,0,0,0,0,0,0,0
6.933393,8547,32558,38412,0,0,0,0,0,0,0,0,0,0,0,0,0,0
6.950139,8554,32563,38413,0,0,0,0,0,0,0,0,0,0,0,0,0,0
6.951206,8554,32556,38411,0,0,0,0,0,0,0,0,0,0,0,0,0,0
6.969652,8554,32564,38417,0,0,0,0,0,0,0,0,0,0,0,0,0,0
6.971755,8552,32563,38423,0,0,0,0,0,0,0,0,0,0,0,0,0,0
6.990198,8562,32568,38434,0,0,0,0,0,0,0,0,0,0,0,0,0,0
6.991238,8560,32571,38437,0,0,0,0,0,0,0,0,0,0,0,0,0,0
6.999636,8564,32574,38444,0,0,0,0,0,0,0,0,0,0,0,0,0,0
7.001636,8567,32576,38448,0,0,0,0,0,0,0,0,0,0,0,0,0,0
7.019815,8570,32577,38453,0,0,0,0,0,0,0,0,0,0,0,0,0,0
7.039277,8567,32572,38451,0,0,0,0,0,0,0,0,0,0,0,0,0,0
7.041549,8567,32572,38450,0,0,0,0,0,0,0,0,0,0,0,0,0,0
7.059486,8569,32569,38449,0,0,0,0,0,0,0,0,0,0,0,0,0,0
7.061918,8573,32569,38446,0,0,0,0,0,0,0,0,0,0,0,0,0,0
7.082228,8570,32566,38438,0,0,0,0,0,0,0,0,0,0,0,0,0,0
7.083257,8568,32563,38438,0,0,0,0,0,0,0,0,0,0,0,0,0,0
7.099838,8571,32564,38440,0,0,0,0,0,0,0,0,0,0,0,0,0,0
7.101839,8573,32566,38440,0,0,0,0,0,0,0,0,0,0,0,0,0,0
7.120149,8571,32565,38441,0,0,0,0,0,0,0,0,0,0,0,0,0,0
7.121576,8576,32566,38443,0,0,0,0,0,0,0,0,0,0,0,0,0,0
7.14096,8574,32566,38446,0,0,0,0,0,0,0,0,0,0,0,0,0,0
7.141994,8576,32569,38449,0,0,0,0,0,0,0,0,0,0,0,0,0,0
7.162146,8577,32566,38446,0,0,0,0,0,0,0,0,0,0,0,0,0,0
7.163146,8577,32567,38448,0,0,0,0,0,0,0,0,0,0,0,0,0,0
7.18156,8576,32564,38447,0,0,0,0,0,0,0,0,0,0,0,0,0,0
7.182665,8579,32565,38444,0,0,0,0,0,0,0,0,0,0,0,0,0,0
7.199805,8578,32566,38446,0,0,0,0,0,0,0,0,0,0,0,0,0,0
7.20094,8576,32563,38444,0,0,0,0,0,0,0,0,0,0,0,0,0,0
7.22078,8578,32568,38445,0,0,0,0,0,0,0,0,0,0,0,0,0,0
7.221814,8585,32566,38446,0,0,0,0,0,0,0,0,0,0,0,0,0,0
7.241339,8581,32564,38447,0,0,0,0,0,0,0,0,0,0,0,0,0,0
7.242529,8583,32564,38446,0,0,0,0,0,0,0,0,0,0,0,0,0,0
7.249821,8583,32560,38443,0,0,0,0,0,0,0,0,0,0,0,0,0,0
7.27191,8584,32562,38440,0,0,0,0,0,0,0,0,0,0,0,0,0,0
7.272935,8583,32563,38439,0,0,0,0,0,0,0,0,0,0,0,0,0,0
7.290372,8587,32559,38441,0,0,0,0,0,0,0,0,0,0,0,0,0,0
7.292412,8583,32561,38439,0,0,0,0,0,0,0,0,0,0,0,0,0,0
7.309694,8587,32559,38442,0,0,0,0,0,0,0,0,0,0,0,0,0,0
7.311106,8586,32562,38444,0,0,0,0,0,0,0,0,0,0,0,0,0,0
7.330374,8586,32561,38446,0,0,0,0,0,0,0,0,0,0,0,0,0,0
7.331579,8589,32561,38449,0,0,0,0,0,0,0,0,0,0,0,0,0,0
7.349912,8589,32564,38449,0,0,0,0,0,0,0,0,0,0,0,0,0,0
7.351912,8591,32563,38453,0,0,0,0,0,0,0,0,0,0,0,0,0,0
7.370212,8589,32560,38453,0,0,0,0,0,0,0,0,0,0,0,0,0,0
7.371955,8592,32560,38448,0,0,0,0,0,0,0,0,0,0,0,0,0,0
7.390448,8591,32557,38444,0,0,0,0,0,0,0,0,0,0,0,0,0,0
7.391448,8593,32556,38442,0,0,0,0,0,0,0,0,0,0,0,0,0,0
7.41048,8592,32556,38442,0,0,0,0,0,0,0,0,0,0,0,0,0,0
7.411591,8595,32558,38440,0,0,0,0,0,0,0,0,0,0,0,0,0,0
7.432351,8593,32556,38436,0,0,0,0,0,0,0,0,0,0,0,0,0,0
7.43345,8593,32555,38430,0,0,0,0,0,0,0,0,0,0,0,0,0,0
7.450885,8589,32552,38422,0,0,0,0,0,0,0,0,0,0,0,0,0,0
7.451885,8590,32552,38418,0,0,0,0,0,0,0,0,0,0,0,0,0,0
7.470675,8590,32549,38416,0,0,0,0,0,0,0,0,0,0,0,0,0,0
7.471689,8589,32550,38415,0,0,0,0,0,0,0,0,0,0,0,0,0,0
7.480997,8589,32552,38415,0,0,0,0,0,0,0,0,0,0,0,0,0,0
7.500609,8589,32554,38416,0,0,0,0,0,0,0,0,0,0,0,0,0,0
7.501647,8588,32557,38421,0,0,0,0,0,0,0,0,0,0,0,0,0,0
7.520442,8588,32554,38414,0,0,0,0,0,0,0,0,0,0,0,0,0,0
7.521441,8588,32551,38411,0,0,0,0,0,0,0,0,0,0,0,0,0,0
7.539512,8588,32549,38399,0,0,0,0,0,0,0,0,0,0,0,0,0,0
7.541714,8584,32545,38393,0,0,0,0,0,0,0,0,0,0,0,0,0,0
7.560111,8583,32543,38390,0,0,0,0,0,0,0,0,0,0,0,0,0,0
7.56111,8582,32544,38389,0,0,0,0,0,0,0,0,0,0,0,0,0,0
7.582268,8584,32541,38393,0,0,0,0,0,0,0,0,0,0,0,0,0,0
7.58329,8589,32543,38395,0,0,0,0,0,0,0,0,0,0,0,0,0,0
7.600542,8585,32548,38402,0,0,0,0,0,0,0,0,0,0,0,0,0,0
7.601573,8591,32553,38410,0,0,0,0,0,0,0,0,0,0,0,0,0,0
7.621087,8591,32553,38419,0,0,0,0,0,0,0,0,0,0,0,0,0,0
7.622087,8594,32557,38429,0,0,0,0,0,0,0,0,0,0,0,0,0,0
7.640262,8598,32561,38435,0,0,0,0,0,0,0,0,0,0,0,0,0,0
7.642262,8597,32565,38441,0,0,0,0,0,0,0,0,0,0,0,0,0,0
7.660664,8599,32566,38447,0,0,0,0,0,0,0,0,0,0,0,0,0,0
7.661692,8603,32569,38453,0,0,0,0,0,0,0,0,0,0,0,0,0,0
7.679738,8605,32569,38456,0,0,0,0,0,0,0,0,0,0,0,0,0,0
7.681787,8607,32569,38457,0,0,0,0,0,0,0,0,0,0,0,0,0,0
7.700521,8610,32572,38462,0,0,0,0,0,0,0,0,0,0,0,0,0,0
7.701521,8611,32576,38469,0,0,0,0,0,0,0,0,0,0,0,0,0,0
7.719523,8615,32579,38476,0,0,0,0,0,0,0,0,0,0,0,0,0,0
7.721523,8618,32581,38486,0,0,0,0,0,0,0,0,0,0,0,0,0,0
7.742184,8620,32587,38493,0,0,0,0,0,0,0,0,0,0,0,0,0,0
7.743455,8623,32589,38495,0,0,0,0,0,0,0,0,0,0,0,0,0,0
7.750166,8624,32594,38502,0,0,0,0,0,0,0,0,0,0,0,0,0,0
7.769757,8629,32597,38507,0,0,0,0,0,0,0,0,0,0,0,0,0,0
7.771781,8634,32599,38514,0,0,0,0,0,0,0,0,0,0,0,0,0,0
7.790878,8631,32598,38516,0,0,0,0,0,0,0,0,0,0,0,0,0,0
7.792343,8634,32605,38520,0,0,0,0,0,0,0,0,0,0,0,0,0,0
7.811539,8640,32605,38523,0,0,0,0,0,0,0,0,0,0,0,0,0,0
7.812547,8640,32606,38522,0,0,0,0,0,0,0,0,0,0,0,0,0,0
7.831567,8642,32602,38527,0,0,0,0,0,0,0,0,0,0,0,0,0,0
7.832567,8644,32604,38528,0,0,0,0,0,0,0,0,0,0,0,0,0,0
7.850567,8642,32606,38525,0,0,0,0,0,0,0,0,0,0,0,0,0,0
7.851567,8642,32607,38531,0,0,0,0,0,0,0,0,0,0,0,0,0,0
7.870328,8649,32611,38536,0,0,0,0,0,0,0,0,0,0,0,0,0,0
7.871328,8650,32615,38545,0,0,0,0,0,0,0,0,0,0,0,0,0,0
7.890528,8653,32620,38551,0,0,0,0,0,0,0,0,0,0,0,0,0,0
7.891566,8655,32619,38560,0,0,0,0,0,0,0,0,0,0,0,0,0,0
7.90999,8654,32626,38561,0,0,0,0,0,0,0,0,0,0,0,0,0,0
7.911991,8654,32625,38561,0,0,0,0,0,0,0,0,0,0,0,0,0,0
7.931917,8658,32624,38561,0,0,0,0,0,0,0,0,0,0,0,0,0,0
7.932921,8659,32624,38563,0,0,0,0,0,0,0,0,0,0,0,0,0,0
7.95101,8660,32624,38566,0,0,0,0,0,0,0,0,0,0,0,0,0,0
7.952035,8661,32626,38575,0,0,0,0,0,0,0,0,0,0,0,0,0,0
7.96982,8665,32631,38574,0,0,0,0,0,0,0,0,0,0,0,0,0,0
7.97182,8665,32630,38576,0,0,0,0,0,0,0,0,0,0,0,0,0,0
7.980838,8667,32626,38572,0,0,0,0,0,0,0,0,0,0,0,0,0,0
8.00105,8664,32628,38573,0,0,0,0,0,0,0,0,0,0,0,0,0,0
8.002047,8664,32625,38569,0,0,0,0,0,0,0,0,0,0,0,0,0,0
8.020103,8660,32622,38564,0,0,0,0,0,0,0,0,0,0,0,0,0,0
8.021101,8664,32623,38561,0,0,0,0,0,0,0,0,0,0,0,0,0,0
8.04072,8666,32619,38565,0,0,0,0,0,0,0,0,0,0,0,0,0,0
8.042721,8666,32622,38563,0,0,0,0,0,0,0,0,0,0,0,0,0,0
8.060356,8668,32622,38569,0,0,0,0,0,0,0,0,0,0,0,0,0,0
8.061382,8672,32624,38568,0,0,0,0,0,0,0,0,0,0,0,0,0,0
8.080284,8672,32624,38574,0,0,0,0,0,0,0,0,0,0,0,0,0,0
8.081284,8672,32627,38572,0,0,0,0,0,0,0,0,0,0,0,0,0,0
8.100568,8669,32621,38572,0,0,0,0,0,0,0,0,0,0,0,0,0,0
8.101591,8671,32621,38569,0,0,0,0,0,0,0,0,0,0,0,0,0,0
8.120717,8670,32617,38561,0,0,0,0,0,0,0,0,0,0,0,0,0,0
8.121886,8674,32615,38552,0,0,0,0,0,0,0,0,0,0,0,0,0,0
8.14036,8674,32613,38547,0,0,0,0,0,0,0,0,0,0,0,0,0,0
8.141388,8671,32610,38546,0,0,0,0,0,0,0,0,0,0,0,0,0,0
8.160059,8673,32616,38549,0,0,0,0,0,0,0,0,0,0,0,0,0,0
8.162285,8675,32620,38555,0,0,0,0,0,0,0,0,0,0,0,0,0,0
8.181811,8678,32619,38558,0,0,0,0,0,0,0,0,0,0,0,0,0,0
8.182825,8680,32625,38562,0,0,0,0,0,0,0,0,0,0,0,0,0,0
8.201593,0,0,0,0,0,0,0,0,0,0,0,0,0,0,0,0,0
8.202592,8682,32626,38562,0,0,0,0,0,0,0,0,0,0,0,0,0,0
8.209738,8683,32632,38569,0,0,0,0,0,0,0,0,0,0,0,0,0,0
8.22986,8686,32634,38573,0,0,0,0,0,0,0,0,0,0,0,0,0,0
8.231864,8685,32637,38580,0,0,0,0,0,0,0,0,0,0,0,0,0,0
8.25121,8687,32644,38582,0,0,0,0,0,0,0,0,0,0,0,0,0,0
8.252237,8691,32651,38598,0,0,0,0,0,0,0,0,0,0,0,0,0,0
8.269582,8693,32661,38608,0,0,0,0,0,0,0,0,0,0,0,0,0,0
8.274117,8700,32669,38617,0,0,0,0,0,0,0,0,0,0,0,0,0,0
8.291995,8705,32676,38633,0,0,0,0,0,0,0,0,0,0,0,0,0,0
8.293225,8709,32682,38641,0,0,0,0,0,0,0,0,0,0,0,0,0,0
8.309517,8716,32693,38654,0,0,0,0,0,0,0,0,0,0,0,0,0,0
8.311638,8721,32705,38672,0,0,0,0,0,0,0,0,0,0,0,0,0,0
8.330293,8726,32719,38693,0,0,0,0,0,0,0,0,0,0,0,0,0,0
8.331469,8735,32734,38704,0,0,0,0,0,0,0,0,0,0,0,0,0,0
8.350491,8739,32741,38711,0,0,0,0,0,0,0,0,0,0,0,0,0,0
8.35249,8742,32750,38726,0,0,0,0,0,0,0,0,0,0,0,0,0,0
8.37149,8748,32757,38729,0,0,0,0,0,0,0,0,0,0,0,0,0,0
8.372489,8750,32762,38736,0,0,0,0,0,0,0,0,0,0,0,0,0,0
8.389997,8747,32760,38738,0,0,0,0,0,0,0,0,0,0,0,0,0,0
8.390998,8751,32765,38739,0,0,0,0,0,0,0,0,0,0,0,0,0,0
8.409998,8751,32768,38738,0,0,0,0,0,0,0,0,0,0,0,0,0,0
8.411998,8754,32765,38740,0,0,0,0,0,0,0,0,0,0,0,0,0,0
8.430536,8754,32766,38736,0,0,0,0,0,0,0,0,0,0,0,0,0,0
8.43154,8757,32771,38746,0,0,0,0,0,0,0,0,0,0,0,0,0,0
8.451859,8760,32772,38752,0,0,0,0,0,0,0,0,0,0,0,0,0,0
8.45386,8761,32776,38757,0,0,0,0,0,0,0,0,0,0,0,0,0,0
8.470364,8763,32779,38759,0,0,0,0,0,0,0,0,0,0,0,0,0,0
8.471363,8765,32786,38767,0,0,0,0,0,0,0,0,0,0,0,0,0,0
8.490501,8765,32780,38767,0,0,0,0,0,0,0,0,0,0,0,0,0,0
8.492503,8766,32784,38765,0,0,0,0,0,0,0,0,0,0,0,0,0,0
8.500503,8769,32783,38768,0,0,0,0,0,0,0,0,0,0,0,0,0,0
8.520505,8768,32784,38768,0,0,0,0,0,0,0,0,0,0,0,0,0,0
8.521505,8769,32786,38764,0,0,0,0,0,0,0,0,0,0,0,0,0,0
8.540699,8771,32783,38766,0,0,0,0,0,0,0,0,0,0,0,0,0,0
8.541972,8771,32785,38762,0,0,0,0,0,0,0,0,0,0,0,0,0,0
8.559551,8772,32787,38763,0,0,0,0,0,0,0,0,0,0,0,0,0,0
8.562622,8769,32783,38762,0,0,0,0,0,0,0,0,0,0,0,0,0,0
8.581991,8771,32782,38764,0,0,0,0,0,0,0,0,0,0,0,0,0,0
8.583066,8773,32783,38767,0,0,0,0,0,0,0,0,0,0,0,0,0,0
8.601326,8774,32788,38771,0,0,0,0,0,0,0,0,0,0,0,0,0,0
8.603325,8776,32788,38768,0,0,0,0,0,0,0,0,0,0,0,0,0,0
8.622018,8772,32789,38774,0,0,0,0,0,0,0,0,0,0,0,0,0,0
8.62304,8779,32788,38771,0,0,0,0,0,0,0,0,0,0,0,0,0,0
8.640096,8777,32784,38765,0,0,0,0,0,0,0,0,0,0,0,0,0,0
8.641174,8776,32784,38763,0,0,0,0,0,0,0,0,0,0,0,0,0,0
8.659583,8777,32780,38765,0,0,0,0,0,0,0,0,0,0,0,0,0,0
8.661583,8776,32779,38761,0,0,0,0,0,0,0,0,0,0,0,0,0,0
8.679783,8777,32776,38763,0,0,0,0,0,0,0,0,0,0,0,0,0,0
8.681829,8778,32774,38760,0,0,0,0,0,0,0,0,0,0,0,0,0,0
8.701146,8778,32776,38764,0,0,0,0,0,0,0,0,0,0,0,0,0,0
8.702146,8779,32773,38756,0,0,0,0,0,0,0,0,0,0,0,0,0,0
8.720056,8779,32773,38762,0,0,0,0,0,0,0,0,0,0,0,0,0,0
8.721505,8779,32776,38757,0,0,0,0,0,0,0,0,0,0,0,0,0,0
8.731526,8777,32771,38759,0,0,0,0,0,0,0,0,0,0,0,0,0,0
8.732529,8779,32770,38758,0,0,0,0,0,0,0,0,0,0,0,0,0,0
8.750202,8777,32771,38762,0,0,0,0,0,0,0,0,0,0,0,0,0,0
8.769952,8778,32768,38750,0,0,0,0,0,0,0,0,0,0,0,0,0,0
8.771953,8779,32768,38755,0,0,0,0,0,0,0,0,0,0,0,0,0,0
8.789955,8778,32763,38742,0,0,0,0,0,0,0,0,0,0,0,0,0,0
8.791969,8776,32758,38740,0,0,0,0,0,0,0,0,0,0,0,0,0,0
8.810192,8776,32754,38726,0,0,0,0,0,0,0,0,0,0,0,0,0,0
8.811217,8775,32752,38726,0,0,0,0,0,0,0,0,0,0,0,0,0,0
8.829493,8776,32748,38720,0,0,0,0,0,0,0,0,0,0,0,0,0,0
8.832014,8774,32746,38719,0,0,0,0,0,0,0,0,0,0,0,0,0,0
8.850105,8775,32747,38715,0,0,0,0,0,0,0,0,0,0,0,0,0,0
8.852126,8773,32742,38708,0,0,0,0,0,0,0,0,0,0,0,0,0,0
8.871877,8775,32740,38706,0,0,0,0,0,0,0,0,0,0,0,0,0,0
8.873877,8775,32743,38705,0,0,0,0,0,0,0,0,0,0,0,0,0,0
8.891359,8772,32742,38703,0,0,0,0,0,0,0,0,0,0,0,0,0,0
8.892865,8774,32742,38704,0,0,0,0,0,0,0,0,0,0,0,0,0,0
8.910439,8775,32745,38704,0,0,0,0,0,0,0,0,0,0,0,0,0,0
8.911453,8772,32748,38697,0,0,0,0,0,0,0,0,0,0,0,0,0,0
8.92992,8774,32746,38692,0,0,0,0,0,0,0,0,0,0,0,0,0,0
8.931427,8772,32744,38686,0,0,0,0,0,0,0,0,0,0,0,0,0,0
8.950807,8770,32737,38676,0,0,0,0,0,0,0,0,0,0,0,0,0,0
8.951829,8769,32735,38671,0,0,0,0,0,0,0,0,0,0,0,0,0,0
8.971535,8764,32729,38662,0,0,0,0,0,0,0,0,0,0,0,0,0,0
8.97353,8765,32729,38660,0,0,0,0,0,0,0,0,0,0,0,0,0,0
8.981699,8761,32729,38661,0,0,0,0,0,0,0,0,0,0,0,0,0,0
9.001692,8763,32725,38661,0,0,0,0,0,0,0,0,0,0,0,0,0,0
9.002712,8764,32731,38664,0,0,0,0,0,0,0,0,0,0,0,0,0,0
9.02175,8764,32731,38669,0,0,0,0,0,0,0,0,0,0,0,0,0,0
9.022762,8767,32735,38672,0,0,0,0,0,0,0,0,0,0,0,0,0,0
9.040675,8766,32734,38681,0,0,0,0,0,0,0,0,0,0,0,0,0,0
9.042675,8771,32740,38685,0,0,0,0,0,0,0,0,0,0,0,0,0,0
9.059979,8773,32743,38697,0,0,0,0,0,0,0,0,0,0,0,0,0,0
9.061979,8774,32747,38702,0,0,0,0,0,0,0,0,0,0,0,0,0,0
9.080805,8775,32746,38712,0,0,0,0,0,0,0,0,0,0,0,0,0,0
9.0818,8778,32744,38706,0,0,0,0,0,0,0,0,0,0,0,0,0,0
9.100872,8781,32744,38706,0,0,0,0,0,0,0,0,0,0,0,0,0,0
9.101879,8778,32745,38704,0,0,0,0,0,0,0,0,0,0,0,0,0,0
9.121515,8777,32743,38705,0,0,0,0,0,0,0,0,0,0,0,0,0,0
9.122529,8780,32742,38708,0,0,0,0,0,0,0,0,0,0,0,0,0,0
9.140349,8781,32741,38710,0,0,0,0,0,0,0,0,0,0,0,0,0,0
9.141364,8783,32746,38711,0,0,0,0,0,0,0,0,0,0,0,0,0,0
9.159895,8783,32746,38717,0,0,0,0,0,0,0,0,0,0,0,0,0,0
9.160895,8785,32752,38724,0,0,0,0,0,0,0,0,0,0,0,0,0,0
9.180322,8790,32752,38731,0,0,0,0,0,0,0,0,0,0,0,0,0,0
9.181322,8791,32762,38742,0,0,0,0,0,0,0,0,0,0,0,0,0,0
9.199829,8795,32767,38751,0,0,0,0,0,0,0,0,0,0,0,0,0,0
9.202829,8795,32771,38760,0,0,0,0,0,0,0,0,0,0,0,0,0,0
9.209829,8800,32774,38767,0,0,0,0,0,0,0,0,0,0,0,0,0,0
9.231432,8803,32777,38773,0,0,0,0,0,0,0,0,0,0,0,0,0,0
9.232436,8803,32778,38773,0,0,0,0,0,0,0,0,0,0,0,0,0,0
9.251047,8801,32776,38768,0,0,0,0,0,0,0,0,0,0,0,0,0,0
9.252072,8800,32772,38763,0,0,0,0,0,0,0,0,0,0,0,0,0,0
9.27019,8802,32768,38757,0,0,0,0,0,0,0,0,0,0,0,0,0,0
9.271211,8802,32764,38749,0,0,0,0,0,0,0,0,0,0,0,0,0,0
9.29023,8800,32771,38751,0,0,0,0,0,0,0,0,0,0,0,0,0,0
9.291259,8801,32766,38746,0,0,0,0,0,0,0,0,0,0,0,0,0,0
9.310605,8802,32766,38750,0,0,0,0,0,0,0,0,0,0,0,0,0,0
9.31163,8805,32767,38755,0,0,0,0,0,0,0,0,0,0,0,0,0,0
9.329676,8807,32770,38760,0,0,0,0,0,0,0,0,0,0,0,0,0,0
9.331399,8807,32770,38765,0,0,0,0,0,0,0,0,0,0,0,0,0,0
9.350973,8808,32774,38767,0,0,0,0,0,0,0,0,0,0,0,0,0,0
9.352,8809,32771,38768,0,0,0,0,0,0,0,0,0,0,0,0,0,0
9.36205,8810,32775,38765,0,0,0,0,0,0,0,0,0,0,0,0,0,0
9.38155,8811,32772,38766,0,0,0,0,0,0,0,0,0,0,0,0,0,0
9.38255,8811,32773,38763,0,0,0,0,0,0,0,0,0,0,0,0,0,0
9.401056,8811,32770,38768,0,0,0,0,0,0,0,0,0,0,0,0,0,0
9.402056,8813,32772,38768,0,0,0,0,0,0,0,0,0,0,0,0,0,0
9.421379,8811,32764,38764,0,0,0,0,0,0,0,0,0,0,0,0,0,0
9.422397,8813,32767,38764,0,0,0,0,0,0,0,0,0,0,0,0,0,0
9.439548,8812,32763,38762,0,0,0,0,0,0,0,0,0,0,0,0,0,0
9.441547,8810,32761,38758,0,0,0,0,0,0,0,0,0,0,0,0,0,0
9.460929,8811,32761,38759,0,0,0,0,0,0,0,0,0,0,0,0,0,0
9.46193,8811,32764,38760,0,0,0,0,0,0,0,0,0,0,0,0,0,0
9.480365,8811,32759,38757,0,0,0,0,0,0,0,0,0,0,0,0,0,0
9.481365,8811,32760,38761,0,0,0,0,0,0,0,0,0,0,0,0,0,0
9.502227,8812,32760,38757,0,0,0,0,0,0,0,0,0,0,0,0,0,0
9.503227,8812,32758,38756,0,0,0,0,0,0,0,0,0,0,0,0,0,0
9.520322,8816,32754,38756,0,0,0,0,0,0,0,0,0,0,0,0,0,0
9.52134,8813,32754,38752,0,0,0,0,0,0,0,0,0,0,0,0,0,0
9.539458,8813,32755,38751,0,0,0,0,0,0,0,0,0,0,0,0,0,0
9.541936,8815,32748,38748,0,0,0,0,0,0,0,0,0,0,0,0,0,0
9.550284,8813,32748,38742,0,0,0,0,0,0,0,0,0,0,0,0,0,0
9.561475,8813,32749,38738,0,0,0,0,0,0,0,0,0,0,0,0,0,0
9.581827,8812,32743,38731,0,0,0,0,0,0,0,0,0,0,0,0,0,0
9.582856,8812,32742,38730,0,0,0,0,0,0,0,0,0,0,0,0,0,0
9.600898,8809,32746,38727,0,0,0,0,0,0,0,0,0,0,0,0,0,0
9.601899,8812,32743,38725,0,0,0,0,0,0,0,0,0,0,0,0,0,0
9.620379,8811,32748,38721,0,0,0,0,0,0,0,0,0,0,0,0,0,0
9.621379,8812,32746,38718,0,0,0,0,0,0,0,0,0,0,0,0,0,0
9.641458,8809,32747,38715,0,0,0,0,0,0,0,0,0,0,0,0,0,0
9.642461,8809,32742,38714,0,0,0,0,0,0,0,0,0,0,0,0,0,0
9.661112,8805,32742,38699,0,0,0,0,0,0,0,0,0,0,0,0,0,0
9.662139,8804,32732,38692,0,0,0,0,0,0,0,0,0,0,0,0,0,0
9.679859,8801,32733,38686,0,0,0,0,0,0,0,0,0,0,0,0,0,0
9.681861,8795,32733,38675,0,0,0,0,0,0,0,0,0,0,0,0,0,0
9.700658,8796,32730,38672,0,0,0,0,0,0,0,0,0,0,0,0,0,0
9.701667,8797,32721,38666,0,0,0,0,0,0,0,0,0,0,0,0,0,0
9.720502,8793,32728,38667,0,0,0,0,0,0,0,0,0,0,0,0,0,0
9.721502,8790,32718,38659,0,0,0,0,0,0,0,0,0,0,0,0,0,0
9.740492,8791,32723,38660,0,0,0,0,0,0,0,0,0,0,0,0,0,0
9.742542,8789,32724,38660,0,0,0,0,0,0,0,0,0,0,0,0,0,0
9.759727,8793,32721,38658,0,0,0,0,0,0,0,0,0,0,0,0,0,0
9.761727,8791,32712,38657,0,0,0,0,0,0,0,0,0,0,0,0,0,0
9.781497,8792,32718,38656,0,0,0,0,0,0,0,0,0,0,0,0,0,0
9.782768,8792,32716,38653,0,0,0,0,0,0,0,0,0,0,0,0,0,0
9.79191,8794,32723,38658,0,0,0,0,0,0,0,0,0,0,0,0,0,0
9.810355,8792,32720,38661,0,0,0,0,0,0,0,0,0,0,0,0,0,0
9.811355,8795,32722,38666,0,0,0,0,0,0,0,0,0,0,0,0,0,0
9.830838,8799,32712,38662,0,0,0,0,0,0,0,0,0,0,0,0,0,0
9.832351,8799,32718,38658,0,0,0,0,0,0,0,0,0,0,0,0,0,0
9.850102,8800,32711,38651,0,0,0,0,0,0,0,0,0,0,0,0,0,0
9.851126,8795,32707,38646,0,0,0,0,0,0,0,0,0,0,0,0,0,0
9.872331,8796,32703,38641,0,0,0,0,0,0,0,0,0,0,0,0,0,0
9.873331,8795,32706,38641,0,0,0,0,0,0,0,0,0,0,0,0,0,0
9.890332,8797,32701,38644,0,0,0,0,0,0,0,0,0,0,0,0,0,0
9.891333,8798,32710,38659,0,0,0,0,0,0,0,0,0,0,0,0,0,0
9.909565,8804,32712,38668,0,0,0,0,0,0,0,0,0,0,0,0,0,0
9.911566,8805,32718,38675,0,0,0,0,0,0,0,0,0,0,0,0,0,0
9.930519,8807,32716,38680,0,0,0,0,0,0,0,0,0,0,0,0,0,0
9.931515,8812,32719,38679,0,0,0,0,0,0,0,0,0,0,0,0,0,0
9.951262,8810,32715,38676,0,0,0,0,0,0,0,0,0,0,0,0,0,0
9.952261,8808,32718,38677,0,0,0,0,0,0,0,0,0,0,0,0,0,0
9.960262,8808,32711,38677,0,0,0,0,0,0,0,0,0,0,0,0,0,0
9.981262,8811,32716,38676,0,0,0,0,0,0,0,0,0,0,0,0,0,0
9.982263,8815,32718,38681,0,0,0,0,0,0,0,0,0,0,0,0,0,0
10.001975,8812,32724,38688,0,0,0,0,0,0,0,0,0,0,0,0,0,0
10.002994,8812,32721,38690,0,0,0,0,0,0,0,0,0,0,0,0,0,0
10.020301,8813,32725,38690,0,0,0,0,0,0,0,0,0,0,0,0,0,0
10.022301,8816,32725,38700,0,0,0,0,0,0,0,0,0,0,0,0,0,0
10.041259,8820,32727,38701,0,0,0,0,0,0,0,0,0,0,0,0,0,0
10.042603,8819,32727,38710,0,0,0,0,0,0,0,0,0,0,0,0,0,0
10.060606,8819,32732,38707,0,0,0,0,0,0,0,0,0,0,0,0,0,0
10.061606,8821,32728,38709,0,0,0,0,0,0,0,0,0,0,0,0,0,0
10.081538,8825,32729,38712,0,0,0,0,0,0,0,0,0,0,0,0,0,0
10.08254,8827,32728,38715,0,0,0,0,0,0,0,0,0,0,0,0,0,0
10.100551,8829,32734,38720,0,0,0,0,0,0,0,0,0,0,0,0,0,0
10.101551,8829,32737,38726,0,0,0,0,0,0,0,0,0,0,0,0,0,0
10.120552,8828,32739,38730,0,0,0,0,0,0,0,0,0,0,0,0,0,0
10.121552,8836,32737,38736,0,0,0,0,0,0,0,0,0,0,0,0,0,0
10.142058,8834,32739,38736,0,0,0,0,0,0,0,0,0,0,0,0,0,0
10.143058,8836,32738,38738,0,0,0,0,0,0,0,0,0,0,0,0,0,0
10.16047,8834,32737,38736,0,0,0,0,0,0,0,0,0,0,0,0,0,0
10.161489,8838,32735,38735,0,0,0,0,0,0,0,0,0,0,0,0,0,0
10.18001,8834,32734,38732,0,0,0,0,0,0,0,0,0,0,0,0,0,0
10.181235,8838,32737,38734,0,0,0,0,0,0,0,0,0,0,0,0,0,0
10.191475,8835,32734,38732,0,0,0,0,0,0,0,0,0,0,0,0,0,0
10.210406,8841,32736,38733,0,0,0,0,0,0,0,0,0,0,0,0,0,0
10.211572,8838,32738,38737,0,0,0,0,0,0,0,0,0,0,0,0,0,0
10.230225,8839,32736,38740,0,0,0,0,0,0,0,0,0,0,0,0,0,0
10.231225,8840,32739,38742,0,0,0,0,0,0,0,0,0,0,0,0,0,0
10.250901,8845,32737,38743,0,0,0,0,0,0,0,0,0,0,0,0,0,0
10.251922,8841,32738,38743,0,0,0,0,0,0,0,0,0,0,0,0,0,0
10.270317,8845,32737,38744,0,0,0,0,0,0,0,0,0,0,0,0,0,0
10.27132,8841,32736,38744,0,0,0,0,0,0,0,0,0,0,0,0,0,0
10.290051,8850,32736,38738,0,0,0,0,0,0,0,0,0,0,0,0,0,0
10.292058,8843,32735,38735,0,0,0,0,0,0,0,0,0,0,0,0,0,0
10.311837,8847,32734,38726,0,0,0,0,0,0,0,0,0,0,0,0,0,0
10.312861,8844,32733,38728,0,0,0,0,0,0,0,0,0,0,0,0,0,0
10.330496,8844,32731,38717,0,0,0,0,0,0,0,0,0,0,0,0,0,0
10.331521,8841,32731,38713,0,0,0,0,0,0,0,0,0,0,0,0,0,0
10.351246,8841,32724,38708,0,0,0,0,0,0,0,0,0,0,0,0,0,0
10.352745,8840,32732,38707,0,0,0,0,0,0,0,0,0,0,0,0,0,0
10.369799,8840,32730,38703,0,0,0,0,0,0,0,0,0,0,0,0,0,0
10.370906,8840,32734,38702,0,0,0,0,0,0,0,0,0,0,0,0,0,0
10.391128,8839,32733,38697,0,0,0,0,0,0,0,0,0,0,0,0,0,0
10.392635,8835,32733,38698,0,0,0,0,0,0,0,0,0,0,0,0,0,0
10.410154,8835,32733,38696,0,0,0,0,0,0,0,0,0,0,0,0,0,0
10.411154,8833,32734,38693,0,0,0,0,0,0,0,0,0,0,0,0,0,0
10.420157,8833,32730,38691,0,0,0,0,0,0,0,0,0,0,0,0,0,0
10.439665,8829,32727,38680,0,0,0,0,0,0,0,0,0,0,0,0,0,0
10.441665,8832,32727,38679,0,0,0,0,0,0,0,0,0,0,0,0,0,0
10.459688,8828,32723,38676,0,0,0,0,0,0,0,0,0,0,0,0,0,0
10.461732,8831,32726,38678,0,0,0,0,0,0,0,0,0,0,0,0,0,0
10.481009,8829,32722,38682,0,0,0,0,0,0,0,0,0,0,0,0,0,0
10.482034,8831,32725,38677,0,0,0,0,0,0,0,0,0,0,0,0,0,0
10.500318,8830,32727,38685,0,0,0,0,0,0,0,0,0,0,0,0,0,0
10.501343,8837,32730,38693,0,0,0,0,0,0,0,0,0,0,0,0,0,0
10.521579,8836,32732,38700,0,0,0,0,0,0,0,0,0,0,0,0,0,0
10.522579,8843,32737,38703,0,0,0,0,0,0,0,0,0,0,0,0,0,0
10.540007,8843,32736,38713,0,0,0,0,0,0,0,0,0,0,0,0,0,0
10.541231,8847,32741,38716,0,0,0,0,0,0,0,0,0,0,0,0,0,0
10.561265,8845,32741,38717,0,0,0,0,0,0,0,0,0,0,0,0,0,0
10.562309,8845,32734,38716,0,0,0,0,0,0,0,0,0,0,0,0,0,0
10.580677,8846,32731,38709,0,0,0,0,0,0,0,0,0,0,0,0,0,0
10.581677,8851,32732,38704,0,0,0,0,0,0,0,0,0,0,0,0,0,0
10.599257,8847,32726,38704,0,0,0,0,0,0,0,0,0,0,0,0,0,0
10.601515,8846,32726,38702,0,0,0,0,0,0,0,0,0,0,0,0,0,0
10.621212,8851,32726,38702,0,0,0,0,0,0,0,0,0,0,0,0,0,0
10.622241,8851,32727,38703,0,0,0,0,0,0,0,0,0,0,0,0,0,0
10.640098,8850,32727,38711,0,0,0,0,0,0,0,0,0,0,0,0,0,0
10.641371,8856,32729,38716,0,0,0,0,0,0,0,0,0,0,0,0,0,0
10.64981,8857,32733,38718,0,0,0,0,0,0,0,0,0,0,0,0,0,0
10.651829,8859,32733,38721,0,0,0,0,0,0,0,0,0,0,0,0,0,0
10.670707,8862,32734,38724,0,0,0,0,0,0,0,0,0,0,0,0,0,0
10.69015,8861,32737,38729,0,0,0,0,0,0,0,0,0,0,0,0,0,0
10.69205,8860,32732,38728,0,0,0,0,0,0,0,0,0,0,0,0,0,0
10.709522,8864,32728,38726,0,0,0,0,0,0,0,0,0,0,0,0,0,0
10.711565,8862,32729,38720,0,0,0,0,0,0,0,0,0,0,0,0,0,0
10.730616,8865,32732,38725,0,0,0,0,0,0,0,0,0,0,0,0,0,0
10.731635,8862,32731,38730,0,0,0,0,0,0,0,0,0,0,0,0,0,0
10.751928,8866,32733,38729,0,0,0,0,0,0,0,0,0,0,0,0,0,0
10.752926,8868,32737,38740,0,0,0,0,0,0,0,0,0,0,0,0,0,0
10.76939,8872,32740,38741,0,0,0,0,0,0,0,0,0,0,0,0,0,0
10.771779,8874,32740,38747,0,0,0,0,0,0,0,0,0,0,0,0,0,0
10.789398,8870,32742,38742,0,0,0,0,0,0,0,0,0,0,0,0,0,0
10.791493,8875,32742,38747,0,0,0,0,0,0,0,0,0,0,0,0,0,0
10.809587,8869,32741,38751,0,0,0,0,0,0,0,0,0,0,0,0,0,0
10.81163,8875,32743,38750,0,0,0,0,0,0,0,0,0,0,0,0,0,0
10.829739,8878,32744,38760,0,0,0,0,0,0,0,0,0,0,0,0,0,0
10.831762,8881,32747,38766,0,0,0,0,0,0,0,0,0,0,0,0,0,0
10.849627,8881,32753,38771,0,0,0,0,0,0,0,0,0,0,0,0,0,0
10.851678,8885,32754,38774,0,0,0,0,0,0,0,0,0,0,0,0,0,0
10.869363,8883,32751,38772,0,0,0,0,0,0,0,0,0,0,0,0,0,0
10.871613,8884,32752,38770,0,0,0,0,0,0,0,0,0,0,0,0,0,0
10.891562,8878,32749,38766,0,0,0,0,0,0,0,0,0,0,0,0,0,0
10.893063,8883,32741,38753,0,0,0,0,0,0,0,0,0,0,0,0,0,0
10.90062,8879,32742,38752,0,0,0,0,0,0,0,0,0,0,0,0,0,0
10.920416,8882,32744,38757,0,0,0,0,0,0,0,0,0,0,0,0,0,0
10.921526,8882,32740,38758,0,0,0,0,0,0,0,0,0,0,0,0,0,0
10.941864,8880,32740,38756,0,0,0,0,0,0,0,0,0,0,0,0,0,0
10.943864,8880,32741,38760,0,0,0,0,0,0,0,0,0,0,0,0,0,0
10.960148,8884,32746,38764,0,0,0,0,0,0,0,0,0,0,0,0,0,0
10.962148,8883,32745,38763,0,0,0,0,0,0,0,0,0,0,0,0,0,0
10.979669,8890,32746,38770,0,0,0,0,0,0,0,0,0,0,0,0,0,0
10.981689,8886,32747,38768,0,0,0,0,0,0,0,0,0,0,0,0,0,0
11.000446,8889,32745,38767,0,0,0,0,0,0,0,0,0,0,0,0,0,0
11.001801,8883,32743,38762,0,0,0,0,0,0,0,0,0,0,0,0,0,0
11.019845,8887,32737,38756,0,0,0,0,0,0,0,0,0,0,0,0,0,0
11.021845,8885,32733,38747,0,0,0,0,0,0,0,0,0,0,0,0,0,0
11.040505,8885,32730,38732,0,0,0,0,0,0,0,0,0,0,0,0,0,0
11.042526,8878,32725,38728,0,0,0,0,0,0,0,0,0,0,0,0,0,0
11.060387,8885,32724,38726,0,0,0,0,0,0,0,0,0,0,0,0,0,0
11.062607,8881,32726,38730,0,0,0,0,0,0,0,0,0,0,0,0,0,0
11.082507,8885,32728,38735,0,0,0,0,0,0,0,0,0,0,0,0,0,0
11.083558,8884,32734,38742,0,0,0,0,0,0,0,0,0,0,0,0,0,0
11.099724,8890,32740,38749,0,0,0,0,0,0,0,0,0,0,0,0,0,0
11.101252,8886,32747,38752,0,0,0,0,0,0,0,0,0,0,0,0,0,0
11.11975,8891,32745,38757,0,0,0,0,0,0,0,0,0,0,0,0,0,0
11.121778,8889,32745,38752,0,0,0,0,0,0,0,0,0,0,0,0,0,0
11.13078,8893,32745,38745,0,0,0,0,0,0,0,0,0,0,0,0,0,0
11.149589,8891,32740,38741,0,0,0,0,0,0,0,0,0,0,0,0,0,0
11.151613,8893,32738,38739,0,0,0,0,0,0,0,0,0,0,0,0,0,0
11.171736,8885,32739,38735,0,0,0,0,0,0,0,0,0,0,0,0,0,0
11.172766,8888,32741,38737,0,0,0,0,0,0,0,0,0,0,0,0,0,0
11.191341,8883,32734,38730,0,0,0,0,0,0,0,0,0,0,0,0,0,0
11.192767,8888,32735,38734,0,0,0,0,0,0,0,0,0,0,0,0,0,0
11.20989,8887,32736,38732,0,0,0,0,0,0,0,0,0,0,0,0,0,0
11.21189,8890,32735,38729,0,0,0,0,0,0,0,0,0,0,0,0,0,0
11.230667,8888,32735,38734,0,0,0,0,0,0,0,0,0,0,0,0,0,0
11.23177,8895,32739,38737,0,0,0,0,0,0,0,0,0,0,0,0,0,0
11.250593,8888,32741,38744,0,0,0,0,0,0,0,0,0,0,0,0,0,0
11.251585,8895,32745,38748,0,0,0,0,0,0,0,0,0,0,0,0,0,0
11.271655,8893,32749,38753,0,0,0,0,0,0,0,0,0,0,0,0,0,0
11.273676,8902,32753,38764,0,0,0,0,0,0,0,0,0,0,0,0,0,0
11.290923,8895,32754,38768,0,0,0,0,0,0,0,0,0,0,0,0,0,0
11.291945,8904,32757,38772,0,0,0,0,0,0,0,0,0,0,0,0,0,0
11.309867,8896,32754,38766,0,0,0,0,0,0,0,0,0,0,0,0,0,0
11.310971,8904,32760,38765,0,0,0,0,0,0,0,0,0,0,0,0,0,0
11.330971,8902,32753,38763,0,0,0,0,0,0,0,0,0,0,0,0,0,0
11.331978,8907,32756,38765,0,0,0,0,0,0,0,0,0,0,0,0,0,0
11.350273,8902,32750,38765,0,0,0,0,0,0,0,0,0,0,0,0,0,0
11.351559,8905,32754,38772,0,0,0,0,0,0,0,0,0,0,0,0,0,0
11.359343,8903,32753,38773,0,0,0,0,0,0,0,0,0,0,0,0,0,0
11.380627,8906,32751,38774,0,0,0,0,0,0,0,0,0,0,0,0,0,0
11.381652,8906,32753,38771,0,0,0,0,0,0,0,0,0,0,0,0,0,0
11.400785,8907,32756,38775,0,0,0,0,0,0,0,0,0,0,0,0,0,0
11.40229,8905,32751,38774,0,0,0,0,0,0,0,0,0,0,0,0,0,0
11.421293,8907,32753,38772,0,0,0,0,0,0,0,0,0,0,0,0,0,0
11.422293,8906,32751,38775,0,0,0,0,0,0,0,0,0,0,0,0,0,0
11.44084,8910,32755,38778,0,0,0,0,0,0,0,0,0,0,0,0,0,0
11.44183,8909,32752,38774,0,0,0,0,0,0,0,0,0,0,0,0,0,0
11.459795,8909,32749,38771,0,0,0,0,0,0,0,0,0,0,0,0,0,0
11.461807,8905,32745,38766,0,0,0,0,0,0,0,0,0,0,0,0,0,0
11.48112,8905,32745,38762,0,0,0,0,0,0,0,0,0,0,0,0,0,0
11.482229,8909,32745,38761,0,0,0,0,0,0,0,0,0,0,0,0,0,0
11.500276,8911,32747,38767,0,0,0,0,0,0,0,0,0,0,0,0,0,0
11.501276,8908,32752,38774,0,0,0,0,0,0,0,0,0,0,0,0,0,0
11.519454,8913,32750,38780,0,0,0,0,0,0,0,0,0,0,0,0,0,0
11.521721,8916,32757,38788,0,0,0,0,0,0,0,0,0,0,0,0,0,0
11.54027,8915,32764,38798,0,0,0,0,0,0,0,0,0,0,0,0,0,0
11.54127,8918,32763,38809,0,0,0,0,0,0,0,0,0,0,0,0,0,0
11.559498,8922,32770,38813,0,0,0,0,0,0,0,0,0,0,0,0,0,0
11.561519,8921,32770,38820,0,0,0,0,0,0,0,0,0,0,0,0,0,0
11.581069,8927,32776,38825,0,0,0,0,0,0,0,0,0,0,0,0,0,0
11.58207,8920,32775,38826,0,0,0,0,0,0,0,0,0,0,0,0,0,0
11.590071,8928,32780,38827,0,0,0,0,0,0,0,0,0,0,0,0,0,0
11.592071,8929,32780,38832,0,0,0,0,0,0,0,0,0,0,0,0,0,0
11.610585,8928,32780,38837,0,0,0,0,0,0,0,0,0,0,0,0,0,0
11.631114,8932,32784,38844,0,0,0,0,0,0,0,0,0,0,0,0,0,0
11.632131,8932,32790,38851,0,0,0,0,0,0,0,0,0,0,0,0,0,0
11.649776,8937,32786,38851,0,0,0,0,0,0,0,0,0,0,0,0,0,0
11.652776,8933,32786,38847,0,0,0,0,0,0,0,0,0,0,0,0,0,0
11.670387,8935,32785,38851,0,0,0,0,0,0,0,0,0,0,0,0,0,0
11.671387,8936,32785,38854,0,0,0,0,0,0,0,0,0,0,0,0,0,0
11.691388,8938,32785,38854,0,0,0,0,0,0,0,0,0,0,0,0,0,0
11.693388,8935,32789,38860,0,0,0,0,0,0,0,0,0,0,0,0,0,0
11.709896,8934,32790,38858,0,0,0,0,0,0,0,0,0,0,0,0,0,0
11.711895,8938,32783,38853,0,0,0,0,0,0,0,0,0,0,0,0,0,0
11.731897,8936,32779,38852,0,0,0,0,0,0,0,0,0,0,0,0,0,0
11.732897,8937,32780,38845,0,0,0,0,0,0,0,0,0,0,0,0,0,0
11.751235,8938,32772,38839,0,0,0,0,0,0,0,0,0,0,0,0,0,0
11.752357,8934,32772,38832,0,0,0,0,0,0,0,0,0,0,0,0,0,0
11.772224,8934,32769,38827,0,0,0,0,0,0,0,0,0,0,0,0,0,0
11.773451,8932,32767,38822,0,0,0,0,0,0,0,0,0,0,0,0,0,0
11.791138,8935,32769,38819,0,0,0,0,0,0,0,0,0,0,0,0,0,0
11.792159,8935,32770,38815,0,0,0,0,0,0,0,0,0,0,0,0,0,0
11.810766,8937,32766,38816,0,0,0,0,0,0,0,0,0,0,0,0,0,0
11.811853,8936,32770,38813,0,0,0,0,0,0,0,0,0,0,0,0,0,0
11.831965,8935,32766,38805,0,0,0,0,0,0,0,0,0,0,0,0,0,0
11.832994,8937,32763,38803,0,0,0,0,0,0,0,0,0,0,0,0,0,0
11.849696,8934,32769,38799,0,0,0,0,0,0,0,0,0,0,0,0,0,0
11.851742,8936,32769,38802,0,0,0,0,0,0,0,0,0,0,0,0,0,0
11.871534,8934,32767,38800,0,0,0,0,0,0,0,0,0,0,0,0,0,0
11.872558,8936,32768,38800,0,0,0,0,0,0,0,0,0,0,0,0,0,0
11.881059,8936,32766,38791,0,0,0,0,0,0,0,0,0,0,0,0,0,0
11.882099,8932,32759,38783,0,0,0,0,0,0,0,0,0,0,0,0,0,0
11.90125,8934,32758,38778,0,0,0,0,0,0,0,0,0,0,0,0,0,0
11.920931,8931,32753,38775,0,0,0,0,0,0,0,0,0,0,0,0,0,0
11.92193,8930,32750,38772,0,0,0,0,0,0,0,0,0,0,0,0,0,0
11.939438,8931,32751,38777,0,0,0,0,0,0,0,0,0,0,0,0,0,0
11.941437,8934,32758,38781,0,0,0,0,0,0,0,0,0,0,0,0,0,0
11.960575,8938,32760,38789,0,0,0,0,0,0,0,0,0,0,0,0,0,0
11.961682,8937,32762,38796,0,0,0,0,0,0,0,0,0,0,0,0,0,0
11.979729,8938,32764,38801,0,0,0,0,0,0,0,0,0,0,0,0,0,0
11.981729,8938,32766,38805,0,0,0,0,0,0,0,0,0,0,0,0,0,0
12.000395,8945,32768,38810,0,0,0,0,0,0,0,0,0,0,0,0,0,0
12.001395,8942,32771,38813,0,0,0,0,0,0,0,0,0,0,0,0,0,0
12.021097,8942,32773,38817,0,0,0,0,0,0,0,0,0,0,0,0,0,0
12.022352,8943,32775,38822,0,0,0,0,0,0,0,0,0,0,0,0,0,0
12.040277,8948,32774,38827,0,0,0,0,0,0,0,0,0,0,0,0,0,0
12.041568,8948,32780,38829,0,0,0,0,0,0,0,0,0,0,0,0,0,0
12.060096,8947,32777,38837,0,0,0,0,0,0,0,0,0,0,0,0,0,0
12.061211,8949,32786,38842,0,0,0,0,0,0,0,0,0,0,0,0,0,0
12.082296,8954,32786,38848,0,0,0,0,0,0,0,0,0,0,0,0,0,0
12.083315,8954,32786,38845,0,0,0,0,0,0,0,0,0,0,0,0,0,0
12.10111,8956,32788,38847,0,0,0,0,0,0,0,0,0,0,0,0,0,0
12.102214,8954,32792,38855,0,0,0,0,0,0,0,0,0,0,0,0,0,0
12.120355,8955,32792,38860,0,0,0,0,0,0,0,0,0,0,0,0,0,0
12.121355,8958,32796,38861,0,0,0,0,0,0,0,0,0,0,0,0,0,0
12.130319,8960,32797,38869,0,0,0,0,0,0,0,0,0,0,0,0,0,0
12.15046,8963,32801,38875,0,0,0,0,0,0,0,0,0,0,0,0,0,0
12.151562,8963,32804,38882,0,0,0,0,0,0,0,0,0,0,0,0,0,0
12.169951,8965,32805,38881,0,0,0,0,0,0,0,0,0,0,0,0,0,0
12.172007,8967,32805,38881,0,0,0,0,0,0,0,0,0,0,0,0,0,0
12.189962,8968,32807,38878,0,0,0,0,0,0,0,0,0,0,0,0,0,0
12.192002,8967,32807,38883,0,0,0,0,0,0,0,0,0,0,0,0,0,0
12.209949,8966,32805,38877,0,0,0,0,0,0,0,0,0,0,0,0,0,0
12.212029,8971,32804,38885,0,0,0,0,0,0,0,0,0,0,0,0,0,0
12.221651,8967,32809,38882,0,0,0,0,0,0,0,0,0,0,0,0,0,0
12.240307,8972,32805,38891,0,0,0,0,0,0,0,0,0,0,0,0,0,0
12.241298,8970,32810,38892,0,0,0,0,0,0,0,0,0,0,0,0,0,0
12.260483,8973,32811,38894,0,0,0,0,0,0,0,0,0,0,0,0,0,0
12.26164,8973,32815,38894,0,0,0,0,0,0,0,0,0,0,0,0,0,0
12.279974,8972,32815,38902,0,0,0,0,0,0,0,0,0,0,0,0,0,0
12.281082,8976,32816,38904,0,0,0,0,0,0,0,0,0,0,0,0,0,0
12.300302,8977,32821,38910,0,0,0,0,0,0,0,0,0,0,0,0,0,0
12.301553,8976,32823,38910,0,0,0,0,0,0,0,0,0,0,0,0,0,0
12.322104,8978,32819,38908,0,0,0,0,0,0,0,0,0,0,0,0,0,0
12.323125,8977,32820,38906,0,0,0,0,0,0,0,0,0,0,0,0,0,0
12.340251,8979,32820,38909,0,0,0,0,0,0,0,0,0,0,0,0,0,0
12.34125,8976,32819,38906,0,0,0,0,0,0,0,0,0,0,0,0,0,0
12.352251,8980,32818,38908,0,0,0,0,0,0,0,0,0,0,0,0,0,0
12.370797,8977,32820,38906,0,0,0,0,0,0,0,0,0,0,0,0,0,0
12.371797,8976,32819,38909,0,0,0,0,0,0,0,0,0,0,0,0,0,0
12.390475,8980,32820,38908,0,0,0,0,0,0,0,0,0,0,0,0,0,0
12.391542,8980,32821,38913,0,0,0,0,0,0,0,0,0,0,0,0,0,0
12.41209,8979,32824,38916,0,0,0,0,0,0,0,0,0,0,0,0,0,0
12.41309,8980,32826,38921,0,0,0,0,0,0,0,0,0,0,0,0,0,0
12.432102,8982,32827,38921,0,0,0,0,0,0,0,0,0,0,0,0,0,0
12.433101,8980,32829,38925,0,0,0,0,0,0,0,0,0,0,0,0,0,0
12.449429,8983,32831,38932,0,0,0,0,0,0,0,0,0,0,0,0,0,0
12.451485,8986,32835,38936,0,0,0,0,0,0,0,0,0,0,0,0,0,0
12.470658,8984,32834,38936,0,0,0,0,0,0,0,0,0,0,0,0,0,0
12.472658,8988,32836,38942,0,0,0,0,0,0,0,0,0,0,0,0,0,0
12.490868,8988,32839,38937,0,0,0,0,0,0,0,0,0,0,0,0,0,0
12.491875,8989,32843,38941,0,0,0,0,0,0,0,0,0,0,0,0,0,0
12.50996,8989,32849,38953,0,0,0,0,0,0,0,0,0,0,0,0,0,0
12.51196,8991,32856,38964,0,0,0,0,0,0,0,0,0,0,0,0,0,0
12.530535,8997,32864,38974,0,0,0,0,0,0,0,0,0,0,0,0,0,0
12.531644,8999,32872,38980,0,0,0,0,0,0,0,0,0,0,0,0,0,0
12.550122,8998,32874,38976,0,0,0,0,0,0,0,0,0,0,0,0,0,0
12.551123,8998,32871,38967,0,0,0,0,0,0,0,0,0,0,0,0,0,0
12.570451,8993,32861,38947,0,0,0,0,0,0,0,0,0,0,0,0,0,0
12.571451,8988,32848,38922,0,0,0,0,0,0,0,0,0,0,0,0,0,0
12.591468,8982,32839,38909,0,0,0,0,0,0,0,0,0,0,0,0,0,0
12.59247,8982,32840,38900,0,0,0,0,0,0,0,0,0,0,0,0,0,0
12.610322,8981,32835,38898,0,0,0,0,0,0,0,0,0,0,0,0,0,0
12.611341,8980,32835,38890,0,0,0,0,0,0,0,0,0,0,0,0,0,0
12.620553,8978,32829,38882,0,0,0,0,0,0,0,0,0,0,0,0,0,0
12.640775,8974,32827,38871,0,0,0,0,0,0,0,0,0,0,0,0,0,0
12.641808,8970,32817,38857,0,0,0,0,0,0,0,0,0,0,0,0,0,0
12.660734,8967,32814,38848,0,0,0,0,0,0,0,0,0,0,0,0,0,0
12.661879,8960,32807,38844,0,0,0,0,0,0,0,0,0,0,0,0,0,0
12.680837,8958,32809,38839,0,0,0,0,0,0,0,0,0,0,0,0,0,0
12.681836,8956,32807,38836,0,0,0,0,0,0,0,0,0,0,0,0,0,0
12.701458,8951,32809,38841,0,0,0,0,0,0,0,0,0,0,0,0,0,0
12.703458,8949,32813,38843,0,0,0,0,0,0,0,0,0,0,0,0,0,0
12.721283,8950,32816,38849,0,0,0,0,0,0,0,0,0,0,0,0,0,0
12.722309,8947,32818,38852,0,0,0,0,0,0,0,0,0,0,0,0,0,0
12.741862,8945,32820,38845,0,0,0,0,0,0,0,0,0,0,0,0,0,0
12.742888,8946,32814,38849,0,0,0,0,0,0,0,0,0,0,0,0,0,0
12.752116,8941,32814,38843,0,0,0,0,0,0,0,0,0,0,0,0,0,0
12.770749,8940,32816,38843,0,0,0,0,0,0,0,0,0,0,0,0,0,0
12.772749,8938,32821,38847,0,0,0,0,0,0,0,0,0,0,0,0,0,0
12.79083,8941,32826,38859,0,0,0,0,0,0,0,0,0,0,0,0,0,0
12.791903,8941,32836,38864,0,0,0,0,0,0,0,0,0,0,0,0,0,0
12.811112,8942,32838,38882,0,0,0,0,0,0,0,0,0,0,0,0,0,0
12.812137,8945,32843,38887,0,0,0,0,0,0,0,0,0,0,0,0,0,0
12.829848,8947,32849,38896,0,0,0,0,0,0,0,0,0,0,0,0,0,0
12.831958,8949,32852,38900,0,0,0,0,0,0,0,0,0,0,0,0,0,0
12.850043,8951,32851,38903,0,0,0,0,0,0,0,0,0,0,0,0,0,0
12.851069,8950,32855,38904,0,0,0,0,0,0,0,0,0,0,0,0,0,0
12.872002,8951,32851,38903,0,0,0,0,0,0,0,0,0,0,0,0,0,0
12.873238,8952,32850,38897,0,0,0,0,0,0,0,0,0,0,0,0,0,0
12.890459,8951,32846,38896,0,0,0,0,0,0,0,0,0,0,0,0,0,0
12.891479,8951,32842,38888,0,0,0,0,0,0,0,0,0,0,0,0,0,0
12.910265,8954,32837,38881,0,0,0,0,0,0,0,0,0,0,0,0,0,0
12.912266,8950,32832,38875,0,0,0,0,0,0,0,0,0,0,0,0,0,0
12.930266,8952,32835,38877,0,0,0,0,0,0,0,0,0,0,0,0,0,0
12.931266,8956,32829,38871,0,0,0,0,0,0,0,0,0,0,0,0,0,0
12.949347,8954,32827,38868,0,0,0,0,0,0,0,0,0,0,0,0,0,0
12.952775,8951,32823,38866,0,0,0,0,0,0,0,0,0,0,0,0,0,0
12.970825,8950,32817,38860,0,0,0,0,0,0,0,0,0,0,0,0,0,0
12.971825,8952,32816,38855,0,0,0,0,0,0,0,0,0,0,0,0,0,0
12.981825,8951,32816,38860,0,0,0,0,0,0,0,0,0,0,0,0,0,0
12.982825,8954,32813,38853,0,0,0,0,0,0,0,0,0,0,0,0,0,0
13.000789,8957,32813,38860,0,0,0,0,0,0,0,0,0,0,0,0,0,0
13.022266,8961,32815,38861,0,0,0,0,0,0,0,0,0,0,0,0,0,0
13.024286,8961,32815,38872,0,0,0,0,0,0,0,0,0,0,0,0,0,0
13.041118,8961,32821,38876,0,0,0,0,0,0,0,0,0,0,0,0,0,0
13.042118,8963,32821,38883,0,0,0,0,0,0,0,0,0,0,0,0,0,0
13.061434,8969,32825,38884,0,0,0,0,0,0,0,0,0,0,0,0,0,0
13.062434,8965,32825,38886,0,0,0,0,0,0,0,0,0,0,0,0,0,0
13.081411,8969,32826,38881,0,0,0,0,0,0,0,0,0,0,0,0,0,0
13.082682,8968,32818,38887,0,0,0,0,0,0,0,0,0,0,0,0,0,0
13.100531,8968,32820,38877,0,0,0,0,0,0,0,0,0,0,0,0,0,0
13.10255,8968,32813,38878,0,0,0,0,0,0,0,0,0,0,0,0,0,0
13.120988,8968,32818,38882,0,0,0,0,0,0,0,0,0,0,0,0,0,0
13.122027,8971,32817,38887,0,0,0,0,0,0,0,0,0,0,0,0,0,0
13.1416,8973,32827,38901,0,0,0,0,0,0,0,0,0,0,0,0,0,0
13.1426,8977,32829,38908,0,0,0,0,0,0,0,0,0,0,0,0,0,0
13.160171,8979,32834,38917,0,0,0,0,0,0,0,0,0,0,0,0,0,0
13.161283,8982,32833,38921,0,0,0,0,0,0,0,0,0,0,0,0,0,0
13.181169,8982,32834,38924,0,0,0,0,0,0,0,0,0,0,0,0,0,0
13.182194,8983,32836,38924,0,0,0,0,0,0,0,0,0,0,0,0,0,0
13.200783,8984,32836,38921,0,0,0,0,0,0,0,0,0,0,0,0,0,0
13.201784,8985,32827,38915,0,0,0,0,0,0,0,0,0,0,0,0,0,0
13.222291,8979,32824,38907,0,0,0,0,0,0,0,0,0,0,0,0,0,0
13.223513,8980,32824,38899,0,0,0,0,0,0,0,0,0,0,0,0,0,0
13.229857,8978,32822,38893,0,0,0,0,0,0,0,0,0,0,0,0,0,0
13.250945,8982,32818,38889,0,0,0,0,0,0,0,0,0,0,0,0,0,0
13.252052,8979,32820,38882,0,0,0,0,0,0,0,0,0,0,0,0,0,0
13.270471,8978,32818,38885,0,0,0,0,0,0,0,0,0,0,0,0,0,0
13.27159,8977,32819,38886,0,0,0,0,0,0,0,0,0,0,0,0,0,0
13.291106,8977,32826,38884,0,0,0,0,0,0,0,0,0,0,0,0,0,0
13.292106,8975,32827,38878,0,0,0,0,0,0,0,0,0,0,0,0,0,0
13.310108,8972,32824,38870,0,0,0,0,0,0,0,0,0,0,0,0,0,0
13.311615,8965,32825,38864,0,0,0,0,0,0,0,0,0,0,0,0,0,0
13.331616,8966,32819,38856,0,0,0,0,0,0,0,0,0,0,0,0,0,0
13.332617,8961,32818,38841,0,0,0,0,0,0,0,0,0,0,0,0,0,0
13.351197,8956,32810,38835,0,0,0,0,0,0,0,0,0,0,0,0,0,0
13.352334,8953,32813,38837,0,0,0,0,0,0,0,0,0,0,0,0,0,0
13.371704,8954,32806,38833,0,0,0,0,0,0,0,0,0,0,0,0,0,0
13.372723,8955,32809,38832,0,0,0,0,0,0,0,0,0,0,0,0,0,0
13.389721,8954,32803,38828,0,0,0,0,0,0,0,0,0,0,0,0,0,0
13.391722,8955,32811,38834,0,0,0,0,0,0,0,0,0,0,0,0,0,0
13.409505,8957,32807,38832,0,0,0,0,0,0,0,0,0,0,0,0,0,0
13.411553,8957,32815,38838,0,0,0,0,0,0,0,0,0,0,0,0,0,0
13.431163,8958,32810,38845,0,0,0,0,0,0,0,0,0,0,0,0,0,0
13.432187,8961,32811,38841,0,0,0,0,0,0,0,0,0,0,0,0,0,0
13.450539,8960,32810,38844,0,0,0,0,0,0,0,0,0,0,0,0,0,0
13.451585,8961,32813,38849,0,0,0,0,0,0,0,0,0,0,0,0,0,0
13.461041,8963,32812,38855,0,0,0,0,0,0,0,0,0,0,0,0,0,0
13.48204,8966,32813,38858,0,0,0,0,0,0,0,0,0,0,0,0,0,0
13.483041,8968,32809,38856,0,0,0,0,0,0,0,0,0,0,0,0,0,0
13.499754,8965,32811,38853,0,0,0,0,0,0,0,0,0,0,0,0,0,0
13.501884,8969,32803,38850,0,0,0,0,0,0,0,0,0,0,0,0,0,0
13.520347,8966,32808,38848,0,0,0,0,0,0,0,0,0,0,0,0,0,0
13.521461,8969,32803,38847,0,0,0,0,0,0,0,0,0,0,0,0,0,0
13.540359,8971,32807,38850,0,0,0,0,0,0,0,0,0,0,0,0,0,0
13.54135,8971,32803,38854,0,0,0,0,0,0,0,0,0,0,0,0,0,0
13.559639,8973,32806,38853,0,0,0,0,0,0,0,0,0,0,0,0,0,0
13.561969,8972,32804,38854,0,0,0,0,0,0,0,0,0,0,0,0,0,0
13.580821,8972,32808,38863,0,0,0,0,0,0,0,0,0,0,0,0,0,0
13.581927,8977,32813,38868,0,0,0,0,0,0,0,0,0,0,0,0,0,0
13.599722,8977,32813,38872,0,0,0,0,0,0,0,0,0,0,0,0,0,0
13.601831,8981,32811,38878,0,0,0,0,0,0,0,0,0,0,0,0,0,0
13.619842,8984,32817,38881,0,0,0,0,0,0,0,0,0,0,0,0,0,0
13.621863,8982,32812,38876,0,0,0,0,0,0,0,0,0,0,0,0,0,0
13.641005,8982,32816,38877,0,0,0,0,0,0,0,0,0,0,0,0,0,0
13.642004,8985,32814,38875,0,0,0,0,0,0,0,0,0,0,0,0,0,0
13.659935,8984,32814,38873,0,0,0,0,0,0,0,0,0,0,0,0,0,0
13.66218,8985,32810,38875,0,0,0,0,0,0,0,0,0,0,0,0,0,0
13.679968,8983,32815,38874,0,0,0,0,0,0,0,0,0,0,0,0,0,0
13.680989,8985,32808,38873,0,0,0,0,0,0,0,0,0,0,0,0,0,0
13.689285,8986,32813,38878,0,0,0,0,0,0,0,0,0,0,0,0,0,0
13.710399,8990,32812,38881,0,0,0,0,0,0,0,0,0,0,0,0,0,0
13.711898,8989,32813,38885,0,0,0,0,0,0,0,0,0,0,0,0,0,0
13.732288,8989,32813,38887,0,0,0,0,0,0,0,0,0,0,0,0,0,0
13.737037,8991,32814,38889,0,0,0,0,0,0,0,0,0,0,0,0,0,0
13.750026,8990,32814,38893,0,0,0,0,0,0,0,0,0,0,0,0,0,0
13.751166,8993,32815,38894,0,0,0,0,0,0,0,0,0,0,0,0,0,0
13.77056,8994,32817,38898,0,0,0,0,0,0,0,0,0,0,0,0,0,0
13.77156,8997,32817,38900,0,0,0,0,0,0,0,0,0,0,0,0,0,0
13.790351,8997,32818,38904,0,0,0,0,0,0,0,0,0,0,0,0,0,0
13.792643,8999,32811,38901,0,0,0,0,0,0,0,0,0,0,0,0,0,0
13.810518,8997,32816,38902,0,0,0,0,0,0,0,0,0,0,0,0,0,0
13.811511,8999,32820,38909,0,0,0,0,0,0,0,0,0,0,0,0,0,0
13.821857,9000,32819,38912,0,0,0,0,0,0,0,0,0,0,0,0,0,0
13.830414,9005,32823,38920,0,0,0,0,0,0,0,0,0,0,0,0,0,0
13.850702,9005,32823,38922,0,0,0,0,0,0,0,0,0,0,0,0,0,0
13.852723,9006,32823,38922,0,0,0,0,0,0,0,0,0,0,0,0,0,0
13.86976,9005,32824,38919,0,0,0,0,0,0,0,0,0,0,0,0,0,0
13.871944,9003,32821,38915,0,0,0,0,0,0,0,0,0,0,0,0,0,0
13.891891,9009,32819,38918,0,0,0,0,0,0,0,0,0,0,0,0,0,0
13.89291,9010,32816,38920,0,0,0,0,0,0,0,0,0,0,0,0,0,0
13.910362,9010,32819,38930,0,0,0,0,0,0,0,0,0,0,0,0,0,0
13.911872,9010,32825,38930,0,0,0,0,0,0,0,0,0,0,0,0,0,0
13.93027,9017,32830,38936,0,0,0,0,0,0,0,0,0,0,0,0,0,0
13.931524,9018,32828,38944,0,0,0,0,0,0,0,0,0,0,0,0,0,0
13.949841,9016,32834,38948,0,0,0,0,0,0,0,0,0,0,0,0,0,0
13.950841,9021,32835,38952,0,0,0,0,0,0,0,0,0,0,0,0,0,0
13.97155,9018,32836,38951,0,0,0,0,0,0,0,0,0,0,0,0,0,0
13.972569,9019,32834,38949,0,0,0,0,0,0,0,0,0,0,0,0,0,0
13.990785,9019,32834,38947,0,0,0,0,0,0,0,0,0,0,0,0,0,0
13.991785,9018,32832,38947,0,0,0,0,0,0,0,0,0,0,0,0,0,0
13.999476,9018,32832,38936,0,0,0,0,0,0,0,0,0,0,0,0,0,0
14.020528,9021,32829,38935,0,0,0,0,0,0,0,0,0,0,0,0,0,0
14.021573,9016,32822,38920,0,0,0,0,0,0,0,0,0,0,0,0,0,0
14.040935,9015,32823,38917,0,0,0,0,0,0,0,0,0,0,0,0,0,0
14.041958,9015,32825,38914,0,0,0,0,0,0,0,0,0,0,0,0,0,0
14.060406,9013,32825,38919,0,0,0,0,0,0,0,0,0,0,0,0,0,0
14.061441,9012,32828,38914,0,0,0,0,0,0,0,0,0,0,0,0,0,0
14.080334,9015,32823,38913,0,0,0,0,0,0,0,0,0,0,0,0,0,0
14.081741,9013,32828,38912,0,0,0,0,0,0,0,0,0,0,0,0,0,0
14.099756,9011,32827,38910,0,0,0,0,0,0,0,0,0,0,0,0,0,0
14.101794,9012,32823,38906,0,0,0,0,0,0,0,0,0,0,0,0,0,0
14.119477,9011,32818,38902,0,0,0,0,0,0,0,0,0,0,0,0,0,0
14.122052,9009,32820,38899,0,0,0,0,0,0,0,0,0,0,0,0,0,0
14.142196,9009,32815,38897,0,0,0,0,0,0,0,0,0,0,0,0,0,0
14.143197,9010,32818,38895,0,0,0,0,0,0,0,0,0,0,0,0,0,0
14.161442,9010,32817,38893,0,0,0,0,0,0,0,0,0,0,0,0,0,0
14.162549,9008,32816,38894,0,0,0,0,0,0,0,0,0,0,0,0,0,0
14.180404,9010,32814,38895,0,0,0,0,0,0,0,0,0,0,0,0,0,0
14.181404,9012,32817,38899,0,0,0,0,0,0,0,0,0,0,0,0,0,0
14.201232,9009,32820,38904,0,0,0,0,0,0,0,0,0,0,0,0,0,0
14.202152,9014,32819,38912,0,0,0,0,0,0,0,0,0,0,0,0,0,0
14.220804,9019,32826,38919,0,0,0,0,0,0,0,0,0,0,0,0,0,0
14.221822,9022,32832,38927,0,0,0,0,0,0,0,0,0,0,0,0,0,0
14.232382,9021,32832,38929,0,0,0,0,0,0,0,0,0,0,0,0,0,0
14.249712,9023,32832,38934,0,0,0,0,0,0,0,0,0,0,0,0,0,0
14.251712,9024,32830,38934,0,0,0,0,0,0,0,0,0,0,0,0,0,0
14.271712,9023,32832,38933,0,0,0,0,0,0,0,0,0,0,0,0,0,0
14.272712,9026,32830,38935,0,0,0,0,0,0,0,0,0,0,0,0,0,0
14.291234,9024,32830,38934,0,0,0,0,0,0,0,0,0,0,0,0,0,0
14.292434,9027,32832,38943,0,0,0,0,0,0,0,0,0,0,0,0,0,0
14.312211,9028,32837,38944,0,0,0,0,0,0,0,0,0,0,0,0,0,0
14.313211,9029,32831,38948,0,0,0,0,0,0,0,0,0,0,0,0,0,0
14.331926,9031,32839,38949,0,0,0,0,0,0,0,0,0,0,0,0,0,0
14.33295,9031,32840,38953,0,0,0,0,0,0,0,0,0,0,0,0,0,0
14.35035,9032,32842,38953,0,0,0,0,0,0,0,0,0,0,0,0,0,0
14.351578,9034,32840,38955,0,0,0,0,0,0,0,0,0,0,0,0,0,0
14.372059,9031,32840,38952,0,0,0,0,0,0,0,0,0,0,0,0,0,0
14.374078,9035,32833,38951,0,0,0,0,0,0,0,0,0,0,0,0,0,0
14.389397,9035,32838,38950,0,0,0,0,0,0,0,0,0,0,0,0,0,0
14.391441,9035,32842,38947,0,0,0,0,0,0,0,0,0,0,0,0,0,0
14.410454,9035,32844,38952,0,0,0,0,0,0,0,0,0,0,0,0,0,0
14.41259,9035,32836,38951,0,0,0,0,0,0,0,0,0,0,0,0,0,0
14.431609,9034,32842,38953,0,0,0,0,0,0,0,0,0,0,0,0,0,0
14.432608,9039,32842,38958,0,0,0,0,0,0,0,0,0,0,0,0,0,0
14.45205,9038,32843,38957,0,0,0,0,0,0,0,0,0,0,0,0,0,0
14.45305,9040,32839,38962,0,0,0,0,0,0,0,0,0,0,0,0,0,0
14.460382,9039,32839,38960,0,0,0,0,0,0,0,0,0,0,0,0,0,0
14.480656,9043,32838,38957,0,0,0,0,0,0,0,0,0,0,0,0,0,0
14.48169,9036,32841,38957,0,0,0,0,0,0,0,0,0,0,0,0,0,0
14.500347,9038,32842,38957,0,0,0,0,0,0,0,0,0,0,0,0,0,0
14.501454,9035,32840,38959,0,0,0,0,0,0,0,0,0,0,0,0,0,0
14.522255,9042,32837,38960,0,0,0,0,0,0,0,0,0,0,0,0,0,0
14.523255,9042,32839,38959,0,0,0,0,0,0,0,0,0,0,0,0,0,0
14.541982,9044,32837,38958,0,0,0,0,0,0,0,0,0,0,0,0,0,0
14.543013,9040,32836,38960,0,0,0,0,0,0,0,0,0,0,0,0,0,0
14.560093,9043,32832,38962,0,0,0,0,0,0,0,0,0,0,0,0,0,0
14.561121,9040,32838,38964,0,0,0,0,0,0,0,0,0,0,0,0,0,0
14.581997,9043,32840,38966,0,0,0,0,0,0,0,0,0,0,0,0,0,0
14.583183,9040,32839,38964,0,0,0,0,0,0,0,0,0,0,0,0,0,0
14.600362,9044,32838,38958,0,0,0,0,0,0,0,0,0,0,0,0,0,0
14.601459,9041,32839,38960,0,0,0,0,0,0,0,0,0,0,0,0,0,0
14.622038,9044,32836,38963,0,0,0,0,0,0,0,0,0,0,0,0,0,0
14.623038,9041,32835,38961,0,0,0,0,0,0,0,0,0,0,0,0,0,0
14.639698,9042,32837,38960,0,0,0,0,0,0,0,0,0,0,0,0,0,0
14.641857,9044,32832,38961,0,0,0,0,0,0,0,0,0,0,0,0,0,0
14.660041,9048,32839,38964,0,0,0,0,0,0,0,0,0,0,0,0,0,0
14.661154,9043,32835,38963,0,0,0,0,0,0,0,0,0,0,0,0,0,0
14.681196,9046,32833,38963,0,0,0,0,0,0,0,0,0,0,0,0,0,0
14.682196,9045,32836,38962,0,0,0,0,0,0,0,0,0,0,0,0,0,0
14.691098,9047,32832,38959,0,0,0,0,0,0,0,0,0,0,0,0,0,0
14.692099,9041,32830,38956,0,0,0,0,0,0,0,0,0,0,0,0,0,0
14.710099,9043,32824,38954,0,0,0,0,0,0,0,0,0,0,0,0,0,0
14.731955,9041,32826,38944,0,0,0,0,0,0,0,0,0,0,0,0,0,0
14.732955,9048,32821,38943,0,0,0,0,0,0,0,0,0,0,0,0,0,0
14.75139,9040,32823,38945,0,0,0,0,0,0,0,0,0,0,0,0,0,0
14.752389,9047,32825,38949,0,0,0,0,0,0,0,0,0,0,0,0,0,0
14.770059,9043,32831,38955,0,0,0,0,0,0,0,0,0,0,0,0,0,0
14.772059,9048,32830,38960,0,0,0,0,0,0,0,0,0,0,0,0,0,0
14.790678,9046,32833,38962,0,0,0,0,0,0,0,0,0,0,0,0,0,0
14.791678,9052,32837,38961,0,0,0,0,0,0,0,0,0,0,0,0,0,0
14.809681,9046,32834,38961,0,0,0,0,0,0,0,0,0,0,0,0,0,0
14.811681,9048,32834,38962,0,0,0,0,0,0,0,0,0,0,0,0,0,0
14.830507,9048,32836,38956,0,0,0,0,0,0,0,0,0,0,0,0,0,0
14.831521,9051,32834,38955,0,0,0,0,0,0,0,0,0,0,0,0,0,0
14.84966,9050,32834,38952,0,0,0,0,0,0,0,0,0,0,0,0,0,0
14.851767,9051,32832,38951,0,0,0,0,0,0,0,0,0,0,0,0,0,0
14.87203,9049,32831,38949,0,0,0,0,0,0,0,0,0,0,0,0,0,0
14.873049,9049,32828,38945,0,0,0,0,0,0,0,0,0,0,0,0,0,0
14.890941,9046,32825,38945,0,0,0,0,0,0,0,0,0,0,0,0,0,0
14.891947,9049,32822,38943,0,0,0,0,0,0,0,0,0,0,0,0,0,0
14.909909,9047,32822,38943,0,0,0,0,0,0,0,0,0,0,0,0,0,0
14.911945,9050,32824,38948,0,0,0,0,0,0,0,0,0,0,0,0,0,0
14.931912,9049,32831,38953,0,0,0,0,0,0,0,0,0,0,0,0,0,0
14.933018,9049,32832,38960,0,0,0,0,0,0,0,0,0,0,0,0,0,0
14.941991,9053,32833,38962,0,0,0,0,0,0,0,0,0,0,0,0,0,0
14.960167,9049,32838,38967,0,0,0,0,0,0,0,0,0,0,0,0,0,0
14.961166,9056,32841,38969,0,0,0,0,0,0,0,0,0,0,0,0,0,0
14.982167,9055,32831,38969,0,0,0,0,0,0,0,0,0,0,0,0,0,0
14.98339,9054,32837,38966,0,0,0,0,0,0,0,0,0,0,0,0,0,0
14.999992,9055,32835,38969,0,0,0,0,0,0,0,0,0,0,0,0,0,0
15.002089,9058,32839,38966,0,0,0,0,0,0,0,0,0,0,0,0,0,0
15.019962,9058,32836,38969,0,0,0,0,0,0,0,0,0,0,0,0,0,0
15.021982,9057,32841,38974,0,0,0,0,0,0,0,0,0,0,0,0,0,0
15.04061,9062,32841,38975,0,0,0,0,0,0,0,0,0,0,0,0,0,0
15.041612,9064,32839,38985,0,0,0,0,0,0,0,0,0,0,0,0,0,0
15.059465,9057,32842,38982,0,0,0,0,0,0,0,0,0,0,0,0,0,0
15.061546,9062,32845,38986,0,0,0,0,0,0,0,0,0,0,0,0,0,0
15.081432,9062,32844,38986,0,0,0,0,0,0,0,0,0,0,0,0,0,0
15.082462,9067,32848,38994,0,0,0,0,0,0,0,0,0,0,0,0,0,0
15.10035,9068,32847,38991,0,0,0,0,0,0,0,0,0,0,0,0,0,0
15.101352,9064,32848,38991,0,0,0,0,0,0,0,0,0,0,0,0,0,0
15.120349,9065,32848,38992,0,0,0,0,0,0,0,0,0,0,0,0,0,0
15.12137,9067,32845,38993,0,0,0,0,0,0,0,0,0,0,0,0,0,0
15.140179,9066,32848,38988,0,0,0,0,0,0,0,0,0,0,0,0,0,0
15.142366,9065,32844,38994,0,0,0,0,0,0,0,0,0,0,0,0,0,0
15.159635,9068,32844,38988,0,0,0,0,0,0,0,0,0,0,0,0,0,0
15.161678,9069,32845,38991,0,0,0,0,0,0,0,0,0,0,0,0,0,0
15.17204,9069,32843,38989,0,0,0,0,0,0,0,0,0,0,0,0,0,0
15.189889,9066,32841,38989,0,0,0,0,0,0,0,0,0,0,0,0,0,0
15.191935,9065,32841,38987,0,0,0,0,0,0,0,0,0,0,0,0,0,0
15.209787,9069,32843,38995,0,0,0,0,0,0,0,0,0,0,0,0,0,0
15.21181,9071,32844,38993,0,0,0,0,0,0,0,0,0,0,0,0,0,0
15.230259,9070,32844,38997,0,0,0,0,0,0,0,0,0,0,0,0,0,0
15.231574,9069,32843,38996,0,0,0,0,0,0,0,0,0,0,0,0,0,0
15.251094,9067,32844,38998,0,0,0,0,0,0,0,0,0,0,0,0,0,0
15.252115,9069,32843,39000,0,0,0,0,0,0,0,0,0,0,0,0,0,0
15.272121,9070,32845,39003,0,0,0,0,0,0,0,0,0,0,0,0,0,0
15.273146,9071,32845,39005,0,0,0,0,0,0,0,0,0,0,0,0,0,0
15.290834,9072,32849,39008,0,0,0,0,0,0,0,0,0,0,0,0,0,0
15.291833,9074,32848,39014,0,0,0,0,0,0,0,0,0,0,0,0,0,0
15.311528,9073,32851,39011,0,0,0,0,0,0,0,0,0,0,0,0,0,0
15.31267,9072,32849,39011,0,0,0,0,0,0,0,0,0,0,0,0,0,0
15.330673,9075,32846,39005,0,0,0,0,0,0,0,0,0,0,0,0,0,0
15.3317,9075,32847,38998,0,0,0,0,0,0,0,0,0,0,0,0,0,0
15.34996,9072,32844,38999,0,0,0,0,0,0,0,0,0,0,0,0,0,0
15.351066,9068,32845,38993,0,0,0,0,0,0,0,0,0,0,0,0,0,0
15.371032,9071,32843,38999,0,0,0,0,0,0,0,0,0,0,0,0,0,0
15.372054,9073,32846,39001,0,0,0,0,0,0,0,0,0,0,0,0,0,0
15.389713,9074,32850,39007,0,0,0,0,0,0,0,0,0,0,0,0,0,0
15.39178,9076,32850,39006,0,0,0,0,0,0,0,0,0,0,0,0,0,0
15.399552,9078,32851,39011,0,0,0,0,0,0,0,0,0,0,0,0,0,0
15.420168,9076,32849,39008,0,0,0,0,0,0,0,0,0,0,0,0,0,0
15.421168,9076,32846,39001,0,0,0,0,0,0,0,0,0,0,0,0,0,0
15.439907,9076,32842,38995,0,0,0,0,0,0,0,0,0,0,0,0,0,0
15.441911,9074,32839,38994,0,0,0,0,0,0,0,0,0,0,0,0,0,0
15.460403,9071,32835,38987,0,0,0,0,0,0,0,0,0,0,0,0,0,0
15.461559,9071,32833,38982,0,0,0,0,0,0,0,0,0,0,0,0,0,0
15.482838,9070,32827,38975,0,0,0,0,0,0,0,0,0,0,0,0,0,0
15.483866,9070,32829,38971,0,0,0,0,0,0,0,0,0,0,0,0,0,0
15.501878,9070,32825,38967,0,0,0,0,0,0,0,0,0,0,0,0,0,0
15.50288,9072,32831,38974,0,0,0,0,0,0,0,0,0,0,0,0,0,0
15.521879,9072,32838,38976,0,0,0,0,0,0,0,0,0,0,0,0,0,0
15.522906,9074,32836,38977,0,0,0,0,0,0,0,0,0,0,0,0,0,0
15.540423,9069,32836,38978,0,0,0,0,0,0,0,0,0,0,0,0,0,0
15.542426,9071,32836,38976,0,0,0,0,0,0,0,0,0,0,0,0,0,0
15.56205,9067,32837,38969,0,0,0,0,0,0,0,0,0,0,0,0,0,0
15.563077,9067,32826,38959,0,0,0,0,0,0,0,0,0,0,0,0,0,0
15.582319,9067,32826,38953,0,0,0,0,0,0,0,0,0,0,0,0,0,0
15.583351,9065,32827,38946,0,0,0,0,0,0,0,0,0,0,0,0,0,0
15.600986,9064,32824,38946,0,0,0,0,0,0,0,0,0,0,0,0,0,0
15.602019,9062,32820,38943,0,0,0,0,0,0,0,0,0,0,0,0,0,0
15.620163,9061,32821,38941,0,0,0,0,0,0,0,0,0,0,0,0,0,0
15.621167,9067,32818,38942,0,0,0,0,0,0,0,0,0,0,0,0,0,0
15.63117,9059,32820,38942,0,0,0,0,0,0,0,0,0,0,0,0,0,0
15.63217,9065,32818,38940,0,0,0,0,0,0,0,0,0,0,0,0,0,0
15.650679,9062,32817,38940,0,0,0,0,0,0,0,0,0,0,0,0,0,0
15.669664,9067,32819,38944,0,0,0,0,0,0,0,0,0,0,0,0,0,0
15.671663,9065,32820,38947,0,0,0,0,0,0,0,0,0,0,0,0,0,0
15.690006,9069,32823,38954,0,0,0,0,0,0,0,0,0,0,0,0,0,0
15.692409,9064,32827,38959,0,0,0,0,0,0,0,0,0,0,0,0,0,0
15.710336,9071,32827,38962,0,0,0,0,0,0,0,0,0,0,0,0,0,0
15.711453,9069,32826,38958,0,0,0,0,0,0,0,0,0,0,0,0,0,0
15.730607,9070,32824,38954,0,0,0,0,0,0,0,0,0,0,0,0,0,0
15.731627,9073,32822,38951,0,0,0,0,0,0,0,0,0,0,0,0,0,0
15.751955,9070,32824,38949,0,0,0,0,0,0,0,0,0,0,0,0,0,0
15.752978,9067,32822,38956,0,0,0,0,0,0,0,0,0,0,0,0,0,0
15.77141,9072,32825,38959,0,0,0,0,0,0,0,0,0,0,0,0,0,0
15.772437,9066,32827,38960,0,0,0,0,0,0,0,0,0,0,0,0,0,0
15.790345,9071,32831,38967,0,0,0,0,0,0,0,0,0,0,0,0,0,0
15.791369,9074,32836,38973,0,0,0,0,0,0,0,0,0,0,0,0,0,0
15.812325,9071,32831,38975,0,0,0,0,0,0,0,0,0,0,0,0,0,0
15.814326,9078,32835,38975,0,0,0,0,0,0,0,0,0,0,0,0,0,0
15.831119,9073,32835,38975,0,0,0,0,0,0,0,0,0,0,0,0,0,0
15.832156,9071,32835,38975,0,0,0,0,0,0,0,0,0,0,0,0,0,0
15.850358,9073,32835,38978,0,0,0,0,0,0,0,0,0,0,0,0,0,0
15.852354,9074,32835,38974,0,0,0,0,0,0,0,0,0,0,0,0,0,0
15.871533,9074,32833,38972,0,0,0,0,0,0,0,0,0,0,0,0,0,0
15.872556,9071,32829,38967,0,0,0,0,0,0,0,0,0,0,0,0,0,0
15.881555,9070,32824,38961,0,0,0,0,0,0,0,0,0,0,0,0,0,0
15.900556,9062,32823,38951,0,0,0,0,0,0,0,0,0,0,0,0,0,0
15.901556,9060,32813,38933,0,0,0,0,0,0,0,0,0,0,0,0,0,0
15.921797,9049,32805,38915,0,0,0,0,0,0,0,0,0,0,0,0,0,0
15.923814,9042,32799,38900,0,0,0,0,0,0,0,0,0,0,0,0,0,0
15.940427,9034,32793,38883,0,0,0,0,0,0,0,0,0,0,0,0,0,0
15.94243,9026,32789,38875,0,0,0,0,0,0,0,0,0,0,0,0,0,0
15.961288,9014,32787,38863,0,0,0,0,0,0,0,0,0,0,0,0,0,0
15.962308,9006,32786,38851,0,0,0,0,0,0,0,0,0,0,0,0,0,0
15.980061,8999,32785,38851,0,0,0,0,0,0,0,0,0,0,0,0,0,0
15.981061,8996,32794,38860,0,0,0,0,0,0,0,0,0,0,0,0,0,0
16.002062,8993,32807,38873,0,0,0,0,0,0,0,0,0,0,0,0,0,0
16.003061,8996,32815,38890,0,0,0,0,0,0,0,0,0,0,0,0,0,0
16.019568,8993,32827,38907,0,0,0,0,0,0,0,0,0,0,0,0,0,0
16.02157,8996,32837,38923,0,0,0,0,0,0,0,0,0,0,0,0,0,0
16.040683,8995,32844,38932,0,0,0,0,0,0,0,0,0,0,0,0,0,0
16.041839,9000,32851,38944,0,0,0,0,0,0,0,0,0,0,0,0,0,0
16.060372,9002,32861,38957,0,0,0,0,0,0,0,0,0,0,0,0,0,0
16.061368,9004,32864,38971,0,0,0,0,0,0,0,0,0,0,0,0,0,0
16.081568,9006,32871,38982,0,0,0,0,0,0,0,0,0,0,0,0,0,0
16.082594,9007,32880,38992,0,0,0,0,0,0,0,0,0,0,0,0,0,0
16.099432,9014,32881,39001,0,0,0,0,0,0,0,0,0,0,0,0,0,0
16.101612,9014,32888,39011,0,0,0,0,0,0,0,0,0,0,0,0,0,0
16.110985,9015,32889,39016,0,0,0,0,0,0,0,0,0,0,0,0,0,0
16.12956,9014,32895,39021,0,0,0,0,0,0,0,0,0,0,0,0,0,0
16.13156,9014,32896,39021,0,0,0,0,0,0,0,0,0,0,0,0,0,0
16.150799,9012,32902,39025,0,0,0,0,0,0,0,0,0,0,0,0,0,0
16.151907,9016,32905,39037,0,0,0,0,0,0,0,0,0,0,0,0,0,0
16.160783,9014,32916,39043,0,0,0,0,0,0,0,0,0,0,0,0,0,0
16.180439,9014,32921,39053,0,0,0,0,0,0,0,0,0,0,0,0,0,0
16.181623,9020,32922,39063,0,0,0,0,0,0,0,0,0,0,0,0,0,0
16.200656,9019,32934,39075,0,0,0,0,0,0,0,0,0,0,0,0,0,0
16.201685,9020,32935,39079,0,0,0,0,0,0,0,0,0,0,0,0,0,0
16.220194,9020,32947,39088,0,0,0,0,0,0,0,0,0,0,0,0,0,0
16.222198,9022,32965,39104,0,0,0,0,0,0,0,0,0,0,0,0,0,0
16.240968,9025,32984,39132,0,0,0,0,0,0,0,0,0,0,0,0,0,0
16.242006,9031,33015,39159,0,0,0,0,0,0,0,0,0,0,0,0,0,0
16.25969,9038,33044,39198,0,0,0,0,0,0,0,0,0,0,0,0,0,0
16.261802,9042,33075,39225,0,0,0,0,0,0,0,0,0,0,0,0,0,0
16.280573,9050,33114,39261,0,0,0,0,0,0,0,0,0,0,0,0,0,0
16.28168,9054,33150,39294,0,0,0,0,0,0,0,0,0,0,0,0,0,0
16.300267,9062,33192,39337,0,0,0,0,0,0,0,0,0,0,0,0,0,0
16.301259,9070,33241,39373,0,0,0,0,0,0,0,0,0,0,0,0,0,0
16.320249,9076,33282,39401,0,0,0,0,0,0,0,0,0,0,0,0,0,0
16.321372,0,0,0,0,0,0,0,0,0,0,0,0,0,0,0,0,0
16.339962,9084,33316,39423,0,0,0,0,0,0,0,0,0,0,0,0,0,0
16.341591,9082,33343,39436,0,0,0,0,0,0,0,0,0,0,0,0,0,0
16.361238,9079,33351,39429,0,0,0,0,0,0,0,0,0,0,0,0,0,0
16.363261,9074,33351,39415,0,0,0,0,0,0,0,0,0,0,0,0,0,0
16.380189,9069,33352,39404,0,0,0,0,0,0,0,0,0,0,0,0,0,0
16.381367,9059,33351,39393,0,0,0,0,0,0,0,0,0,0,0,0,0,0
16.390945,9056,33351,39386,0,0,0,0,0,0,0,0,0,0,0,0,0,0
16.391977,9046,33354,39384,0,0,0,0,0,0,0,0,0,0,0,0,0,0
16.410093,9038,33355,39372,0,0,0,0,0,0,0,0,0,0,0,0,0,0
16.432181,9017,33355,39369,0,0,0,0,0,0,0,0,0,0,0,0,0,0
16.433181,9005,33361,39354,0,0,0,0,0,0,0,0,0,0,0,0,0,0
16.451487,8989,33364,39356,0,0,0,0,0,0,0,0,0,0,0,0,0,0
16.452588,8975,33368,39352,0,0,0,0,0,0,0,0,0,0,0,0,0,0
16.470084,8969,33381,39356,0,0,0,0,0,0,0,0,0,0,0,0,0,0
16.472501,8958,33391,39356,0,0,0,0,0,0,0,0,0,0,0,0,0,0
16.491907,8954,33394,39358,0,0,0,0,0,0,0,0,0,0,0,0,0,0
16.492907,8950,33403,39363,0,0,0,0,0,0,0,0,0,0,0,0,0,0
16.510231,8947,33408,39369,0,0,0,0,0,0,0,0,0,0,0,0,0,0
16.512245,8945,33415,39372,0,0,0,0,0,0,0,0,0,0,0,0,0,0
16.529926,8943,33420,39367,0,0,0,0,0,0,0,0,0,0,0,0,0,0
16.531412,8935,33419,39360,0,0,0,0,0,0,0,0,0,0,0,0,0,0
16.55097,8932,33415,39360,0,0,0,0,0,0,0,0,0,0,0,0,0,0
16.551994,8926,33413,39341,0,0,0,0,0,0,0,0,0,0,0,0,0,0
16.570058,8921,33411,39334,0,0,0,0,0,0,0,0,0,0,0,0,0,0
16.572058,8914,33409,39328,0,0,0,0,0,0,0,0,0,0,0,0,0,0
16.591313,8913,33410,39333,0,0,0,0,0,0,0,0,0,0,0,0,0,0
16.592313,8909,33423,39341,0,0,0,0,0,0,0,0,0,0,0,0,0,0
16.610279,8911,33424,39347,0,0,0,0,0,0,0,0,0,0,0,0,0,0
16.611279,8906,33422,39341,0,0,0,0,0,0,0,0,0,0,0,0,0,0
16.631791,8907,33420,39333,0,0,0,0,0,0,0,0,0,0,0,0,0,0
16.632791,8899,33415,39328,0,0,0,0,0,0,0,0,0,0,0,0,0,0
16.641511,8893,33412,39325,0,0,0,0,0,0,0,0,0,0,0,0,0,0
16.661356,8887,33411,39318,0,0,0,0,0,0,0,0,0,0,0,0,0,0
16.662352,8884,33414,39324,0,0,0,0,0,0,0,0,0,0,0,0,0,0
16.680573,8885,33422,39340,0,0,0,0,0,0,0,0,0,0,0,0,0,0
16.682574,8887,33431,39357,0,0,0,0,0,0,0,0,0,0,0,0,0,0
16.700063,8887,33442,39371,0,0,0,0,0,0,0,0,0,0,0,0,0,0
16.70109,8891,33448,39390,0,0,0,0,0,0,0,0,0,0,0,0,0,0
16.720346,8890,33453,39407,0,0,0,0,0,0,0,0,0,0,0,0,0,0
16.721849,8888,33453,39420,0,0,0,0,0,0,0,0,0,0,0,0,0,0
16.740784,8888,33449,39429,0,0,0,0,0,0,0,0,0,0,0,0,0,0
16.742301,8886,33446,39437,0,0,0,0,0,0,0,0,0,0,0,0,0,0
16.760303,8882,33438,39440,0,0,0,0,0,0,0,0,0,0,0,0,0,0
16.761303,8881,33428,39451,0,0,0,0,0,0,0,0,0,0,0,0,0,0
16.780311,8874,33424,39451,0,0,0,0,0,0,0,0,0,0,0,0,0,0
16.781311,8866,33409,39456,0,0,0,0,0,0,0,0,0,0,0,0,0,0
16.799585,8862,33388,39448,0,0,0,0,0,0,0,0,0,0,0,0,0,0
16.801613,8856,33363,39442,0,0,0,0,0,0,0,0,0,0,0,0,0,0
16.819502,8852,33337,39425,0,0,0,0,0,0,0,0,0,0,0,0,0,0
16.821651,8850,33329,39415,0,0,0,0,0,0,0,0,0,0,0,0,0,0
16.84199,8846,33320,39417,0,0,0,0,0,0,0,0,0,0,0,0,0,0
16.843185,8843,33314,39416,0,0,0,0,0,0,0,0,0,0,0,0,0,0
16.86047,8846,33305,39419,0,0,0,0,0,0,0,0,0,0,0,0,0,0
16.86153,8840,33294,39423,0,0,0,0,0,0,0,0,0,0,0,0,0,0
16.870045,8835,33284,39431,0,0,0,0,0,0,0,0,0,0,0,0,0,0
16.890316,8832,33281,39437,0,0,0,0,0,0,0,0,0,0,0,0,0,0
16.892313,8831,33277,39445,0,0,0,0,0,0,0,0,0,0,0,0,0,0
16.912408,8833,33272,39460,0,0,0,0,0,0,0,0,0,0,0,0,0,0
16.91345,8837,33277,39478,0,0,0,0,0,0,0,0,0,0,0,0,0,0
16.931958,8836,33275,39492,0,0,0,0,0,0,0,0,0,0,0,0,0,0
16.932959,8836,33272,39498,0,0,0,0,0,0,0,0,0,0,0,0,0,0
16.949466,8830,33258,39497,0,0,0,0,0,0,0,0,0,0,0,0,0,0
16.951466,8824,33251,39500,0,0,0,0,0,0,0,0,0,0,0,0,0,0
16.970466,8818,33244,39501,0,0,0,0,0,0,0,0,0,0,0,0,0,0
16.971466,8817,33247,39498,0,0,0,0,0,0,0,0,0,0,0,0,0,0
16.991462,8814,33248,39501,0,0,0,0,0,0,0,0,0,0,0,0,0,0
16.992752,8811,33251,39509,0,0,0,0,0,0,0,0,0,0,0,0,0,0
17.011047,8804,33249,39511,0,0,0,0,0,0,0,0,0,0,0,0,0,0
17.013066,8790,33237,39500,0,0,0,0,0,0,0,0,0,0,0,0,0,0
17.032143,8770,33217,39473,0,0,0,0,0,0,0,0,0,0,0,0,0,0
17.03325,8749,33186,39437,0,0,0,0,0,0,0,0,0,0,0,0,0,0
17.051639,8720,33155,39400,0,0,0,0,0,0,0,0,0,0,0,0,0,0
17.052639,8692,33116,39380,0,0,0,0,0,0,0,0,0,0,0,0,0,0
17.071836,8669,33070,39347,0,0,0,0,0,0,0,0,0,0,0,0,0,0
17.072836,8645,33036,39321,0,0,0,0,0,0,0,0,0,0,0,0,0,0
17.090691,8628,33008,39290,0,0,0,0,0,0,0,0,0,0,0,0,0,0
17.091946,8609,32979,39248,0,0,0,0,0,0,0,0,0,0,0,0,0,0
17.100349,8595,32939,39200,0,0,0,0,0,0,0,0,0,0,0,0,0,0
17.122129,8572,32901,39149,0,0,0,0,0,0,0,0,0,0,0,0,0,0
17.123358,8556,32869,39100,0,0,0,0,0,0,0,0,0,0,0,0,0,0
17.142359,8540,32843,39071,0,0,0,0,0,0,0,0,0,0,0,0,0,0
17.143867,8521,32828,39043,0,0,0,0,0,0,0,0,0,0,0,0,0,0
17.160567,8510,32813,39024,0,0,0,0,0,0,0,0,0,0,0,0,0,0
17.161566,8495,32805,39010,0,0,0,0,0,0,0,0,0,0,0,0,0,0
17.182261,8479,32797,38997,0,0,0,0,0,0,0,0,0,0,0,0,0,0
17.183261,8468,32794,38987,0,0,0,0,0,0,0,0,0,0,0,0,0,0
17.200402,8455,32789,38988,0,0,0,0,0,0,0,0,0,0,0,0,0,0
17.201422,8442,32797,38987,0,0,0,0,0,0,0,0,0,0,0,0,0,0
17.219468,8437,32805,38992,0,0,0,0,0,0,0,0,0,0,0,0,0,0
17.221469,8427,32811,38998,0,0,0,0,0,0,0,0,0,0,0,0,0,0
17.242483,8421,32817,39016,0,0,0,0,0,0,0,0,0,0,0,0,0,0
17.244485,8420,32834,39026,0,0,0,0,0,0,0,0,0,0,0,0,0,0
17.259677,8421,32844,39045,0,0,0,0,0,0,0,0,0,0,0,0,0,0
17.261714,8420,32846,39055,0,0,0,0,0,0,0,0,0,0,0,0,0,0
17.280246,8419,32856,39072,0,0,0,0,0,0,0,0,0,0,0,0,0,0
17.281247,8424,32865,39084,0,0,0,0,0,0,0,0,0,0,0,0,0,0
17.290846,8427,32882,39121,0,0,0,0,0,0,0,0,0,0,0,0,0,0
17.311583,8436,32899,39147,0,0,0,0,0,0,0,0,0,0,0,0,0,0
17.312608,8441,32908,39178,0,0,0,0,0,0,0,0,0,0,0,0,0,0
17.330272,8444,32912,39184,0,0,0,0,0,0,0,0,0,0,0,0,0,0
17.331272,8442,32903,39174,0,0,0,0,0,0,0,0,0,0,0,0,0,0
17.35108,8434,32885,39141,0,0,0,0,0,0,0,0,0,0,0,0,0,0
17.352103,8422,32854,39105,0,0,0,0,0,0,0,0,0,0,0,0,0,0
17.372103,8401,32810,39052,0,0,0,0,0,0,0,0,0,0,0,0,0,0
17.373104,8377,32756,38990,0,0,0,0,0,0,0,0,0,0,0,0,0,0
17.389691,8352,32692,38910,0,0,0,0,0,0,0,0,0,0,0,0,0,0
17.391872,8327,32584,38806,0,0,0,0,0,0,0,0,0,0,0,0,0,0
17.409511,8300,32443,38663,0,0,0,0,0,0,0,0,0,0,0,0,0,0
17.411863,8282,32304,38524,0,0,0,0,0,0,0,0,0,0,0,0,0,0
17.431375,8266,32204,38420,0,0,0,0,0,0,0,0,0,0,0,0,0,0
17.432399,8259,32138,38348,0,0,0,0,0,0,0,0,0,0,0,0,0,0
17.451009,8243,32087,38298,0,0,0,0,0,0,0,0,0,0,0,0,0,0
17.452009,8227,32026,38274,0,0,0,0,0,0,0,0,0,0,0,0,0,0
17.462009,8212,31975,38259,0,0,0,0,0,0,0,0,0,0,0,0,0,0
17.481114,8200,31940,38247,0,0,0,0,0,0,0,0,0,0,0,0,0,0
17.482133,8188,31933,38247,0,0,0,0,0,0,0,0,0,0,0,0,0,0
17.499981,8179,31934,38275,0,0,0,0,0,0,0,0,0,0,0,0,0,0
17.502057,8170,31961,38314,0,0,0,0,0,0,0,0,0,0,0,0,0,0
17.520108,8168,31991,38347,0,0,0,0,0,0,0,0,0,0,0,0,0,0
17.522108,8161,32008,38365,0,0,0,0,0,0,0,0,0,0,0,0,0,0
17.539625,8157,32020,38393,0,0,0,0,0,0,0,0,0,0,0,0,0,0
17.541624,8149,32023,38412,0,0,0,0,0,0,0,0,0,0,0,0,0,0
17.561961,8148,32029,38431,0,0,0,0,0,0,0,0,0,0,0,0,0,0
17.562962,8146,32037,38436,0,0,0,0,0,0,0,0,0,0,0,0,0,0
17.580419,8141,32044,38456,0,0,0,0,0,0,0,0,0,0,0,0,0,0
17.581442,8136,32053,38456,0,0,0,0,0,0,0,0,0,0,0,0,0,0
17.599743,8131,32060,38460,0,0,0,0,0,0,0,0,0,0,0,0,0,0
17.601769,8126,32064,38462,0,0,0,0,0,0,0,0,0,0,0,0,0,0
17.621614,8121,32069,38472,0,0,0,0,0,0,0,0,0,0,0,0,0,0
17.622633,8114,32079,38472,0,0,0,0,0,0,0,0,0,0,0,0,0,0
17.640774,8106,32082,38480,0,0,0,0,0,0,0,0,0,0,0,0,0,0
17.642118,8102,32086,38482,0,0,0,0,0,0,0,0,0,0,0,0,0,0
17.660245,8097,32095,38493,0,0,0,0,0,0,0,0,0,0,0,0,0,0
17.661355,8094,32106,38503,0,0,0,0,0,0,0,0,0,0,0,0,0,0
17.679514,8093,32118,38523,0,0,0,0,0,0,0,0,0,0,0,0,0,0
17.681096,8091,32130,38536,0,0,0,0,0,0,0,0,0,0,0,0,0,0
17.691607,8094,32151,38567,0,0,0,0,0,0,0,0,0,0,0,0,0,0
17.709608,8097,32178,38598,0,0,0,0,0,0,0,0,0,0,0,0,0,0
17.711609,8105,32211,38637,0,0,0,0,0,0,0,0,0,0,0,0,0,0
17.731116,8102,32236,38650,0,0,0,0,0,0,0,0,0,0,0,0,0,0
17.733116,8096,32258,38670,0,0,0,0,0,0,0,0,0,0,0,0,0,0
17.750255,8092,32278,38687,0,0,0,0,0,0,0,0,0,0,0,0,0,0
17.751422,8081,32280,38708,0,0,0,0,0,0,0,0,0,0,0,0,0,0
17.769445,8057,32286,38725,0,0,0,0,0,0,0,0,0,0,0,0,0,0
17.772446,8035,32289,38736,0,0,0,0,0,0,0,0,0,0,0,0,0,0
17.79047,8007,32289,38716,0,0,0,0,0,0,0,0,0,0,0,0,0,0
17.79147,7983,32286,38647,0,0,0,0,0,0,0,0,0,0,0,0,0,0
17.811671,7953,32237,38554,0,0,0,0,0,0,0,0,0,0,0,0,0,0
17.816392,7908,32116,38500,0,0,0,0,0,0,0,0,0,0,0,0,0,0
17.830301,7838,32012,38470,0,0,0,0,0,0,0,0,0,0,0,0,0,0
17.831302,7747,31948,38460,0,0,0,0,0,0,0,0,0,0,0,0,0,0
17.849713,7670,31858,38383,0,0,0,0,0,0,0,0,0,0,0,0,0,0
17.851756,7631,31750,38321,0,0,0,0,0,0,0,0,0,0,0,0,0,0
17.871799,7612,31695,38277,0,0,0,0,0,0,0,0,0,0,0,0,0,0
17.872825,7596,31658,38235,0,0,0,0,0,0,0,0,0,0,0,0,0,0
17.891238,7582,31635,38210,0,0,0,0,0,0,0,0,0,0,0,0,0,0
17.892723,7567,31604,38181,0,0,0,0,0,0,0,0,0,0,0,0,0,0
17.909622,7555,31596,38168,0,0,0,0,0,0,0,0,0,0,0,0,0,0
17.911623,7545,31587,38163,0,0,0,0,0,0,0,0,0,0,0,0,0,0
17.920359,7533,31586,38156,0,0,0,0,0,0,0,0,0,0,0,0,0,0
17.939887,7515,31572,38136,0,0,0,0,0,0,0,0,0,0,0,0,0,0
17.942394,7497,31560,38114,0,0,0,0,0,0,0,0,0,0,0,0,0,0
17.960495,7479,31544,38095,0,0,0,0,0,0,0,0,0,0,0,0,0,0
17.9616,7465,31538,38085,0,0,0,0,0,0,0,0,0,0,0,0,0,0
17.981164,7444,31536,38083,0,0,0,0,0,0,0,0,0,0,0,0,0,0
17.982164,7426,31536,38075,0,0,0,0,0,0,0,0,0,0,0,0,0,0
17.999551,7412,31522,38066,0,0,0,0,0,0,0,0,0,0,0,0,0,0
18.001591,7390,31522,38056,0,0,0,0,0,0,0,0,0,0,0,0,0,0
18.02022,7376,31520,38058,0,0,0,0,0,0,0,0,0,0,0,0,0,0
18.021251,7356,31528,38060,0,0,0,0,0,0,0,0,0,0,0,0,0,0
18.039497,7345,31527,38063,0,0,0,0,0,0,0,0,0,0,0,0,0,0
18.042316,7326,31530,38068,0,0,0,0,0,0,0,0,0,0,0,0,0,0
18.061375,7317,31527,38073,0,0,0,0,0,0,0,0,0,0,0,0,0,0
18.062402,7305,31534,38076,0,0,0,0,0,0,0,0,0,0,0,0,0,0
18.070048,7291,31528,38073,0,0,0,0,0,0,0,0,0,0,0,0,0,0
18.09073,7274,31526,38071,0,0,0,0,0,0,0,0,0,0,0,0,0,0
18.091732,7263,31519,38073,0,0,0,0,0,0,0,0,0,0,0,0,0,0
18.110403,7248,31522,38071,0,0,0,0,0,0,0,0,0,0,0,0,0,0
18.111406,7238,31521,38081,0,0,0,0,0,0,0,0,0,0,0,0,0,0
18.13028,7230,31525,38090,0,0,0,0,0,0,0,0,0,0,0,0,0,0
18.131503,7224,31519,38101,0,0,0,0,0,0,0,0,0,0,0,0,0,0
18.150109,7215,31527,38112,0,0,0,0,0,0,0,0,0,0,0,0,0,0
18.151099,7211,31525,38113,0,0,0,0,0,0,0,0,0,0,0,0,0,0
18.170078,7202,31523,38110,0,0,0,0,0,0,0,0,0,0,0,0,0,0
18.171098,7199,31516,38113,0,0,0,0,0,0,0,0,0,0,0,0,0,0
18.19031,7191,31523,38120,0,0,0,0,0,0,0,0,0,0,0,0,0,0
18.191807,7189,31517,38128,0,0,0,0,0,0,0,0,0,0,0,0,0,0
18.208949,7181,31523,38131,0,0,0,0,0,0,0,0,0,0,0,0,0,0
18.211586,7176,31512,38127,0,0,0,0,0,0,0,0,0,0,0,0,0,0
18.231962,7171,31508,38122,0,0,0,0,0,0,0,0,0,0,0,0,0,0
18.232992,7161,31496,38115,0,0,0,0,0,0,0,0,0,0,0,0,0,0
18.249576,7152,31490,38101,0,0,0,0,0,0,0,0,0,0,0,0,0,0
18.251619,7144,31477,38086,0,0,0,0,0,0,0,0,0,0,0,0,0,0
18.271993,7134,31474,38086,0,0,0,0,0,0,0,0,0,0,0,0,0,0
18.273273,7131,31471,38090,0,0,0,0,0,0,0,0,0,0,0,0,0,0
18.28997,7125,31476,38096,0,0,0,0,0,0,0,0,0,0,0,0,0,0
18.292257,7120,31470,38103,0,0,0,0,0,0,0,0,0,0,0,0,0,0
18.299868,7119,31471,38108,0,0,0,0,0,0,0,0,0,0,0,0,0,0
18.301771,7116,31467,38114,0,0,0,0,0,0,0,0,0,0,0,0,0,0
18.321084,7112,31467,38115,0,0,0,0,0,0,0,0,0,0,0,0,0,0
18.341744,7109,31456,38112,0,0,0,0,0,0,0,0,0,0,0,0,0,0
18.342806,7106,31454,38106,0,0,0,0,0,0,0,0,0,0,0,0,0,0
18.360497,7102,31442,38100,0,0,0,0,0,0,0,0,0,0,0,0,0,0
18.361418,7094,31437,38093,0,0,0,0,0,0,0,0,0,0,0,0,0,0
18.381476,7092,31425,38084,0,0,0,0,0,0,0,0,0,0,0,0,0,0
18.382583,7087,31419,38073,0,0,0,0,0,0,0,0,0,0,0,0,0,0
18.399397,7080,31409,38058,0,0,0,0,0,0,0,0,0,0,0,0,0,0
18.401397,7070,31399,38039,0,0,0,0,0,0,0,0,0,0,0,0,0,0
18.421614,7067,31381,38020,0,0,0,0,0,0,0,0,0,0,0,0,0,0
18.423615,7053,31364,37992,0,0,0,0,0,0,0,0,0,0,0,0,0,0
18.441103,7047,31352,37974,0,0,0,0,0,0,0,0,0,0,0,0,0,0
18.442136,7040,31344,37963,0,0,0,0,0,0,0,0,0,0,0,0,0,0
18.459403,7031,31337,37953,0,0,0,0,0,0,0,0,0,0,0,0,0,0
18.461411,7023,31325,37943,0,0,0,0,0,0,0,0,0,0,0,0,0,0
18.480111,7020,31321,37936,0,0,0,0,0,0,0,0,0,0,0,0,0,0
18.482111,7014,31304,37926,0,0,0,0,0,0,0,0,0,0,0,0,0,0
18.500111,7006,31306,37919,0,0,0,0,0,0,0,0,0,0,0,0,0,0
18.501111,7001,31294,37902,0,0,0,0,0,0,0,0,0,0,0,0,0,0
18.52127,6994,31285,37883,0,0,0,0,0,0,0,0,0,0,0,0,0,0
18.522295,6983,31259,37855,0,0,0,0,0,0,0,0,0,0,0,0,0,0
18.541397,6972,31250,37822,0,0,0,0,0,0,0,0,0,0,0,0,0,0
18.543396,6958,31231,37791,0,0,0,0,0,0,0,0,0,0,0,0,0,0
18.550904,6940,31214,37756,0,0,0,0,0,0,0,0,0,0,0,0,0,0
18.569904,6921,31200,37717,0,0,0,0,0,0,0,0,0,0,0,0,0,0
18.571904,6899,31182,37683,0,0,0,0,0,0,0,0,0,0,0,0,0,0
18.590992,6879,31158,37646,0,0,0,0,0,0,0,0,0,0,0,0,0,0
18.593011,6853,31142,37613,0,0,0,0,0,0,0,0,0,0,0,0,0,0
18.611563,6830,31130,37588,0,0,0,0,0,0,0,0,0,0,0,0,0,0
18.612563,6808,31123,37569,0,0,0,0,0,0,0,0,0,0,0,0,0,0
18.630762,6789,31120,37561,0,0,0,0,0,0,0,0,0,0,0,0,0,0
18.631947,6772,31121,37561,0,0,0,0,0,0,0,0,0,0,0,0,0,0
18.650153,6755,31119,37569,0,0,0,0,0,0,0,0,0,0,0,0,0,0
18.651153,6743,31125,37579,0,0,0,0,0,0,0,0,0,0,0,0,0,0
18.670595,6731,31127,37591,0,0,0,0,0,0,0,0,0,0,0,0,0,0
18.671619,6720,31133,37597,0,0,0,0,0,0,0,0,0,0,0,0,0,0
18.691667,6709,31122,37593,0,0,0,0,0,0,0,0,0,0,0,0,0,0
18.693667,6697,31123,37594,0,0,0,0,0,0,0,0,0,0,0,0,0,0
18.710667,6684,31114,37587,0,0,0,0,0,0,0,0,0,0,0,0,0,0
18.711667,6672,31112,37576,0,0,0,0,0,0,0,0,0,0,0,0,0,0
18.729856,6659,31103,37560,0,0,0,0,0,0,0,0,0,0,0,0,0,0
18.731925,6645,31096,37552,0,0,0,0,0,0,0,0,0,0,0,0,0,0
18.749927,6636,31084,37540,0,0,0,0,0,0,0,0,0,0,0,0,0,0
18.752003,6620,31080,37531,0,0,0,0,0,0,0,0,0,0,0,0,0,0
18.769681,6609,31077,37525,0,0,0,0,0,0,0,0,0,0,0,0,0,0
18.771682,6600,31068,37518,0,0,0,0,0,0,0,0,0,0,0,0,0,0
18.78035,6593,31064,37514,0,0,0,0,0,0,0,0,0,0,0,0,0,0
18.800345,6584,31059,37505,0,0,0,0,0,0,0,0,0,0,0,0,0,0
18.802576,6575,31047,37496,0,0,0,0,0,0,0,0,0,0,0,0,0,0
18.820783,6565,31046,37485,0,0,0,0,0,0,0,0,0,0,0,0,0,0
18.821783,6556,31035,37471,0,0,0,0,0,0,0,0,0,0,0,0,0,0
18.840674,6548,31026,37466,0,0,0,0,0,0,0,0,0,0,0,0,0,0
18.841775,6542,31021,37463,0,0,0,0,0,0,0,0,0,0,0,0,0,0
18.862184,6534,31026,37464,0,0,0,0,0,0,0,0,0,0,0,0,0,0
18.863218,6529,31021,37471,0,0,0,0,0,0,0,0,0,0,0,0,0,0
18.880148,6521,31024,37475,0,0,0,0,0,0,0,0,0,0,0,0,0,0
18.881184,6519,31020,37474,0,0,0,0,0,0,0,0,0,0,0,0,0,0
18.899849,6515,31025,37480,0,0,0,0,0,0,0,0,0,0,0,0,0,0
18.901901,6507,31019,37478,0,0,0,0,0,0,0,0,0,0,0,0,0,0
18.919941,6505,31021,37475,0,0,0,0,0,0,0,0,0,0,0,0,0,0
18.920969,6499,31012,37474,0,0,0,0,0,0,0,0,0,0,0,0,0,0
18.940173,6496,31013,37476,0,0,0,0,0,0,0,0,0,0,0,0,0,0
18.942172,6491,31006,37464,0,0,0,0,0,0,0,0,0,0,0,0,0,0
18.961995,6485,31001,37453,0,0,0,0,0,0,0,0,0,0,0,0,0,0
18.963002,6481,30989,37448,0,0,0,0,0,0,0,0,0,0,0,0,0,0
18.982002,6473,30990,37439,0,0,0,0,0,0,0,0,0,0,0,0,0,0
18.983002,6469,30982,37434,0,0,0,0,0,0,0,0,0,0,0,0,0,0
19.001246,6462,30983,37430,0,0,0,0,0,0,0,0,0,0,0,0,0,0
19.002357,6458,30975,37428,0,0,0,0,0,0,0,0,0,0,0,0,0,0
19.021966,6455,30975,37427,0,0,0,0,0,0,0,0,0,0,0,0,0,0
19.023965,6452,30968,37426,0,0,0,0,0,0,0,0,0,0,0,0,0,0
19.030472,6446,30968,37425,0,0,0,0,0,0,0,0,0,0,0,0,0,0
19.031471,6441,30961,37424,0,0,0,0,0,0,0,0,0,0,0,0,0,0
19.051226,6440,30963,37425,0,0,0,0,0,0,0,0,0,0,0,0,0,0
19.071532,6436,30959,37430,0,0,0,0,0,0,0,0,0,0,0,0,0,0
19.073532,6434,30956,37430,0,0,0,0,0,0,0,0,0,0,0,0,0,0
19.092011,6434,30951,37432,0,0,0,0,0,0,0,0,0,0,0,0,0,0
19.094362,6433,30959,37435,0,0,0,0,0,0,0,0,0,0,0,0,0,0
19.110429,6433,30951,37433,0,0,0,0,0,0,0,0,0,0,0,0,0,0
19.111607,6431,30955,37432,0,0,0,0,0,0,0,0,0,0,0,0,0,0
19.130366,6430,30945,37432,0,0,0,0,0,0,0,0,0,0,0,0,0,0
19.131469,6428,30950,37427,0,0,0,0,0,0,0,0,0,0,0,0,0,0
19.151234,6426,30939,37425,0,0,0,0,0,0,0,0,0,0,0,0,0,0
19.153253,6424,30940,37421,0,0,0,0,0,0,0,0,0,0,0,0,0,0
19.171726,6421,30931,37414,0,0,0,0,0,0,0,0,0,0,0,0,0,0
19.172726,6420,30928,37410,0,0,0,0,0,0,0,0,0,0,0,0,0,0
19.191266,6420,30922,37407,0,0,0,0,0,0,0,0,0,0,0,0,0,0
19.192266,6418,30927,37404,0,0,0,0,0,0,0,0,0,0,0,0,0,0
19.211266,6416,30925,37410,0,0,0,0,0,0,0,0,0,0,0,0,0,0
19.212265,6419,30928,37416,0,0,0,0,0,0,0,0,0,0,0,0,0,0
19.229443,6417,30926,37426,0,0,0,0,0,0,0,0,0,0,0,0,0,0
19.231523,6420,30926,37425,0,0,0,0,0,0,0,0,0,0,0,0,0,0
19.25,6419,30924,37420,0,0,0,0,0,0,0,0,0,0,0,0,0,0
19.252029,6420,30921,37419,0,0,0,0,0,0,0,0,0,0,0,0,0,0
19.270189,6420,30912,37411,0,0,0,0,0,0,0,0,0,0,0,0,0,0
19.272189,6417,30914,37402,0,0,0,0,0,0,0,0,0,0,0,0,0,0
19.281637,6414,30903,37391,0,0,0,0,0,0,0,0,0,0,0,0,0,0
19.300214,6412,30901,37380,0,0,0,0,0,0,0,0,0,0,0,0,0,0
19.301215,6407,30890,37361,0,0,0,0,0,0,0,0,0,0,0,0,0,0
19.319512,6400,30888,37348,0,0,0,0,0,0,0,0,0,0,0,0,0,0
19.321512,6392,30873,37334,0,0,0,0,0,0,0,0,0,0,0,0,0,0
19.341369,6387,30877,37320,0,0,0,0,0,0,0,0,0,0,0,0,0,0
19.342393,6376,30870,37312,0,0,0,0,0,0,0,0,0,0,0,0,0,0
19.359899,6364,30869,37303,0,0,0,0,0,0,0,0,0,0,0,0,0,0
19.362052,6356,30865,37296,0,0,0,0,0,0,0,0,0,0,0,0,0,0
19.381351,6346,30867,37293,0,0,0,0,0,0,0,0,0,0,0,0,0,0
19.382354,6340,30860,37287,0,0,0,0,0,0,0,0,0,0,0,0,0,0
19.399522,6329,30863,37283,0,0,0,0,0,0,0,0,0,0,0,0,0,0
19.401644,6321,30855,37273,0,0,0,0,0,0,0,0,0,0,0,0,0,0
19.421982,6310,30855,37266,0,0,0,0,0,0,0,0,0,0,0,0,0,0
19.422982,6302,30847,37256,0,0,0,0,0,0,0,0,0,0,0,0,0,0
19.439685,6289,30844,37247,0,0,0,0,0,0,0,0,0,0,0,0,0,0
19.441749,6283,30838,37235,0,0,0,0,0,0,0,0,0,0,0,0,0,0
19.460867,6272,30832,37223,0,0,0,0,0,0,0,0,0,0,0,0,0,0
19.461866,6267,30829,37213,0,0,0,0,0,0,0,0,0,0,0,0,0,0
19.481866,6258,30825,37211,0,0,0,0,0,0,0,0,0,0,0,0,0,0
19.482866,6249,30822,37206,0,0,0,0,0,0,0,0,0,0,0,0,0,0
19.501267,6242,30821,37204,0,0,0,0,0,0,0,0,0,0,0,0,0,0
19.502268,6239,30817,37204,0,0,0,0,0,0,0,0,0,0,0,0,0,0
19.511489,6233,30823,37211,0,0,0,0,0,0,0,0,0,0,0,0,0,0
19.528985,6228,30818,37210,0,0,0,0,0,0,0,0,0,0,0,0,0,0
19.531497,6219,30820,37211,0,0,0,0,0,0,0,0,0,0,0,0,0,0
19.551274,6222,30815,37215,0,0,0,0,0,0,0,0,0,0,0,0,0,0
19.552269,6219,30822,37220,0,0,0,0,0,0,0,0,0,0,0,0,0,0
19.570571,6219,30823,37219,0,0,0,0,0,0,0,0,0,0,0,0,0,0
19.571571,6213,30821,37222,0,0,0,0,0,0,0,0,0,0,0,0,0,0
19.590034,6211,30822,37221,0,0,0,0,0,0,0,0,0,0,0,0,0,0
19.591134,6211,30820,37223,0,0,0,0,0,0,0,0,0,0,0,0,0,0
19.611014,6212,30818,37223,0,0,0,0,0,0,0,0,0,0,0,0,0,0
19.612028,6207,30818,37227,0,0,0,0,0,0,0,0,0,0,0,0,0,0
19.630944,6207,30818,37236,0,0,0,0,0,0,0,0,0,0,0,0,0,0
19.631953,6203,30824,37235,0,0,0,0,0,0,0,0,0,0,0,0,0,0
19.649522,6211,30826,37248,0,0,0,0,0,0,0,0,0,0,0,0,0,0
19.651523,6210,30830,37257,0,0,0,0,0,0,0,0,0,0,0,0,0,0
19.669822,6214,30830,37264,0,0,0,0,0,0,0,0,0,0,0,0,0,0
19.671874,6212,30836,37272,0,0,0,0,0,0,0,0,0,0,0,0,0,0
19.690578,6217,30837,37275,0,0,0,0,0,0,0,0,0,0,0,0,0,0
19.692578,6215,30840,37283,0,0,0,0,0,0,0,0,0,0,0,0,0,0
19.710336,6225,30843,37286,0,0,0,0,0,0,0,0,0,0,0,0,0,0
19.711484,6219,30839,37288,0,0,0,0,0,0,0,0,0,0,0,0,0,0
19.730571,6229,30841,37293,0,0,0,0,0,0,0,0,0,0,0,0,0,0
19.731571,6225,30842,37293,0,0,0,0,0,0,0,0,0,0,0,0,0,0
19.741883,6232,30845,37301,0,0,0,0,0,0,0,0,0,0,0,0,0,0
19.761389,6232,30845,37305,0,0,0,0,0,0,0,0,0,0,0,0,0,0
19.762389,6233,30847,37315,0,0,0,0,0,0,0,0,0,0,0,0,0,0
19.781146,6236,30849,37325,0,0,0,0,0,0,0,0,0,0,0,0,0,0
19.782332,6246,30853,37331,0,0,0,0,0,0,0,0,0,0,0,0,0,0
19.800365,6245,30852,37336,0,0,0,0,0,0,0,0,0,0,0,0,0,0
19.801405,6250,30854,37345,0,0,0,0,0,0,0,0,0,0,0,0,0,0
19.821606,6253,30857,37349,0,0,0,0,0,0,0,0,0,0,0,0,0,0
19.822607,6260,30856,37350,0,0,0,0,0,0,0,0,0,0,0,0,0,0
19.841393,6260,30857,37350,0,0,0,0,0,0,0,0,0,0,0,0,0,0
19.842427,6265,30858,37359,0,0,0,0,0,0,0,0,0,0,0,0,0,0
19.860245,6267,30859,37360,0,0,0,0,0,0,0,0,0,0,0,0,0,0
19.862528,6272,30857,37364,0,0,0,0,0,0,0,0,0,0,0,0,0,0
19.880552,6273,30861,37371,0,0,0,0,0,0,0,0,0,0,0,0,0,0
19.882571,6280,30862,37378,0,0,0,0,0,0,0,0,0,0,0,0,0,0
19.899964,6283,30860,37384,0,0,0,0,0,0,0,0,0,0,0,0,0,0
19.901075,6289,30864,37386,0,0,0,0,0,0,0,0,0,0,0,0,0,0
19.919511,6289,30862,37387,0,0,0,0,0,0,0,0,0,0,0,0,0,0
19.921634,6295,30865,37390,0,0,0,0,0,0,0,0,0,0,0,0,0,0
19.941129,6299,30865,37398,0,0,0,0,0,0,0,0,0,0,0,0,0,0
19.942848,6303,30870,37408,0,0,0,0,0,0,0,0,0,0,0,0,0,0
19.960351,6308,30871,37419,0,0,0,0,0,0,0,0,0,0,0,0,0,0
19.96157,6314,30875,37430,0,0,0,0,0,0,0,0,0,0,0,0,0,0
19.980971,6314,30881,37437,0,0,0,0,0,0,0,0,0,0,0,0,0,0
19.981991,6324,30882,37446,0,0,0,0,0,0,0,0,0,0,0,0,0,0
19.999746,6327,30883,37452,0,0,0,0,0,0,0,0,0,0,0,0,0,0
20.001752,6329,30882,37452,0,0,0,0,0,0,0,0,0,0,0,0,0,0
20.02214,6335,30882,37458,0,0,0,0,0,0,0,0,0,0,0,0,0,0
20.023358,6340,30880,37448,0,0,0,0,0,0,0,0,0,0,0,0,0,0
20.041069,6342,30876,37442,0,0,0,0,0,0,0,0,0,0,0,0,0,0
20.042067,6337,30873,37428,0,0,0,0,0,0,0,0,0,0,0,0,0,0
20.049574,6340,30870,37419,0,0,0,0,0,0,0,0,0,0,0,0,0,0
20.069574,6340,30868,37409,0,0,0,0,0,0,0,0,0,0,0,0,0,0
20.071574,6339,30866,37404,0,0,0,0,0,0,0,0,0,0,0,0,0,0
20.091666,6334,30861,37393,0,0,0,0,0,0,0,0,0,0,0,0,0,0
20.092683,6331,30860,37388,0,0,0,0,0,0,0,0,0,0,0,0,0,0
20.110378,6327,30859,37376,0,0,0,0,0,0,0,0,0,0,0,0,0,0
20.111391,6325,30854,37370,0,0,0,0,0,0,0,0,0,0,0,0,0,0
20.132694,6321,30853,37360,0,0,0,0,0,0,0,0,0,0,0,0,0,0
20.134702,6312,30850,37355,0,0,0,0,0,0,0,0,0,0,0,0,0,0
20.152289,6303,30845,37340,0,0,0,0,0,0,0,0,0,0,0,0,0,0
20.153198,6301,30844,37333,0,0,0,0,0,0,0,0,0,0,0,0,0,0
20.171189,6292,30842,37322,0,0,0,0,0,0,0,0,0,0,0,0,0,0
20.172104,6294,30837,37315,0,0,0,0,0,0,0,0,0,0,0,0,0,0
20.191065,6286,30830,37305,0,0,0,0,0,0,0,0,0,0,0,0,0,0
20.192078,6282,30833,37305,0,0,0,0,0,0,0,0,0,0,0,0,0,0
20.210139,6279,30830,37306,0,0,0,0,0,0,0,0,0,0,0,0,0,0
20.211139,6276,30833,37312,0,0,0,0,0,0,0,0,0,0,0,0,0,0
20.230179,6274,30833,37316,0,0,0,0,0,0,0,0,0,0,0,0,0,0
20.231179,6274,30836,37325,0,0,0,0,0,0,0,0,0,0,0,0,0,0
20.250483,6274,30841,37329,0,0,0,0,0,0,0,0,0,0,0,0,0,0
20.251483,6275,30840,37335,0,0,0,0,0,0,0,0,0,0,0,0,0,0
20.271757,6277,30840,37336,0,0,0,0,0,0,0,0,0,0,0,0,0,0
20.272784,6277,30841,37342,0,0,0,0,0,0,0,0,0,0,0,0,0,0
20.280336,6281,30838,37340,0,0,0,0,0,0,0,0,0,0,0,0,0,0
20.300328,6280,30843,37344,0,0,0,0,0,0,0,0,0,0,0,0,0,0
20.301239,6276,30841,37340,0,0,0,0,0,0,0,0,0,0,0,0,0,0
20.319806,6282,30838,37337,0,0,0,0,0,0,0,0,0,0,0,0,0,0
20.321805,6280,30835,37333,0,0,0,0,0,0,0,0,0,0,0,0,0,0
20.339636,6281,30834,37334,0,0,0,0,0,0,0,0,0,0,0,0,0,0
20.341691,6280,30835,37335,0,0,0,0,0,0,0,0,0,0,0,0,0,0
20.359843,6282,30835,37340,0,0,0,0,0,0,0,0,0,0,0,0,0,0
20.361908,6282,30840,37343,0,0,0,0,0,0,0,0,0,0,0,0,0,0
20.379454,6286,30841,37345,0,0,0,0,0,0,0,0,0,0,0,0,0,0
20.381454,6287,30841,37351,0,0,0,0,0,0,0,0,0,0,0,0,0,0
20.4003,6287,30843,37354,0,0,0,0,0,0,0,0,0,0,0,0,0,0
20.40157,6284,30846,37357,0,0,0,0,0,0,0,0,0,0,0,0,0,0
20.419822,6288,30845,37358,0,0,0,0,0,0,0,0,0,0,0,0,0,0
20.42193,6288,30845,37355,0,0,0,0,0,0,0,0,0,0,0,0,0,0
20.440187,6292,30841,37354,0,0,0,0,0,0,0,0,0,0,0,0,0,0
20.441238,6290,30838,37351,0,0,0,0,0,0,0,0,0,0,0,0,0,0
20.460528,6290,30839,37350,0,0,0,0,0,0,0,0,0,0,0,0,0,0
20.461529,6286,30837,37356,0,0,0,0,0,0,0,0,0,0,0,0,0,0
20.480359,6296,30844,37366,0,0,0,0,0,0,0,0,0,0,0,0,0,0
20.481615,6291,30852,37379,0,0,0,0,0,0,0,0,0,0,0,0,0,0
20.50199,6303,30860,37409,0,0,0,0,0,0,0,0,0,0,0,0,0,0
20.50299,6308,30873,37433,0,0,0,0,0,0,0,0,0,0,0,0,0,0
20.509837,6320,30885,37467,0,0,0,0,0,0,0,0,0,0,0,0,0,0
20.530334,6323,30897,37495,0,0,0,0,0,0,0,0,0,0,0,0,0,0
20.53142,6337,30910,37526,0,0,0,0,0,0,0,0,0,0,0,0,0,0
20.550313,6341,30920,37551,0,0,0,0,0,0,0,0,0,0,0,0,0,0
20.552318,6355,30928,37575,0,0,0,0,0,0,0,0,0,0,0,0,0,0
20.56976,6363,30935,37593,0,0,0,0,0,0,0,0,0,0,0,0,0,0
20.571761,6372,30941,37612,0,0,0,0,0,0,0,0,0,0,0,0,0,0
20.590955,6383,30947,37631,0,0,0,0,0,0,0,0,0,0,0,0,0,0
20.591981,6391,30951,37642,0,0,0,0,0,0,0,0,0,0,0,0,0,0
20.600461,6397,30956,37646,0,0,0,0,0,0,0,0,0,0,0,0,0,0
20.62026,6407,30959,37648,0,0,0,0,0,0,0,0,0,0,0,0,0,0
20.622288,6404,30952,37642,0,0,0,0,0,0,0,0,0,0,0,0,0,0
20.641337,6414,30947,37635,0,0,0,0,0,0,0,0,0,0,0,0,0,0
20.642337,6415,30945,37631,0,0,0,0,0,0,0,0,0,0,0,0,0,0
20.660774,6421,30943,37627,0,0,0,0,0,0,0,0,0,0,0,0,0,0
20.661882,6426,30943,37629,0,0,0,0,0,0,0,0,0,0,0,0,0,0
20.681202,6434,30944,37637,0,0,0,0,0,0,0,0,0,0,0,0,0,0
20.68222,6438,30951,37646,0,0,0,0,0,0,0,0,0,0,0,0,0,0
20.700383,6443,30956,37656,0,0,0,0,0,0,0,0,0,0,0,0,0,0
20.701383,6445,30952,37661,0,0,0,0,0,0,0,0,0,0,0,0,0,0
20.721699,6454,30954,37661,0,0,0,0,0,0,0,0,0,0,0,0,0,0
20.722699,6456,30949,37648,0,0,0,0,0,0,0,0,0,0,0,0,0,0
20.739776,6460,30947,37639,0,0,0,0,0,0,0,0,0,0,0,0,0,0
20.74211,6460,30942,37626,0,0,0,0,0,0,0,0,0,0,0,0,0,0
20.759616,6464,30936,37616,0,0,0,0,0,0,0,0,0,0,0,0,0,0
20.761616,6462,30930,37600,0,0,0,0,0,0,0,0,0,0,0,0,0,0
20.770282,6463,30928,37590,0,0,0,0,0,0,0,0,0,0,0,0,0,0
20.790357,6463,30927,37580,0,0,0,0,0,0,0,0,0,0,0,0,0,0
20.791357,6465,30923,37577,0,0,0,0,0,0,0,0,0,0,0,0,0,0
20.811062,6459,30925,37578,0,0,0,0,0,0,0,0,0,0,0,0,0,0
20.812062,6462,30928,37573,0,0,0,0,0,0,0,0,0,0,0,0,0,0
20.830091,6457,30930,37570,0,0,0,0,0,0,0,0,0,0,0,0,0,0
20.832091,6459,30927,37557,0,0,0,0,0,0,0,0,0,0,0,0,0,0
20.850115,6451,30923,37547,0,0,0,0,0,0,0,0,0,0,0,0,0,0
20.852255,6450,30918,37534,0,0,0,0,0,0,0,0,0,0,0,0,0,0
20.870258,6444,30914,37519,0,0,0,0,0,0,0,0,0,0,0,0,0,0
20.871258,6443,30909,37513,0,0,0,0,0,0,0,0,0,0,0,0,0,0
20.889891,6437,30910,37501,0,0,0,0,0,0,0,0,0,0,0,0,0,0
20.891048,6431,30909,37501,0,0,0,0,0,0,0,0,0,0,0,0,0,0
20.910784,6423,30906,37491,0,0,0,0,0,0,0,0,0,0,0,0,0,0
20.911802,6426,30905,37484,0,0,0,0,0,0,0,0,0,0,0,0,0,0
20.92024,6419,30899,37477,0,0,0,0,0,0,0,0,0,0,0,0,0,0
20.931174,6415,30896,37473,0,0,0,0,0,0,0,0,0,0,0,0,0,0
20.9505,6410,30893,37471,0,0,0,0,0,0,0,0,0,0,0,0,0,0
20.951534,6410,30891,37466,0,0,0,0,0,0,0,0,0,0,0,0,0,0
20.970026,6405,30893,37462,0,0,0,0,0,0,0,0,0,0,0,0,0,0
20.972283,6402,30891,37462,0,0,0,0,0,0,0,0,0,0,0,0,0,0
20.991,6399,30890,37463,0,0,0,0,0,0,0,0,0,0,0,0,0,0
20.992018,6400,30892,37474,0,0,0,0,0,0,0,0,0,0,0,0,0,0
21.011281,6402,30896,37478,0,0,0,0,0,0,0,0,0,0,0,0,0,0
21.012306,6403,30896,37479,0,0,0,0,0,0,0,0,0,0,0,0,0,0
21.032206,6402,30902,37486,0,0,0,0,0,0,0,0,0,0,0,0,0,0
21.033225,6402,30897,37485,0,0,0,0,0,0,0,0,0,0,0,0,0,0
21.04987,6403,30896,37481,0,0,0,0,0,0,0,0,0,0,0,0,0,0
21.05189,6402,30893,37480,0,0,0,0,0,0,0,0,0,0,0,0,0,0
21.059384,6400,30889,37479,0,0,0,0,0,0,0,0,0,0,0,0,0,0
21.081471,6400,30887,37480,0,0,0,0,0,0,0,0,0,0,0,0,0,0
21.082496,6401,30889,37478,0,0,0,0,0,0,0,0,0,0,0,0,0,0
21.102189,6398,30890,37479,0,0,0,0,0,0,0,0,0,0,0,0,0,0
21.103189,6400,30891,37483,0,0,0,0,0,0,0,0,0,0,0,0,0,0
21.119647,6401,30898,37498,0,0,0,0,0,0,0,0,0,0,0,0,0,0
21.121675,6403,30900,37504,0,0,0,0,0,0,0,0,0,0,0,0,0,0
21.140671,6405,30903,37511,0,0,0,0,0,0,0,0,0,0,0,0,0,0
21.141959,6407,30903,37519,0,0,0,0,0,0,0,0,0,0,0,0,0,0
21.161033,6412,30906,37520,0,0,0,0,0,0,0,0,0,0,0,0,0,0
21.16215,6413,30901,37518,0,0,0,0,0,0,0,0,0,0,0,0,0,0
21.171427,6413,30902,37512,0,0,0,0,0,0,0,0,0,0,0,0,0,0
21.189576,6412,30896,37509,0,0,0,0,0,0,0,0,0,0,0,0,0,0
21.191054,6410,30896,37501,0,0,0,0,0,0,0,0,0,0,0,0,0,0
21.209715,6412,30896,37508,0,0,0,0,0,0,0,0,0,0,0,0,0,0
21.211757,6414,30895,37505,0,0,0,0,0,0,0,0,0,0,0,0,0,0
21.230381,6413,30897,37514,0,0,0,0,0,0,0,0,0,0,0,0,0,0
21.231446,6415,30902,37522,0,0,0,0,0,0,0,0,0,0,0,0,0,0
21.250994,6419,30905,37531,0,0,0,0,0,0,0,0,0,0,0,0,0,0
21.252099,6425,30906,37538,0,0,0,0,0,0,0,0,0,0,0,0,0,0
21.272329,6427,30907,37544,0,0,0,0,0,0,0,0,0,0,0,0,0,0
21.274328,6431,30913,37550,0,0,0,0,0,0,0,0,0,0,0,0,0,0
21.289488,6431,30913,37556,0,0,0,0,0,0,0,0,0,0,0,0,0,0
21.291547,6437,30911,37558,0,0,0,0,0,0,0,0,0,0,0,0,0,0
21.300251,6439,30915,37563,0,0,0,0,0,0,0,0,0,0,0,0,0,0
21.319947,6440,30914,37562,0,0,0,0,0,0,0,0,0,0,0,0,0,0
21.32197,6444,30916,37565,0,0,0,0,0,0,0,0,0,0,0,0,0,0
21.339528,6446,30916,37571,0,0,0,0,0,0,0,0,0,0,0,0,0,0
21.341528,6452,30917,37574,0,0,0,0,0,0,0,0,0,0,0,0,0,0
21.362014,6455,30923,37583,0,0,0,0,0,0,0,0,0,0,0,0,0,0
21.363343,6459,30917,37587,0,0,0,0,0,0,0,0,0,0,0,0,0,0
21.379325,6461,30927,37589,0,0,0,0,0,0,0,0,0,0,0,0,0,0
21.380712,6465,30924,37592,0,0,0,0,0,0,0,0,0,0,0,0,0,0
21.400476,6467,30926,37595,0,0,0,0,0,0,0,0,0,0,0,0,0,0
21.401476,6471,30924,37602,0,0,0,0,0,0,0,0,0,0,0,0,0,0
21.420444,6476,30928,37607,0,0,0,0,0,0,0,0,0,0,0,0,0,0
21.421444,6479,30930,37615,0,0,0,0,0,0,0,0,0,0,0,0,0,0
21.440634,6483,30932,37619,0,0,0,0,0,0,0,0,0,0,0,0,0,0
21.441658,6489,30934,37630,0,0,0,0,0,0,0,0,0,0,0,0,0,0
21.46183,6489,30937,37636,0,0,0,0,0,0,0,0,0,0,0,0,0,0
21.46283,6491,30938,37642,0,0,0,0,0,0,0,0,0,0,0,0,0,0
21.482354,6498,30935,37640,0,0,0,0,0,0,0,0,0,0,0,0,0,0
21.484354,6498,30935,37639,0,0,0,0,0,0,0,0,0,0,0,0,0,0
21.500354,6502,30932,37623,0,0,0,0,0,0,0,0,0,0,0,0,0,0
21.501354,6499,30923,37605,0,0,0,0,0,0,0,0,0,0,0,0,0,0
21.520707,6493,30920,37588,0,0,0,0,0,0,0,0,0,0,0,0,0,0
21.521957,6491,30912,37573,0,0,0,0,0,0,0,0,0,0,0,0,0,0
21.539883,6485,30910,37560,0,0,0,0,0,0,0,0,0,0,0,0,0,0
21.541939,6483,30907,37549,0,0,0,0,0,0,0,0,0,0,0,0,0,0
21.560507,6477,30907,37541,0,0,0,0,0,0,0,0,0,0,0,0,0,0
21.561511,6473,30906,37539,0,0,0,0,0,0,0,0,0,0,0,0,0,0
21.57991,6468,30906,37529,0,0,0,0,0,0,0,0,0,0,0,0,0,0
21.58191,6463,30897,37522,0,0,0,0,0,0,0,0,0,0,0,0,0,0
21.60091,6454,30896,37507,0,0,0,0,0,0,0,0,0,0,0,0,0,0
21.60191,6445,30891,37498,0,0,0,0,0,0,0,0,0,0,0,0,0,0
21.610924,6439,30883,37478,0,0,0,0,0,0,0,0,0,0,0,0,0,0
21.630342,6432,30878,37472,0,0,0,0,0,0,0,0,0,0,0,0,0,0
21.631354,6425,30877,37461,0,0,0,0,0,0,0,0,0,0,0,0,0,0
21.639866,6421,30876,37456,0,0,0,0,0,0,0,0,0,0,0,0,0,0
21.660373,6412,30877,37463,0,0,0,0,0,0,0,0,0,0,0,0,0,0
21.661373,6410,30880,37463,0,0,0,0,0,0,0,0,0,0,0,0,0,0
21.679877,6405,30883,37464,0,0,0,0,0,0,0,0,0,0,0,0,0,0
21.682056,6401,30883,37469,0,0,0,0,0,0,0,0,0,0,0,0,0,0
21.700888,6398,30886,37475,0,0,0,0,0,0,0,0,0,0,0,0,0,0
21.701913,6400,30884,37477,0,0,0,0,0,0,0,0,0,0,0,0,0,0
21.719432,6395,30890,37480,0,0,0,0,0,0,0,0,0,0,0,0,0,0
21.721462,6394,30888,37479,0,0,0,0,0,0,0,0,0,0,0,0,0,0
21.739872,6390,30891,37478,0,0,0,0,0,0,0,0,0,0,0,0,0,0
21.741894,6390,30887,37478,0,0,0,0,0,0,0,0,0,0,0,0,0,0
21.761755,6388,30890,37476,0,0,0,0,0,0,0,0,0,0,0,0,0,0
21.762778,6386,30885,37475,0,0,0,0,0,0,0,0,0,0,0,0,0,0
21.772328,6383,30884,37472,0,0,0,0,0,0,0,0,0,0,0,0,0,0
21.789993,6384,30885,37473,0,0,0,0,0,0,0,0,0,0,0,0,0,0
21.791101,6383,30885,37472,0,0,0,0,0,0,0,0,0,0,0,0,0,0
21.812077,6382,30886,37479,0,0,0,0,0,0,0,0,0,0,0,0,0,0
21.813084,6383,30889,37483,0,0,0,0,0,0,0,0,0,0,0,0,0,0
21.830307,6383,30892,37494,0,0,0,0,0,0,0,0,0,0,0,0,0,0
21.831307,6384,30893,37498,0,0,0,0,0,0,0,0,0,0,0,0,0,0
21.849582,6385,30896,37506,0,0,0,0,0,0,0,0,0,0,0,0,0,0
21.851582,6389,30901,37518,0,0,0,0,0,0,0,0,0,0,0,0,0,0
21.871952,6390,30904,37522,0,0,0,0,0,0,0,0,0,0,0,0,0,0
21.87399,6395,30908,37523,0,0,0,0,0,0,0,0,0,0,0,0,0,0
21.890835,6395,30907,37522,0,0,0,0,0,0,0,0,0,0,0,0,0,0
21.892847,6393,30905,37522,0,0,0,0,0,0,0,0,0,0,0,0,0,0
21.909786,6398,30902,37521,0,0,0,0,0,0,0,0,0,0,0,0,0,0
21.911854,6397,30904,37524,0,0,0,0,0,0,0,0,0,0,0,0,0,0
21.931293,6396,30901,37525,0,0,0,0,0,0,0,0,0,0,0,0,0,0
21.932404,6400,30903,37529,0,0,0,0,0,0,0,0,0,0,0,0,0,0
21.950144,6403,30908,37538,0,0,0,0,0,0,0,0,0,0,0,0,0,0
21.951219,6403,30906,37544,0,0,0,0,0,0,0,0,0,0,0,0,0,0
21.96961,6407,30913,37545,0,0,0,0,0,0,0,0,0,0,0,0,0,0
21.971647,6409,30914,37557,0,0,0,0,0,0,0,0,0,0,0,0,0,0
21.991063,6417,30914,37557,0,0,0,0,0,0,0,0,0,0,0,0,0,0
21.992083,6417,30917,37569,0,0,0,0,0,0,0,0,0,0,0,0,0,0
21.999835,6418,30919,37571,0,0,0,0,0,0,0,0,0,0,0,0,0,0
22.000897,6422,30923,37588,0,0,0,0,0,0,0,0,0,0,0,0,0,0
22.019719,6428,30927,37598,0,0,0,0,0,0,0,0,0,0,0,0,0,0
22.04013,6435,30931,37609,0,0,0,0,0,0,0,0,0,0,0,0,0,0
22.041132,6438,30931,37612,0,0,0,0,0,0,0,0,0,0,0,0,0,0
22.062235,6445,30933,37618,0,0,0,0,0,0,0,0,0,0,0,0,0,0
22.063147,6447,30934,37620,0,0,0,0,0,0,0,0,0,0,0,0,0,0
22.081679,6449,30933,37627,0,0,0,0,0,0,0,0,0,0,0,0,0,0
22.082718,6457,30937,37633,0,0,0,0,0,0,0,0,0,0,0,0,0,0
22.099948,6460,30944,37646,0,0,0,0,0,0,0,0,0,0,0,0,0,0
22.101948,6465,30943,37658,0,0,0,0,0,0,0,0,0,0,0,0,0,0
22.121191,6471,30948,37664,0,0,0,0,0,0,0,0,0,0,0,0,0,0
22.123221,6477,30951,37666,0,0,0,0,0,0,0,0,0,0,0,0,0,0
22.141021,6480,30952,37678,0,0,0,0,0,0,0,0,0,0,0,0,0,0
22.142021,6483,30957,37688,0,0,0,0,0,0,0,0,0,0,0,0,0,0
22.160231,6490,30961,37696,0,0,0,0,0,0,0,0,0,0,0,0,0,0
22.161546,6493,30965,37707,0,0,0,0,0,0,0,0,0,0,0,0,0,0
22.180088,6503,30970,37720,0,0,0,0,0,0,0,0,0,0,0,0,0,0
22.181197,6507,30971,37729,0,0,0,0,0,0,0,0,0,0,0,0,0,0
22.199563,6512,30976,37739,0,0,0,0,0,0,0,0,0,0,0,0,0,0
22.20169,6517,30976,37739,0,0,0,0,0,0,0,0,0,0,0,0,0,0
22.219689,6517,30972,37735,0,0,0,0,0,0,0,0,0,0,0,0,0,0
22.221689,6524,30970,37723,0,0,0,0,0,0,0,0,0,0,0,0,0,0
22.240355,6526,30966,37714,0,0,0,0,0,0,0,0,0,0,0,0,0,0
22.241385,6524,30963,37694,0,0,0,0,0,0,0,0,0,0,0,0,0,0
22.250622,6523,30956,37683,0,0,0,0,0,0,0,0,0,0,0,0,0,0
22.271861,6520,30952,37663,0,0,0,0,0,0,0,0,0,0,0,0,0,0
22.273881,6517,30947,37650,0,0,0,0,0,0,0,0,0,0,0,0,0,0
22.289949,6510,30940,37626,0,0,0,0,0,0,0,0,0,0,0,0,0,0
22.291246,6507,30940,37618,0,0,0,0,0,0,0,0,0,0,0,0,0,0
22.310081,6504,30932,37600,0,0,0,0,0,0,0,0,0,0,0,0,0,0
22.31208,6496,30930,37598,0,0,0,0,0,0,0,0,0,0,0,0,0,0
22.331369,6491,30928,37583,0,0,0,0,0,0,0,0,0,0,0,0,0,0
22.332488,6487,30925,37578,0,0,0,0,0,0,0,0,0,0,0,0,0,0
22.35021,6481,30922,37564,0,0,0,0,0,0,0,0,0,0,0,0,0,0
22.352344,6477,30921,37558,0,0,0,0,0,0,0,0,0,0,0,0,0,0
22.369484,6469,30915,37542,0,0,0,0,0,0,0,0,0,0,0,0,0,0
22.371633,6464,30912,37537,0,0,0,0,0,0,0,0,0,0,0,0,0,0
22.389945,6455,30908,37518,0,0,0,0,0,0,0,0,0,0,0,0,0,0
22.391945,6449,30905,37521,0,0,0,0,0,0,0,0,0,0,0,0,0,0
22.409947,6441,30903,37509,0,0,0,0,0,0,0,0,0,0,0,0,0,0
22.411053,6441,30904,37514,0,0,0,0,0,0,0,0,0,0,0,0,0,0
22.431771,6433,30902,37511,0,0,0,0,0,0,0,0,0,0,0,0,0,0
22.432881,6430,30901,37515,0,0,0,0,0,0,0,0,0,0,0,0,0,0
22.450768,6428,30902,37515,0,0,0,0,0,0,0,0,0,0,0,0,0,0
22.451769,6426,30903,37516,0,0,0,0,0,0,0,0,0,0,0,0,0,0
22.471688,6422,30904,37518,0,0,0,0,0,0,0,0,0,0,0,0,0,0
22.472719,6419,30906,37523,0,0,0,0,0,0,0,0,0,0,0,0,0,0
22.480774,6419,30907,37523,0,0,0,0,0,0,0,0,0,0,0,0,0,0
22.49995,6422,30906,37529,0,0,0,0,0,0,0,0,0,0,0,0,0,0
22.50195,6419,30906,37523,0,0,0,0,0,0,0,0,0,0,0,0,0,0
22.520614,6418,30904,37528,0,0,0,0,0,0,0,0,0,0,0,0,0,0
22.522746,6417,30905,37528,0,0,0,0,0,0,0,0,0,0,0,0,0,0
22.540418,6415,30903,37533,0,0,0,0,0,0,0,0,0,0,0,0,0,0
22.542428,6416,30906,37526,0,0,0,0,0,0,0,0,0,0,0,0,0,0
22.560552,6419,30908,37541,0,0,0,0,0,0,0,0,0,0,0,0,0,0
22.561598,6418,30913,37545,0,0,0,0,0,0,0,0,0,0,0,0,0,0
22.579787,6424,30917,37560,0,0,0,0,0,0,0,0,0,0,0,0,0,0
22.581823,6423,30922,37571,0,0,0,0,0,0,0,0,0,0,0,0,0,0
22.600688,6428,30923,37581,0,0,0,0,0,0,0,0,0,0,0,0,0,0
22.602688,6428,30927,37592,0,0,0,0,0,0,0,0,0,0,0,0,0,0
22.619856,6435,30935,37604,0,0,0,0,0,0,0,0,0,0,0,0,0,0
22.621931,6438,30942,37608,0,0,0,0,0,0,0,0,0,0,0,0,0,0
22.639719,6440,30939,37619,0,0,0,0,0,0,0,0,0,0,0,0,0,0
22.641226,6444,30941,37619,0,0,0,0,0,0,0,0,0,0,0,0,0,0
22.660714,6449,30937,37622,0,0,0,0,0,0,0,0,0,0,0,0,0,0
22.662083,6445,30944,37626,0,0,0,0,0,0,0,0,0,0,0,0,0,0
22.67967,6453,30944,37632,0,0,0,0,0,0,0,0,0,0,0,0,0,0
22.681764,6456,30948,37635,0,0,0,0,0,0,0,0,0,0,0,0,0,0
22.700404,6462,30949,37648,0,0,0,0,0,0,0,0,0,0,0,0,0,0
22.701424,6461,30957,37659,0,0,0,0,0,0,0,0,0,0,0,0,0,0
22.709459,6472,30958,37665,0,0,0,0,0,0,0,0,0,0,0,0,0,0
22.731649,6475,30964,37676,0,0,0,0,0,0,0,0,0,0,0,0,0,0
22.732669,6480,30964,37679,0,0,0,0,0,0,0,0,0,0,0,0,0,0
22.750746,6480,30964,37687,0,0,0,0,0,0,0,0,0,0,0,0,0,0
22.751746,6487,30962,37689,0,0,0,0,0,0,0,0,0,0,0,0,0,0
22.771759,6492,30968,37698,0,0,0,0,0,0,0,0,0,0,0,0,0,0
22.772778,6498,30971,37704,0,0,0,0,0,0,0,0,0,0,0,0,0,0
22.791558,6500,30973,37706,0,0,0,0,0,0,0,0,0,0,0,0,0,0
22.792558,6504,30967,37708,0,0,0,0,0,0,0,0,0,0,0,0,0,0
22.810906,6506,30972,37711,0,0,0,0,0,0,0,0,0,0,0,0,0,0
22.811906,6513,30971,37716,0,0,0,0,0,0,0,0,0,0,0,0,0,0
22.830119,6516,30975,37723,0,0,0,0,0,0,0,0,0,0,0,0,0,0
22.83212,6519,30976,37727,0,0,0,0,0,0,0,0,0,0,0,0,0,0
22.850133,6526,30981,37735,0,0,0,0,0,0,0,0,0,0,0,0,0,0
22.851139,6529,30977,37739,0,0,0,0,0,0,0,0,0,0,0,0,0,0
22.869451,6533,30980,37742,0,0,0,0,0,0,0,0,0,0,0,0,0,0
22.871499,6537,30982,37745,0,0,0,0,0,0,0,0,0,0,0,0,0,0
22.891618,6541,30985,37752,0,0,0,0,0,0,0,0,0,0,0,0,0,0
22.892619,6547,30986,37758,0,0,0,0,0,0,0,0,0,0,0,0,0,0
22.909816,6551,30991,37767,0,0,0,0,0,0,0,0,0,0,0,0,0,0
22.912199,6554,30994,37773,0,0,0,0,0,0,0,0,0,0,0,0,0,0
22.931142,6561,30996,37783,0,0,0,0,0,0,0,0,0,0,0,0,0,0
22.93217,6568,30999,37794,0,0,0,0,0,0,0,0,0,0,0,0,0,0
22.951205,6573,31002,37796,0,0,0,0,0,0,0,0,0,0,0,0,0,0
22.953206,6574,31000,37798,0,0,0,0,0,0,0,0,0,0,0,0,0,0
22.970205,6578,30999,37793,0,0,0,0,0,0,0,0,0,0,0,0,0,0
22.972206,6579,30993,37784,0,0,0,0,0,0,0,0,0,0,0,0,0,0
22.992041,6579,30991,37773,0,0,0,0,0,0,0,0,0,0,0,0,0,0
22.993195,6581,30984,37761,0,0,0,0,0,0,0,0,0,0,0,0,0,0
23.010338,6579,30984,37747,0,0,0,0,0,0,0,0,0,0,0,0,0,0
23.011355,6575,30980,37734,0,0,0,0,0,0,0,0,0,0,0,0,0,0
23.019631,6570,30980,37726,0,0,0,0,0,0,0,0,0,0,0,0,0,0
23.040448,6569,30978,37715,0,0,0,0,0,0,0,0,0,0,0,0,0,0
23.041714,6566,30972,37704,0,0,0,0,0,0,0,0,0,0,0,0,0,0
23.061264,6563,30972,37692,0,0,0,0,0,0,0,0,0,0,0,0,0,0
23.062308,6557,30967,37680,0,0,0,0,0,0,0,0,0,0,0,0,0,0
23.080466,6553,30962,37665,0,0,0,0,0,0,0,0,0,0,0,0,0,0
23.08149,6545,30960,37659,0,0,0,0,0,0,0,0,0,0,0,0,0,0
23.10079,6545,30953,37643,0,0,0,0,0,0,0,0,0,0,0,0,0,0
23.102045,6539,30944,37633,0,0,0,0,0,0,0,0,0,0,0,0,0,0
23.120758,6534,30944,37623,0,0,0,0,0,0,0,0,0,0,0,0,0,0
23.121777,6526,30940,37616,0,0,0,0,0,0,0,0,0,0,0,0,0,0
23.139813,6521,30938,37609,0,0,0,0,0,0,0,0,0,0,0,0,0,0
23.141971,6518,30932,37603,0,0,0,0,0,0,0,0,0,0,0,0,0,0
23.160249,6515,30937,37603,0,0,0,0,0,0,0,0,0,0,0,0,0,0
23.161382,6513,30936,37604,0,0,0,0,0,0,0,0,0,0,0,0,0,0
23.180443,6513,30941,37611,0,0,0,0,0,0,0,0,0,0,0,0,0,0
23.18145,6509,30939,37614,0,0,0,0,0,0,0,0,0,0,0,0,0,0
23.202229,6507,30943,37619,0,0,0,0,0,0,0,0,0,0,0,0,0,0
23.203264,6509,30937,37621,0,0,0,0,0,0,0,0,0,0,0,0,0,0
23.220907,6505,30940,37623,0,0,0,0,0,0,0,0,0,0,0,0,0,0
23.222966,6507,30943,37624,0,0,0,0,0,0,0,0,0,0,0,0,0,0
23.241582,6507,30942,37624,0,0,0,0,0,0,0,0,0,0,0,0,0,0
23.243201,6507,30935,37630,0,0,0,0,0,0,0,0,0,0,0,0,0,0
23.250735,6508,30941,37628,0,0,0,0,0,0,0,0,0,0,0,0,0,0
23.270349,6507,30939,37636,0,0,0,0,0,0,0,0,0,0,0,0,0,0
23.272341,6508,30944,37641,0,0,0,0,0,0,0,0,0,0,0,0,0,0
23.290424,6510,30945,37641,0,0,0,0,0,0,0,0,0,0,0,0,0,0
23.291461,6512,30950,37652,0,0,0,0,0,0,0,0,0,0,0,0,0,0
23.310867,6515,30949,37659,0,0,0,0,0,0,0,0,0,0,0,0,0,0
23.31189,6520,30954,37667,0,0,0,0,0,0,0,0,0,0,0,0,0,0
23.330422,6520,30954,37673,0,0,0,0,0,0,0,0,0,0,0,0,0,0
23.331542,6524,30959,37681,0,0,0,0,0,0,0,0,0,0,0,0,0,0
23.351594,6524,30961,37679,0,0,0,0,0,0,0,0,0,0,0,0,0,0
23.352626,6529,30963,37681,0,0,0,0,0,0,0,0,0,0,0,0,0,0
23.369616,6528,30956,37678,0,0,0,0,0,0,0,0,0,0,0,0,0,0
23.371634,6531,30959,37674,0,0,0,0,0,0,0,0,0,0,0,0,0,0
23.390714,6529,30954,37672,0,0,0,0,0,0,0,0,0,0,0,0,0,0
23.391989,6531,30959,37674,0,0,0,0,0,0,0,0,0,0,0,0,0,0
23.410827,6533,30954,37676,0,0,0,0,0,0,0,0,0,0,0,0,0,0
23.411954,6535,30959,37681,0,0,0,0,0,0,0,0,0,0,0,0,0,0
23.431295,6538,30953,37684,0,0,0,0,0,0,0,0,0,0,0,0,0,0
23.432325,6542,30963,37694,0,0,0,0,0,0,0,0,0,0,0,0,0,0
23.451182,6543,30962,37699,0,0,0,0,0,0,0,0,0,0,0,0,0,0
23.452442,6548,30969,37711,0,0,0,0,0,0,0,0,0,0,0,0,0,0
23.470493,6552,30966,37718,0,0,0,0,0,0,0,0,0,0,0,0,0,0
23.472493,6557,30975,37728,0,0,0,0,0,0,0,0,0,0,0,0,0,0
23.481493,6562,30973,37734,0,0,0,0,0,0,0,0,0,0,0,0,0,0
23.482493,6566,30983,37740,0,0,0,0,0,0,0,0,0,0,0,0,0,0
23.499493,6570,30978,37748,0,0,0,0,0,0,0,0,0,0,0,0,0,0
23.509493,6573,30983,37753,0,0,0,0,0,0,0,0,0,0,0,0,0,0
23.531718,6576,30984,37757,0,0,0,0,0,0,0,0,0,0,0,0,0,0
23.532718,6578,30986,37760,0,0,0,0,0,0,0,0,0,0,0,0,0,0
23.551581,6583,30983,37763,0,0,0,0,0,0,0,0,0,0,0,0,0,0
23.553067,6589,30990,37772,0,0,0,0,0,0,0,0,0,0,0,0,0,0
23.570726,6593,30984,37778,0,0,0,0,0,0,0,0,0,0,0,0,0,0
23.57176,6595,30990,37778,0,0,0,0,0,0,0,0,0,0,0,0,0,0
23.591413,6602,30991,37783,0,0,0,0,0,0,0,0,0,0,0,0,0,0
23.593804,6604,30994,37787,0,0,0,0,0,0,0,0,0,0,0,0,0,0
23.610425,6607,30996,37795,0,0,0,0,0,0,0,0,0,0,0,0,0,0
23.61145,6613,31000,37803,0,0,0,0,0,0,0,0,0,0,0,0,0,0
23.631433,6619,30997,37809,0,0,0,0,0,0,0,0,0,0,0,0,0,0
23.632751,6622,31006,37823,0,0,0,0,0,0,0,0,0,0,0,0,0,0
23.650745,6629,31008,37831,0,0,0,0,0,0,0,0,0,0,0,0,0,0
23.651746,6633,31007,37838,0,0,0,0,0,0,0,0,0,0,0,0,0,0
23.659746,6637,31010,37839,0,0,0,0,0,0,0,0,0,0,0,0,0,0
23.680443,6642,31010,37839,0,0,0,0,0,0,0,0,0,0,0,0,0,0
23.681443,6644,31003,37833,0,0,0,0,0,0,0,0,0,0,0,0,0,0
23.69976,6649,31005,37829,0,0,0,0,0,0,0,0,0,0,0,0,0,0
23.701761,6650,30996,37813,0,0,0,0,0,0,0,0,0,0,0,0,0,0
23.722237,6646,30993,37802,0,0,0,0,0,0,0,0,0,0,0,0,0,0
23.724149,6645,30983,37782,0,0,0,0,0,0,0,0,0,0,0,0,0,0
23.741455,6640,30988,37774,0,0,0,0,0,0,0,0,0,0,0,0,0,0
23.742455,6641,30983,37761,0,0,0,0,0,0,0,0,0,0,0,0,0,0
23.760723,6633,30983,37753,0,0,0,0,0,0,0,0,0,0,0,0,0,0
23.761722,6632,30980,37739,0,0,0,0,0,0,0,0,0,0,0,0,0,0
23.780527,6627,30980,37732,0,0,0,0,0,0,0,0,0,0,0,0,0,0
23.781551,6624,30970,37713,0,0,0,0,0,0,0,0,0,0,0,0,0,0
23.799426,6618,30970,37700,0,0,0,0,0,0,0,0,0,0,0,0,0,0
23.801694,6611,30964,37684,0,0,0,0,0,0,0,0,0,0,0,0,0,0
23.821862,6608,30959,37675,0,0,0,0,0,0,0,0,0,0,0,0,0,0
23.822881,6604,30958,37663,0,0,0,0,0,0,0,0,0,0,0,0,0,0
23.840564,6596,30958,37661,0,0,0,0,0,0,0,0,0,0,0,0,0,0
23.841621,6593,30957,37656,0,0,0,0,0,0,0,0,0,0,0,0,0,0
23.860248,6590,30956,37647,0,0,0,0,0,0,0,0,0,0,0,0,0,0
23.861355,6583,30952,37646,0,0,0,0,0,0,0,0,0,0,0,0,0,0
23.880244,6578,30948,37640,0,0,0,0,0,0,0,0,0,0,0,0,0,0
23.881356,6576,30944,37633,0,0,0,0,0,0,0,0,0,0,0,0,0,0
23.890234,6570,30944,37633,0,0,0,0,0,0,0,0,0,0,0,0,0,0
23.909459,6573,30943,37633,0,0,0,0,0,0,0,0,0,0,0,0,0,0
23.911507,6564,30943,37640,0,0,0,0,0,0,0,0,0,0,0,0,0,0
23.930658,6567,30945,37645,0,0,0,0,0,0,0,0,0,0,0,0,0,0
23.931699,6564,30952,37649,0,0,0,0,0,0,0,0,0,0,0,0,0,0
23.952012,6567,30947,37652,0,0,0,0,0,0,0,0,0,0,0,0,0,0
23.954037,6564,30949,37655,0,0,0,0,0,0,0,0,0,0,0,0,0,0
23.97035,6569,30947,37656,0,0,0,0,0,0,0,0,0,0,0,0,0,0
23.97135,6564,30948,37658,0,0,0,0,0,0,0,0,0,0,0,0,0,0
23.989952,6568,30945,37658,0,0,0,0,0,0,0,0,0,0,0,0,0,0
23.991952,6565,30947,37665,0,0,0,0,0,0,0,0,0,0,0,0,0,0
24.009952,6571,30947,37669,0,0,0,0,0,0,0,0,0,0,0,0,0,0
24.011952,6570,30953,37669,0,0,0,0,0,0,0,0,0,0,0,0,0,0
24.029952,6571,30952,37675,0,0,0,0,0,0,0,0,0,0,0,0,0,0
24.031954,6573,30956,37681,0,0,0,0,0,0,0,0,0,0,0,0,0,0
24.050204,6575,30958,37687,0,0,0,0,0,0,0,0,0,0,0,0,0,0
24.051216,6575,30958,37697,0,0,0,0,0,0,0,0,0,0,0,0,0,0
24.070182,6583,30963,37706,0,0,0,0,0,0,0,0,0,0,0,0,0,0
24.071182,6584,30966,37710,0,0,0,0,0,0,0,0,0,0,0,0,0,0
24.089834,6589,30968,37714,0,0,0,0,0,0,0,0,0,0,0,0,0,0
24.092834,6590,30971,37719,0,0,0,0,0,0,0,0,0,0,0,0,0,0
24.110914,6592,30968,37718,0,0,0,0,0,0,0,0,0,0,0,0,0,0
24.111919,6594,30967,37717,0,0,0,0,0,0,0,0,0,0,0,0,0,0
24.120397,6597,30967,37714,0,0,0,0,0,0,0,0,0,0,0,0,0,0
24.121415,6592,30966,37713,0,0,0,0,0,0,0,0,0,0,0,0,0,0
24.141456,6592,30964,37709,0,0,0,0,0,0,0,0,0,0,0,0,0,0
24.160091,6596,30961,37709,0,0,0,0,0,0,0,0,0,0,0,0,0,0
24.162172,6604,30964,37710,0,0,0,0,0,0,0,0,0,0,0,0,0,0
24.180285,6599,30962,37712,0,0,0,0,0,0,0,0,0,0,0,0,0,0
24.181297,6602,30962,37717,0,0,0,0,0,0,0,0,0,0,0,0,0,0
24.20063,6608,30963,37723,0,0,0,0,0,0,0,0,0,0,0,0,0,0
24.201683,6603,30967,37724,0,0,0,0,0,0,0,0,0,0,0,0,0,0
24.221184,6611,30965,37726,0,0,0,0,0,0,0,0,0,0,0,0,0,0
24.222207,6612,30967,37729,0,0,0,0,0,0,0,0,0,0,0,0,0,0
24.240442,6614,30964,37735,0,0,0,0,0,0,0,0,0,0,0,0,0,0
24.24148,6618,30968,37736,0,0,0,0,0,0,0,0,0,0,0,0,0,0
24.261264,6621,30971,37740,0,0,0,0,0,0,0,0,0,0,0,0,0,0
24.262374,6626,30975,37751,0,0,0,0,0,0,0,0,0,0,0,0,0,0
24.270868,6632,30978,37759,0,0,0,0,0,0,0,0,0,0,0,0,0,0
24.279916,6632,30982,37769,0,0,0,0,0,0,0,0,0,0,0,0,0,0
24.300613,6636,30986,37777,0,0,0,0,0,0,0,0,0,0,0,0,0,0
24.302523,6644,30986,37788,0,0,0,0,0,0,0,0,0,0,0,0,0,0
24.320758,6648,30992,37802,0,0,0,0,0,0,0,0,0,0,0,0,0,0
24.321867,6652,30996,37811,0,0,0,0,0,0,0,0,0,0,0,0,0,0
24.340763,6658,31002,37822,0,0,0,0,0,0,0,0,0,0,0,0,0,0
24.341762,6668,31001,37834,0,0,0,0,0,0,0,0,0,0,0,0,0,0
24.360712,6673,31009,37844,0,0,0,0,0,0,0,0,0,0,0,0,0,0
24.361817,6673,31011,37863,0,0,0,0,0,0,0,0,0,0,0,0,0,0
24.380862,6684,31021,37876,0,0,0,0,0,0,0,0,0,0,0,0,0,0
24.381863,6691,31027,37891,0,0,0,0,0,0,0,0,0,0,0,0,0,0
24.399595,6698,31033,37908,0,0,0,0,0,0,0,0,0,0,0,0,0,0
24.401638,6699,31036,37915,0,0,0,0,0,0,0,0,0,0,0,0,0,0
24.421316,6712,31039,37925,0,0,0,0,0,0,0,0,0,0,0,0,0,0
24.423357,6716,31043,37934,0,0,0,0,0,0,0,0,0,0,0,0,0,0
24.432261,6727,31044,37938,0,0,0,0,0,0,0,0,0,0,0,0,0,0
24.44955,6729,31042,37942,0,0,0,0,0,0,0,0,0,0,0,0,0,0
24.451551,6730,31045,37939,0,0,0,0,0,0,0,0,0,0,0,0,0,0
24.470551,6736,31038,37931,0,0,0,0,0,0,0,0,0,0,0,0,0,0
24.471551,6738,31033,37918,0,0,0,0,0,0,0,0,0,0,0,0,0,0
24.490551,6730,31025,37900,0,0,0,0,0,0,0,0,0,0,0,0,0,0
24.49155,6732,31022,37880,0,0,0,0,0,0,0,0,0,0,0,0,0,0
24.509846,6732,31011,37856,0,0,0,0,0,0,0,0,0,0,0,0,0,0
24.511867,6726,31008,37837,0,0,0,0,0,0,0,0,0,0,0,0,0,0
24.530192,6720,31002,37821,0,0,0,0,0,0,0,0,0,0,0,0,0,0
24.531217,6718,30999,37807,0,0,0,0,0,0,0,0,0,0,0,0,0,0
24.551007,6709,30995,37790,0,0,0,0,0,0,0,0,0,0,0,0,0,0
24.552012,6710,30991,37776,0,0,0,0,0,0,0,0,0,0,0,0,0,0
24.570335,6702,30985,37761,0,0,0,0,0,0,0,0,0,0,0,0,0,0
24.571357,6697,30980,37755,0,0,0,0,0,0,0,0,0,0,0,0,0,0
24.590968,6692,30973,37746,0,0,0,0,0,0,0,0,0,0,0,0,0,0
24.591967,6689,30978,37741,0,0,0,0,0,0,0,0,0,0,0,0,0,0
24.610256,6684,30977,37735,0,0,0,0,0,0,0,0,0,0,0,0,0,0
24.612312,6682,30975,37729,0,0,0,0,0,0,0,0,0,0,0,0,0,0
24.630927,6675,30968,37719,0,0,0,0,0,0,0,0,0,0,0,0,0,0
24.633166,6671,30967,37709,0,0,0,0,0,0,0,0,0,0,0,0,0,0
24.648869,6667,30964,37706,0,0,0,0,0,0,0,0,0,0,0,0,0,0
24.651622,6667,30960,37701,0,0,0,0,0,0,0,0,0,0,0,0,0,0
24.660369,6663,30959,37699,0,0,0,0,0,0,0,0,0,0,0,0,0,0
24.680625,6664,30965,37705,0,0,0,0,0,0,0,0,0,0,0,0,0,0
24.681644,6664,30966,37710,0,0,0,0,0,0,0,0,0,0,0,0,0,0
24.70089,6664,30971,37717,0,0,0,0,0,0,0,0,0,0,0,0,0,0
24.70189,6665,30976,37727,0,0,0,0,0,0,0,0,0,0,0,0,0,0
24.721318,6662,30982,37733,0,0,0,0,0,0,0,0,0,0,0,0,0,0
24.723319,6660,30979,37738,0,0,0,0,0,0,0,0,0,0,0,0,0,0
24.740345,6668,30982,37737,0,0,0,0,0,0,0,0,0,0,0,0,0,0
24.741344,6662,30979,37742,0,0,0,0,0,0,0,0,0,0,0,0,0,0
24.760356,6669,30983,37749,0,0,0,0,0,0,0,0,0,0,0,0,0,0
24.761358,6666,30983,37751,0,0,0,0,0,0,0,0,0,0,0,0,0,0
24.78023,6675,30987,37757,0,0,0,0,0,0,0,0,0,0,0,0,0,0
24.781224,6676,30991,37769,0,0,0,0,0,0,0,0,0,0,0,0,0,0
24.801023,6683,30997,37785,0,0,0,0,0,0,0,0,0,0,0,0,0,0
24.802297,6680,31005,37799,0,0,0,0,0,0,0,0,0,0,0,0,0,0
24.82147,6691,31011,37815,0,0,0,0,0,0,0,0,0,0,0,0,0,0
24.822489,6689,31015,37826,0,0,0,0,0,0,0,0,0,0,0,0,0,0
24.840222,0,0,0,0,0,0,0,0,0,0,0,0,0,0,0,0,0
24.841222,6702,31022,37838,0,0,0,0,0,0,0,0,0,0,0,0,0,0
24.860905,6702,31024,37849,0,0,0,0,0,0,0,0,0,0,0,0,0,0
24.861918,6709,31028,37855,0,0,0,0,0,0,0,0,0,0,0,0,0,0
24.869917,6710,31028,37861,0,0,0,0,0,0,0,0,0,0,0,0,0,0
24.889891,6716,31030,37860,0,0,0,0,0,0,0,0,0,0,0,0,0,0
24.891938,6716,31029,37861,0,0,0,0,0,0,0,0,0,0,0,0,0,0
24.909405,6723,31029,37863,0,0,0,0,0,0,0,0,0,0,0,0,0,0
24.911441,6721,31032,37867,0,0,0,0,0,0,0,0,0,0,0,0,0,0
24.932164,6731,31032,37875,0,0,0,0,0,0,0,0,0,0,0,0,0,0
24.933272,6729,31037,37887,0,0,0,0,0,0,0,0,0,0,0,0,0,0
24.950343,6738,31039,37891,0,0,0,0,0,0,0,0,0,0,0,0,0,0
24.95153,6736,31036,37892,0,0,0,0,0,0,0,0,0,0,0,0,0,0
24.969795,6745,31042,37899,0,0,0,0,0,0,0,0,0,0,0,0,0,0
24.9718,6744,31038,37899,0,0,0,0,0,0,0,0,0,0,0,0,0,0
24.990291,6755,31043,37906,0,0,0,0,0,0,0,0,0,0,0,0,0,0
24.991331,6751,31038,37905,0,0,0,0,0,0,0,0,0,0,0,0,0,0
25.011464,6759,31039,37909,0,0,0,0,0,0,0,0,0,0,0,0,0,0
25.012486,6761,31042,37913,0,0,0,0,0,0,0,0,0,0,0,0,0,0
25.030413,6765,31043,37915,0,0,0,0,0,0,0,0,0,0,0,0,0,0
25.03142,6766,31043,37922,0,0,0,0,0,0,0,0,0,0,0,0,0,0
25.050249,6772,31045,37926,0,0,0,0,0,0,0,0,0,0,0,0,0,0
25.052757,6777,31046,37934,0,0,0,0,0,0,0,0,0,0,0,0,0,0
25.069647,6782,31049,37940,0,0,0,0,0,0,0,0,0,0,0,0,0,0
25.071683,6787,31052,37948,0,0,0,0,0,0,0,0,0,0,0,0,0,0
25.09071,6791,31054,37951,0,0,0,0,0,0,0,0,0,0,0,0,0,0
25.091709,6792,31054,37960,0,0,0,0,0,0,0,0,0,0,0,0,0,0
25.101436,6799,31060,37969,0,0,0,0,0,0,0,0,0,0,0,0,0,0
25.102446,6800,31060,37979,0,0,0,0,0,0,0,0,0,0,0,0,0,0
25.121604,6812,31066,37989,0,0,0,0,0,0,0,0,0,0,0,0,0,0
25.141092,6814,31070,37999,0,0,0,0,0,0,0,0,0,0,0,0,0,0
25.142098,6820,31074,38004,0,0,0,0,0,0,0,0,0,0,0,0,0,0
25.159461,6822,31073,38013,0,0,0,0,0,0,0,0,0,0,0,0,0,0
25.161485,6830,31075,38011,0,0,0,0,0,0,0,0,0,0,0,0,0,0
25.179594,6830,31071,38023,0,0,0,0,0,0,0,0,0,0,0,0,0,0
25.18162,6838,31079,38033,0,0,0,0,0,0,0,0,0,0,0,0,0,0
25.200988,6844,31081,38042,0,0,0,0,0,0,0,0,0,0,0,0,0,0
25.202163,6851,31088,38053,0,0,0,0,0,0,0,0,0,0,0,0,0,0
25.220884,6852,31088,38066,0,0,0,0,0,0,0,0,0,0,0,0,0,0
25.222994,6863,31095,38079,0,0,0,0,0,0,0,0,0,0,0,0,0,0
25.240362,6861,31099,38089,0,0,0,0,0,0,0,0,0,0,0,0,0,0
25.242391,6871,31101,38093,0,0,0,0,0,0,0,0,0,0,0,0,0,0
25.259677,6872,31095,38089,0,0,0,0,0,0,0,0,0,0,0,0,0,0
25.261697,6876,31091,38081,0,0,0,0,0,0,0,0,0,0,0,0,0,0
25.281127,6874,31085,38062,0,0,0,0,0,0,0,0,0,0,0,0,0,0
25.282235,6877,31080,38041,0,0,0,0,0,0,0,0,0,0,0,0,0,0
25.299794,6866,31071,38021,0,0,0,0,0,0,0,0,0,0,0,0,0,0
25.301785,6869,31064,38002,0,0,0,0,0,0,0,0,0,0,0,0,0,0
25.321884,6862,31064,37992,0,0,0,0,0,0,0,0,0,0,0,0,0,0
25.322908,6864,31061,37984,0,0,0,0,0,0,0,0,0,0,0,0,0,0
25.341403,6862,31060,37978,0,0,0,0,0,0,0,0,0,0,0,0,0,0
25.342403,6863,31062,37973,0,0,0,0,0,0,0,0,0,0,0,0,0,0
25.350909,6861,31058,37964,0,0,0,0,0,0,0,0,0,0,0,0,0,0
25.371419,6857,31059,37954,0,0,0,0,0,0,0,0,0,0,0,0,0,0
25.37342,6858,31053,37941,0,0,0,0,0,0,0,0,0,0,0,0,0,0
25.391519,6854,31049,37936,0,0,0,0,0,0,0,0,0,0,0,0,0,0
25.392626,6847,31042,37923,0,0,0,0,0,0,0,0,0,0,0,0,0,0
25.409819,6853,31040,37919,0,0,0,0,0,0,0,0,0,0,0,0,0,0
25.411849,6849,31039,37915,0,0,0,0,0,0,0,0,0,0,0,0,0,0
25.43227,6849,31037,37910,0,0,0,0,0,0,0,0,0,0,0,0,0,0
25.434637,6845,31037,37908,0,0,0,0,0,0,0,0,0,0,0,0,0,0
25.45168,6845,31038,37912,0,0,0,0,0,0,0,0,0,0,0,0,0,0
25.452758,6845,31037,37911,0,0,0,0,0,0,0,0,0,0,0,0,0,0
25.471122,6845,31038,37913,0,0,0,0,0,0,0,0,0,0,0,0,0,0
25.473139,6848,31042,37913,0,0,0,0,0,0,0,0,0,0,0,0,0,0
25.490695,6849,31042,37922,0,0,0,0,0,0,0,0,0,0,0,0,0,0
25.491655,6851,31046,37933,0,0,0,0,0,0,0,0,0,0,0,0,0,0
25.511008,6855,31054,37946,0,0,0,0,0,0,0,0,0,0,0,0,0,0
25.512222,6857,31058,37958,0,0,0,0,0,0,0,0,0,0,0,0,0,0
25.532113,6864,31064,37971,0,0,0,0,0,0,0,0,0,0,0,0,0,0
25.534113,6864,31066,37981,0,0,0,0,0,0,0,0,0,0,0,0,0,0
25.551019,6871,31075,37987,0,0,0,0,0,0,0,0,0,0,0,0,0,0
25.552348,6873,31068,37993,0,0,0,0,0,0,0,0,0,0,0,0,0,0
25.572267,6877,31072,37998,0,0,0,0,0,0,0,0,0,0,0,0,0,0
25.573267,6878,31074,38007,0,0,0,0,0,0,0,0,0,0,0,0,0,0
25.582264,6881,31081,38019,0,0,0,0,0,0,0,0,0,0,0,0,0,0
25.599903,6887,31085,38030,0,0,0,0,0,0,0,0,0,0,0,0,0,0
25.601903,6893,31092,38047,0,0,0,0,0,0,0,0,0,0,0,0,0,0
25.619903,6897,31101,38061,0,0,0,0,0,0,0,0,0,0,0,0,0,0
25.621903,6904,31108,38080,0,0,0,0,0,0,0,0,0,0,0,0,0,0
25.63956,6911,31114,38095,0,0,0,0,0,0,0,0,0,0,0,0,0,0
25.641651,6918,31120,38111,0,0,0,0,0,0,0,0,0,0,0,0,0,0
25.662294,6923,31123,38119,0,0,0,0,0,0,0,0,0,0,0,0,0,0
25.663321,6927,31126,38128,0,0,0,0,0,0,0,0,0,0,0,0,0,0
25.680059,6927,31128,38126,0,0,0,0,0,0,0,0,0,0,0,0,0,0
25.682495,6932,31127,38127,0,0,0,0,0,0,0,0,0,0,0,0,0,0
25.701058,6934,31124,38131,0,0,0,0,0,0,0,0,0,0,0,0,0,0
25.703279,6940,31127,38130,0,0,0,0,0,0,0,0,0,0,0,0,0,0
25.720187,6945,31130,38141,0,0,0,0,0,0,0,0,0,0,0,0,0,0
25.721214,6948,31138,38151,0,0,0,0,0,0,0,0,0,0,0,0,0,0
25.741038,6955,31138,38166,0,0,0,0,0,0,0,0,0,0,0,0,0,0
25.742363,6962,31143,38175,0,0,0,0,0,0,0,0,0,0,0,0,0,0
25.76179,6964,31149,38187,0,0,0,0,0,0,0,0,0,0,0,0,0,0
25.76279,6973,31149,38195,0,0,0,0,0,0,0,0,0,0,0,0,0,0
25.78179,6977,31155,38203,0,0,0,0,0,0,0,0,0,0,0,0,0,0
25.78379,6980,31155,38210,0,0,0,0,0,0,0,0,0,0,0,0,0,0
25.799789,6984,31158,38217,0,0,0,0,0,0,0,0,0,0,0,0,0,0
25.801791,6990,31160,38223,0,0,0,0,0,0,0,0,0,0,0,0,0,0
25.809566,6994,31162,38237,0,0,0,0,0,0,0,0,0,0,0,0,0,0
25.831378,7000,31164,38240,0,0,0,0,0,0,0,0,0,0,0,0,0,0
25.832398,7006,31169,38251,0,0,0,0,0,0,0,0,0,0,0,0,0,0
25.849973,7011,31172,38257,0,0,0,0,0,0,0,0,0,0,0,0,0,0
25.851571,7014,31175,38265,0,0,0,0,0,0,0,0,0,0,0,0,0,0
25.869905,7018,31180,38273,0,0,0,0,0,0,0,0,0,0,0,0,0,0
25.871941,7022,31176,38279,0,0,0,0,0,0,0,0,0,0,0,0,0,0
25.891901,7028,31179,38282,0,0,0,0,0,0,0,0,0,0,0,0,0,0
25.892931,7031,31185,38296,0,0,0,0,0,0,0,0,0,0,0,0,0,0
25.90953,7040,31191,38305,0,0,0,0,0,0,0,0,0,0,0,0,0,0
25.91153,7042,31194,38315,0,0,0,0,0,0,0,0,0,0,0,0,0,0
25.930879,7049,31194,38316,0,0,0,0,0,0,0,0,0,0,0,0,0,0
25.932879,7049,31192,38323,0,0,0,0,0,0,0,0,0,0,0,0,0,0
25.950343,7052,31198,38324,0,0,0,0,0,0,0,0,0,0,0,0,0,0
25.951854,7058,31198,38330,0,0,0,0,0,0,0,0,0,0,0,0,0,0
25.970343,7065,31200,38332,0,0,0,0,0,0,0,0,0,0,0,0,0,0
25.971447,7068,31201,38342,0,0,0,0,0,0,0,0,0,0,0,0,0,0
25.990521,7070,31208,38348,0,0,0,0,0,0,0,0,0,0,0,0,0,0
25.994059,7073,31208,38358,0,0,0,0,0,0,0,0,0,0,0,0,0,0
26.010058,7079,31208,38355,0,0,0,0,0,0,0,0,0,0,0,0,0,0
26.012058,7081,31209,38364,0,0,0,0,0,0,0,0,0,0,0,0,0,0
26.029702,7088,31209,38354,0,0,0,0,0,0,0,0,0,0,0,0,0,0
26.031889,7089,31203,38352,0,0,0,0,0,0,0,0,0,0,0,0,0,0
26.039739,7087,31197,38333,0,0,0,0,0,0,0,0,0,0,0,0,0,0
26.041777,7086,31193,38328,0,0,0,0,0,0,0,0,0,0,0,0,0,0
26.060183,7088,31188,38306,0,0,0,0,0,0,0,0,0,0,0,0,0,0
26.081182,7085,31184,38288,0,0,0,0,0,0,0,0,0,0,0,0,0,0
26.082183,7086,31182,38279,0,0,0,0,0,0,0,0,0,0,0,0,0,0
26.099942,7081,31178,38267,0,0,0,0,0,0,0,0,0,0,0,0,0,0
26.101117,7084,31174,38252,0,0,0,0,0,0,0,0,0,0,0,0,0,0
26.121035,7081,31173,38244,0,0,0,0,0,0,0,0,0,0,0,0,0,0
26.122054,7077,31167,38230,0,0,0,0,0,0,0,0,0,0,0,0,0,0
26.139912,7074,31165,38221,0,0,0,0,0,0,0,0,0,0,0,0,0,0
26.142133,7073,31163,38205,0,0,0,0,0,0,0,0,0,0,0,0,0,0
26.160511,7069,31153,38196,0,0,0,0,0,0,0,0,0,0,0,0,0,0
26.16154,7069,31153,38182,0,0,0,0,0,0,0,0,0,0,0,0,0,0
26.181132,7069,31152,38174,0,0,0,0,0,0,0,0,0,0,0,0,0,0
26.182246,7066,31142,38162,0,0,0,0,0,0,0,0,0,0,0,0,0,0
26.201001,7064,31142,38151,0,0,0,0,0,0,0,0,0,0,0,0,0,0
26.202001,7061,31136,38147,0,0,0,0,0,0,0,0,0,0,0,0,0,0
26.219906,7059,31136,38146,0,0,0,0,0,0,0,0,0,0,0,0,0,0
26.222151,7061,31136,38148,0,0,0,0,0,0,0,0,0,0,0,0,0,0
26.240576,7060,31138,38152,0,0,0,0,0,0,0,0,0,0,0,0,0,0
26.241586,7068,31142,38157,0,0,0,0,0,0,0,0,0,0,0,0,0,0
26.259367,7064,31145,38166,0,0,0,0,0,0,0,0,0,0,0,0,0,0
26.261397,7069,31146,38179,0,0,0,0,0,0,0,0,0,0,0,0,0,0
26.281299,7073,31151,38182,0,0,0,0,0,0,0,0,0,0,0,0,0,0
26.282401,7074,31153,38186,0,0,0,0,0,0,0,0,0,0,0,0,0,0
26.290082,7076,31150,38192,0,0,0,0,0,0,0,0,0,0,0,0,0,0
26.311089,7077,31150,38188,0,0,0,0,0,0,0,0,0,0,0,0,0,0
26.312089,7076,31151,38190,0,0,0,0,0,0,0,0,0,0,0,0,0,0
26.332089,7080,31155,38199,0,0,0,0,0,0,0,0,0,0,0,0,0,0
26.333089,7080,31157,38206,0,0,0,0,0,0,0,0,0,0,0,0,0,0
26.350819,7083,31158,38207,0,0,0,0,0,0,0,0,0,0,0,0,0,0
26.351841,7079,31159,38211,0,0,0,0,0,0,0,0,0,0,0,0,0,0
26.370267,7090,31159,38222,0,0,0,0,0,0,0,0,0,0,0,0,0,0
26.371512,7089,31163,38224,0,0,0,0,0,0,0,0,0,0,0,0,0,0
26.389903,7093,31167,38236,0,0,0,0,0,0,0,0,0,0,0,0,0,0
26.391911,7099,31168,38243,0,0,0,0,0,0,0,0,0,0,0,0,0,0
26.40991,7099,31172,38251,0,0,0,0,0,0,0,0,0,0,0,0,0,0
26.41191,7105,31178,38257,0,0,0,0,0,0,0,0,0,0,0,0,0,0
26.430409,7110,31182,38269,0,0,0,0,0,0,0,0,0,0,0,0,0,0
26.43243,7108,31183,38267,0,0,0,0,0,0,0,0,0,0,0,0,0,0
26.449807,7111,31188,38277,0,0,0,0,0,0,0,0,0,0,0,0,0,0
26.451844,7114,31189,38286,0,0,0,0,0,0,0,0,0,0,0,0,0,0
26.470405,7121,31194,38294,0,0,0,0,0,0,0,0,0,0,0,0,0,0
26.471529,7124,31194,38298,0,0,0,0,0,0,0,0,0,0,0,0,0,0
26.490489,7127,31195,38301,0,0,0,0,0,0,0,0,0,0,0,0,0,0
26.491653,7128,31195,38302,0,0,0,0,0,0,0,0,0,0,0,0,0,0
26.510611,7131,31197,38310,0,0,0,0,0,0,0,0,0,0,0,0,0,0
26.511712,7135,31197,38309,0,0,0,0,0,0,0,0,0,0,0,0,0,0
26.519465,7139,31200,38323,0,0,0,0,0,0,0,0,0,0,0,0,0,0
26.541315,7146,31203,38328,0,0,0,0,0,0,0,0,0,0,0,0,0,0
26.542346,7146,31209,38344,0,0,0,0,0,0,0,0,0,0,0,0,0,0
26.560256,7150,31209,38349,0,0,0,0,0,0,0,0,0,0,0,0,0,0
26.56128,7155,31214,38365,0,0,0,0,0,0,0,0,0,0,0,0,0,0
26.582131,7162,31219,38378,0,0,0,0,0,0,0,0,0,0,0,0,0,0
26.583162,7169,31226,38393,0,0,0,0,0,0,0,0,0,0,0,0,0,0
26.60107,7171,31229,38402,0,0,0,0,0,0,0,0,0,0,0,0,0,0
26.602311,7178,31237,38417,0,0,0,0,0,0,0,0,0,0,0,0,0,0
26.622024,7182,31237,38419,0,0,0,0,0,0,0,0,0,0,0,0,0,0
26.623029,7184,31237,38426,0,0,0,0,0,0,0,0,0,0,0,0,0,0
26.641001,7188,31239,38425,0,0,0,0,0,0,0,0,0,0,0,0,0,0
26.643002,7194,31239,38437,0,0,0,0,0,0,0,0,0,0,0,0,0,0
26.66202,7196,31240,38439,0,0,0,0,0,0,0,0,0,0,0,0,0,0
26.66302,7199,31244,38450,0,0,0,0,0,0,0,0,0,0,0,0,0,0
26.679538,7201,31250,38458,0,0,0,0,0,0,0,0,0,0,0,0,0,0
26.681591,7206,31251,38467,0,0,0,0,0,0,0,0,0,0,0,0,0,0
26.700562,7211,31253,38471,0,0,0,0,0,0,0,0,0,0,0,0,0,0
26.701562,7215,31254,38475,0,0,0,0,0,0,0,0,0,0,0,0,0,0
26.710008,7216,31259,38481,0,0,0,0,0,0,0,0,0,0,0,0,0,0
26.731363,7225,31257,38487,0,0,0,0,0,0,0,0,0,0,0,0,0,0
26.733587,7222,31262,38490,0,0,0,0,0,0,0,0,0,0,0,0,0,0
26.751415,7230,31261,38499,0,0,0,0,0,0,0,0,0,0,0,0,0,0
26.752438,7235,31265,38506,0,0,0,0,0,0,0,0,0,0,0,0,0,0
26.771146,7238,31265,38516,0,0,0,0,0,0,0,0,0,0,0,0,0,0
26.7723,7240,31268,38509,0,0,0,0,0,0,0,0,0,0,0,0,0,0
26.790344,7241,31264,38514,0,0,0,0,0,0,0,0,0,0,0,0,0,0
26.791487,7243,31265,38508,0,0,0,0,0,0,0,0,0,0,0,0,0,0
26.810322,7247,31261,38503,0,0,0,0,0,0,0,0,0,0,0,0,0,0
26.81135,7245,31256,38495,0,0,0,0,0,0,0,0,0,0,0,0,0,0
26.832187,7243,31254,38482,0,0,0,0,0,0,0,0,0,0,0,0,0,0
26.833187,7244,31253,38473,0,0,0,0,0,0,0,0,0,0,0,0,0,0
26.850328,7244,31249,38464,0,0,0,0,0,0,0,0,0,0,0,0,0,0
26.851432,7242,31249,38448,0,0,0,0,0,0,0,0,0,0,0,0,0,0
26.871902,7241,31251,38440,0,0,0,0,0,0,0,0,0,0,0,0,0,0
26.872903,7241,31248,38425,0,0,0,0,0,0,0,0,0,0,0,0,0,0
26.890151,7238,31243,38416,0,0,0,0,0,0,0,0,0,0,0,0,0,0
26.89215,7239,31240,38398,0,0,0,0,0,0,0,0,0,0,0,0,0,0
26.910151,7235,31232,38388,0,0,0,0,0,0,0,0,0,0,0,0,0,0
26.91115,7229,31231,38379,0,0,0,0,0,0,0,0,0,0,0,0,0,0
26.931651,7232,31231,38382,0,0,0,0,0,0,0,0,0,0,0,0,0,0
26.932758,7231,31231,38378,0,0,0,0,0,0,0,0,0,0,0,0,0,0
26.940339,7231,31231,38377,0,0,0,0,0,0,0,0,0,0,0,0,0,0
26.941351,7231,31235,38379,0,0,0,0,0,0,0,0,0,0,0,0,0,0
26.962082,7232,31234,38384,0,0,0,0,0,0,0,0,0,0,0,0,0,0
26.98202,7232,31238,38381,0,0,0,0,0,0,0,0,0,0,0,0,0,0
26.98302,7232,31234,38376,0,0,0,0,0,0,0,0,0,0,0,0,0,0
27.000113,7234,31234,38375,0,0,0,0,0,0,0,0,0,0,0,0,0,0
27.001173,7237,31231,38370,0,0,0,0,0,0,0,0,0,0,0,0,0,0
27.019506,7236,31232,38370,0,0,0,0,0,0,0,0,0,0,0,0,0,0
27.021521,7235,31234,38377,0,0,0,0,0,0,0,0,0,0,0,0,0,0
27.041045,7239,31235,38381,0,0,0,0,0,0,0,0,0,0,0,0,0,0
27.042045,7243,31241,38398,0,0,0,0,0,0,0,0,0,0,0,0,0,0
27.060605,7245,31250,38409,0,0,0,0,0,0,0,0,0,0,0,0,0,0
27.061654,7250,31253,38427,0,0,0,0,0,0,0,0,0,0,0,0,0,0
27.080373,7252,31261,38434,0,0,0,0,0,0,0,0,0,0,0,0,0,0
27.081422,7256,31258,38436,0,0,0,0,0,0,0,0,0,0,0,0,0,0
27.100466,7254,31258,38434,0,0,0,0,0,0,0,0,0,0,0,0,0,0
27.101506,7259,31251,38432,0,0,0,0,0,0,0,0,0,0,0,0,0,0
27.121542,7259,31257,38438,0,0,0,0,0,0,0,0,0,0,0,0,0,0
27.122564,7265,31255,38440,0,0,0,0,0,0,0,0,0,0,0,0,0,0
27.141626,7263,31260,38449,0,0,0,0,0,0,0,0,0,0,0,0,0,0
27.142658,7267,31262,38459,0,0,0,0,0,0,0,0,0,0,0,0,0,0
27.159859,7274,31273,38472,0,0,0,0,0,0,0,0,0,0,0,0,0,0
27.161916,7279,31278,38486,0,0,0,0,0,0,0,0,0,0,0,0,0,0
27.18046,7283,31287,38501,0,0,0,0,0,0,0,0,0,0,0,0,0,0
27.181581,7284,31287,38515,0,0,0,0,0,0,0,0,0,0,0,0,0,0
27.190269,7287,31292,38517,0,0,0,0,0,0,0,0,0,0,0,0,0,0
27.209558,7294,31295,38530,0,0,0,0,0,0,0,0,0,0,0,0,0,0
27.211558,7300,31297,38532,0,0,0,0,0,0,0,0,0,0,0,0,0,0
27.230928,7301,31297,38532,0,0,0,0,0,0,0,0,0,0,0,0,0,0
27.231959,7304,31297,38536,0,0,0,0,0,0,0,0,0,0,0,0,0,0
27.249675,7303,31299,38538,0,0,0,0,0,0,0,0,0,0,0,0,0,0
27.251816,7308,31301,38539,0,0,0,0,0,0,0,0,0,0,0,0,0,0
27.2723,7308,31302,38548,0,0,0,0,0,0,0,0,0,0,0,0,0,0
27.274486,7312,31303,38556,0,0,0,0,0,0,0,0,0,0,0,0,0,0
27.291024,7316,31304,38560,0,0,0,0,0,0,0,0,0,0,0,0,0,0
27.292194,7317,31305,38566,0,0,0,0,0,0,0,0,0,0,0,0,0,0
27.30991,7323,31309,38575,0,0,0,0,0,0,0,0,0,0,0,0,0,0
27.311932,7326,31312,38580,0,0,0,0,0,0,0,0,0,0,0,0,0,0
27.330168,7331,31315,38588,0,0,0,0,0,0,0,0,0,0,0,0,0,0
27.331168,7334,31313,38586,0,0,0,0,0,0,0,0,0,0,0,0,0,0
27.351499,7339,31317,38597,0,0,0,0,0,0,0,0,0,0,0,0,0,0
27.352499,7340,31317,38598,0,0,0,0,0,0,0,0,0,0,0,0,0,0
27.371454,7343,31319,38600,0,0,0,0,0,0,0,0,0,0,0,0,0,0
27.372461,7347,31318,38603,0,0,0,0,0,0,0,0,0,0,0,0,0,0
27.39037,7346,31320,38608,0,0,0,0,0,0,0,0,0,0,0,0,0,0
27.39137,7351,31317,38611,0,0,0,0,0,0,0,0,0,0,0,0,0,0
27.410506,7349,31320,38620,0,0,0,0,0,0,0,0,0,0,0,0,0,0
27.411618,7356,31319,38624,0,0,0,0,0,0,0,0,0,0,0,0,0,0
27.420382,7360,31323,38627,0,0,0,0,0,0,0,0,0,0,0,0,0,0
27.440771,7360,31323,38629,0,0,0,0,0,0,0,0,0,0,0,0,0,0
27.441771,7363,31322,38629,0,0,0,0,0,0,0,0,0,0,0,0,0,0
27.461869,7364,31321,38629,0,0,0,0,0,0,0,0,0,0,0,0,0,0
27.463082,7367,31321,38630,0,0,0,0,0,0,0,0,0,0,0,0,0,0
27.481154,7370,31318,38628,0,0,0,0,0,0,0,0,0,0,0,0,0,0
27.483179,7372,31320,38635,0,0,0,0,0,0,0,0,0,0,0,0,0,0
27.500141,7374,31320,38645,0,0,0,0,0,0,0,0,0,0,0,0,0,0
27.501172,7382,31328,38654,0,0,0,0,0,0,0,0,0,0,0,0,0,0
27.520259,7385,31328,38656,0,0,0,0,0,0,0,0,0,0,0,0,0,0
27.522318,7386,31331,38665,0,0,0,0,0,0,0,0,0,0,0,0,0,0
27.539396,7391,31327,38668,0,0,0,0,0,0,0,0,0,0,0,0,0,0
27.541454,7394,31334,38675,0,0,0,0,0,0,0,0,0,0,0,0,0,0
27.560279,7397,31335,38678,0,0,0,0,0,0,0,0,0,0,0,0,0,0
27.561413,7401,31335,38677,0,0,0,0,0,0,0,0,0,0,0,0,0,0
27.580592,7401,31333,38677,0,0,0,0,0,0,0,0,0,0,0,0,0,0
27.581623,7404,31329,38667,0,0,0,0,0,0,0,0,0,0,0,0,0,0
27.601427,7401,31319,38651,0,0,0,0,0,0,0,0,0,0,0,0,0,0
27.602488,7399,31315,38638,0,0,0,0,0,0,0,0,0,0,0,0,0,0
27.621735,7394,31310,38619,0,0,0,0,0,0,0,0,0,0,0,0,0,0
27.623797,7394,31309,38611,0,0,0,0,0,0,0,0,0,0,0,0,0,0
27.640871,7387,31307,38597,0,0,0,0,0,0,0,0,0,0,0,0,0,0
27.642168,7389,31307,38586,0,0,0,0,0,0,0,0,0,0,0,0,0,0
27.651258,7384,31305,38576,0,0,0,0,0,0,0,0,0,0,0,0,0,0
27.671749,7382,31308,38566,0,0,0,0,0,0,0,0,0,0,0,0,0,0
27.672749,7380,31299,38554,0,0,0,0,0,0,0,0,0,0,0,0,0,0
27.689823,7377,31298,38542,0,0,0,0,0,0,0,0,0,0,0,0,0,0
27.691843,7375,31292,38528,0,0,0,0,0,0,0,0,0,0,0,0,0,0
27.710425,7375,31291,38519,0,0,0,0,0,0,0,0,0,0,0,0,0,0
27.711658,7369,31290,38511,0,0,0,0,0,0,0,0,0,0,0,0,0,0
27.730868,7370,31284,38507,0,0,0,0,0,0,0,0,0,0,0,0,0,0
27.731868,7370,31284,38502,0,0,0,0,0,0,0,0,0,0,0,0,0,0
27.751978,7364,31285,38498,0,0,0,0,0,0,0,0,0,0,0,0,0,0
27.752978,7363,31272,38490,0,0,0,0,0,0,0,0,0,0,0,0,0,0
27.770028,7364,31275,38483,0,0,0,0,0,0,0,0,0,0,0,0,0,0
27.772028,7364,31271,38475,0,0,0,0,0,0,0,0,0,0,0,0,0,0
27.790367,7363,31270,38473,0,0,0,0,0,0,0,0,0,0,0,0,0,0
27.791367,7358,31264,38467,0,0,0,0,0,0,0,0,0,0,0,0,0,0
27.809943,7358,31267,38472,0,0,0,0,0,0,0,0,0,0,0,0,0,0
27.81201,7361,31266,38472,0,0,0,0,0,0,0,0,0,0,0,0,0,0
27.832249,7360,31274,38479,0,0,0,0,0,0,0,0,0,0,0,0,0,0
27.833365,7362,31274,38488,0,0,0,0,0,0,0,0,0,0,0,0,0,0
27.850394,7365,31278,38497,0,0,0,0,0,0,0,0,0,0,0,0,0,0
27.851528,7364,31280,38501,0,0,0,0,0,0,0,0,0,0,0,0,0,0
27.871637,7368,31285,38509,0,0,0,0,0,0,0,0,0,0,0,0,0,0
27.872642,7369,31278,38514,0,0,0,0,0,0,0,0,0,0,0,0,0,0
27.881397,7371,31286,38520,0,0,0,0,0,0,0,0,0,0,0,0,0,0
27.882419,7375,31284,38525,0,0,0,0,0,0,0,0,0,0,0,0,0,0
27.899639,7376,31289,38536,0,0,0,0,0,0,0,0,0,0,0,0,0,0
27.92019,7380,31288,38541,0,0,0,0,0,0,0,0,0,0,0,0,0,0
27.92119,7379,31301,38556,0,0,0,0,0,0,0,0,0,0,0,0,0,0
27.940595,7387,31300,38570,0,0,0,0,0,0,0,0,0,0,0,0,0,0
27.941767,7385,31305,38573,0,0,0,0,0,0,0,0,0,0,0,0,0,0
27.95957,7391,31302,38582,0,0,0,0,0,0,0,0,0,0,0,0,0,0
27.961995,7391,31307,38586,0,0,0,0,0,0,0,0,0,0,0,0,0,0
27.981339,7391,31308,38586,0,0,0,0,0,0,0,0,0,0,0,0,0,0
27.98245,7396,31314,38597,0,0,0,0,0,0,0,0,0,0,0,0,0,0
28.000368,7403,31315,38602,0,0,0,0,0,0,0,0,0,0,0,0,0,0
28.00191,7405,31321,38609,0,0,0,0,0,0,0,0,0,0,0,0,0,0
28.020616,7406,31319,38614,0,0,0,0,0,0,0,0,0,0,0,0,0,0
28.022637,7409,31321,38617,0,0,0,0,0,0,0,0,0,0,0,0,0,0
28.039186,7409,31316,38616,0,0,0,0,0,0,0,0,0,0,0,0,0,0
28.041495,7411,31319,38614,0,0,0,0,0,0,0,0,0,0,0,0,0,0
28.060977,7412,31320,38616,0,0,0,0,0,0,0,0,0,0,0,0,0,0
28.062482,7414,31324,38623,0,0,0,0,0,0,0,0,0,0,0,0,0,0
28.080484,7417,31326,38628,0,0,0,0,0,0,0,0,0,0,0,0,0,0
28.081484,7419,31330,38640,0,0,0,0,0,0,0,0,0,0,0,0,0,0
28.090302,7429,31332,38653,0,0,0,0,0,0,0,0,0,0,0,0,0,0
28.110721,7431,31342,38664,0,0,0,0,0,0,0,0,0,0,0,0,0,0
28.111721,7434,31344,38670,0,0,0,0,0,0,0,0,0,0,0,0,0,0
28.13173,7432,31345,38677,0,0,0,0,0,0,0,0,0,0,0,0,0,0
28.13273,7438,31345,38679,0,0,0,0,0,0,0,0,0,0,0,0,0,0
28.152531,7440,31347,38686,0,0,0,0,0,0,0,0,0,0,0,0,0,0
28.153534,7446,31352,38691,0,0,0,0,0,0,0,0,0,0,0,0,0,0
28.170905,7450,31352,38704,0,0,0,0,0,0,0,0,0,0,0,0,0,0
28.172905,7456,31357,38707,0,0,0,0,0,0,0,0,0,0,0,0,0,0
28.191438,7453,31360,38719,0,0,0,0,0,0,0,0,0,0,0,0,0,0
28.192552,7463,31365,38722,0,0,0,0,0,0,0,0,0,0,0,0,0,0
28.209598,7462,31363,38728,0,0,0,0,0,0,0,0,0,0,0,0,0,0
28.211642,7466,31363,38731,0,0,0,0,0,0,0,0,0,0,0,0,0,0
28.220283,7465,31366,38733,0,0,0,0,0,0,0,0,0,0,0,0,0,0
28.240395,7476,31366,38737,0,0,0,0,0,0,0,0,0,0,0,0,0,0
28.241398,7473,31367,38744,0,0,0,0,0,0,0,0,0,0,0,0,0,0
28.261729,7480,31363,38742,0,0,0,0,0,0,0,0,0,0,0,0,0,0
28.263235,7478,31373,38748,0,0,0,0,0,0,0,0,0,0,0,0,0,0
28.281391,7487,31370,38758,0,0,0,0,0,0,0,0,0,0,0,0,0,0
28.282417,7490,31371,38759,0,0,0,0,0,0,0,0,0,0,0,0,0,0
28.300205,7493,31373,38763,0,0,0,0,0,0,0,0,0,0,0,0,0,0
28.301204,7493,31377,38773,0,0,0,0,0,0,0,0,0,0,0,0,0,0
28.320204,7500,31379,38778,0,0,0,0,0,0,0,0,0,0,0,0,0,0
28.321204,7504,31383,38786,0,0,0,0,0,0,0,0,0,0,0,0,0,0
28.339666,7512,31387,38792,0,0,0,0,0,0,0,0,0,0,0,0,0,0
28.341668,7510,31387,38793,0,0,0,0,0,0,0,0,0,0,0,0,0,0
28.359847,7518,31387,38791,0,0,0,0,0,0,0,0,0,0,0,0,0,0
28.361913,7516,31385,38791,0,0,0,0,0,0,0,0,0,0,0,0,0,0
28.381836,7519,31382,38790,0,0,0,0,0,0,0,0,0,0,0,0,0,0
28.382842,7516,31381,38778,0,0,0,0,0,0,0,0,0,0,0,0,0,0
28.401027,7517,31377,38772,0,0,0,0,0,0,0,0,0,0,0,0,0,0
28.402027,7513,31373,38764,0,0,0,0,0,0,0,0,0,0,0,0,0,0
28.420001,7510,31375,38763,0,0,0,0,0,0,0,0,0,0,0,0,0,0
28.422001,7505,31374,38756,0,0,0,0,0,0,0,0,0,0,0,0,0,0
28.441163,7506,31374,38748,0,0,0,0,0,0,0,0,0,0,0,0,0,0
28.443263,7503,31376,38744,0,0,0,0,0,0,0,0,0,0,0,0,0,0
28.45206,7502,31380,38741,0,0,0,0,0,0,0,0,0,0,0,0,0,0
28.453081,7498,31377,38735,0,0,0,0,0,0,0,0,0,0,0,0,0,0
28.471109,7496,31378,38728,0,0,0,0,0,0,0,0,0,0,0,0,0,0
28.491109,7497,31378,38725,0,0,0,0,0,0,0,0,0,0,0,0,0,0
28.492109,7495,31376,38715,0,0,0,0,0,0,0,0,0,0,0,0,0,0
28.511534,7493,31373,38709,0,0,0,0,0,0,0,0,0,0,0,0,0,0
28.512533,7492,31375,38705,0,0,0,0,0,0,0,0,0,0,0,0,0,0
28.531541,7492,31373,38701,0,0,0,0,0,0,0,0,0,0,0,0,0,0
28.532541,7492,31371,38699,0,0,0,0,0,0,0,0,0,0,0,0,0,0
28.549817,7491,31368,38691,0,0,0,0,0,0,0,0,0,0,0,0,0,0
28.551817,7490,31368,38689,0,0,0,0,0,0,0,0,0,0,0,0,0,0
28.571845,7495,31367,38688,0,0,0,0,0,0,0,0,0,0,0,0,0,0
28.573864,7492,31367,38696,0,0,0,0,0,0,0,0,0,0,0,0,0,0
28.590394,7492,31367,38695,0,0,0,0,0,0,0,0,0,0,0,0,0,0
28.591432,7496,31377,38707,0,0,0,0,0,0,0,0,0,0,0,0,0,0
28.609984,7501,31378,38715,0,0,0,0,0,0,0,0,0,0,0,0,0,0
28.611984,7507,31384,38727,0,0,0,0,0,0,0,0,0,0,0,0,0,0
28.631721,7506,31389,38743,0,0,0,0,0,0,0,0,0,0,0,0,0,0
28.632761,7509,31392,38749,0,0,0,0,0,0,0,0,0,0,0,0,0,0
28.650927,7514,31392,38753,0,0,0,0,0,0,0,0,0,0,0,0,0,0
28.651927,7515,31395,38762,0,0,0,0,0,0,0,0,0,0,0,0,0,0
28.670293,7522,31397,38765,0,0,0,0,0,0,0,0,0,0,0,0,0,0
28.671293,7524,31394,38766,0,0,0,0,0,0,0,0,0,0,0,0,0,0
28.690006,7527,31397,38769,0,0,0,0,0,0,0,0,0,0,0,0,0,0
28.692245,7530,31402,38776,0,0,0,0,0,0,0,0,0,0,0,0,0,0
28.71114,7533,31409,38788,0,0,0,0,0,0,0,0,0,0,0,0,0,0
28.712166,7531,31410,38797,0,0,0,0,0,0,0,0,0,0,0,0,0,0
28.721598,7543,31416,38805,0,0,0,0,0,0,0,0,0,0,0,0,0,0
28.722621,7547,31419,38814,0,0,0,0,0,0,0,0,0,0,0,0,0,0
28.739786,7545,31424,38819,0,0,0,0,0,0,0,0,0,0,0,0,0,0
28.762323,7551,31425,38826,0,0,0,0,0,0,0,0,0,0,0,0,0,0
28.763328,7554,31428,38827,0,0,0,0,0,0,0,0,0,0,0,0,0,0
28.78215,7549,31430,38830,0,0,0,0,0,0,0,0,0,0,0,0,0,0
28.78315,7561,31429,38834,0,0,0,0,0,0,0,0,0,0,0,0,0,0
28.799947,7562,31431,38840,0,0,0,0,0,0,0,0,0,0,0,0,0,0
28.801058,7565,31436,38840,0,0,0,0,0,0,0,0,0,0,0,0,0,0
28.820824,7561,31437,38849,0,0,0,0,0,0,0,0,0,0,0,0,0,0
28.821824,7565,31436,38847,0,0,0,0,0,0,0,0,0,0,0,0,0,0
28.839586,7565,31435,38853,0,0,0,0,0,0,0,0,0,0,0,0,0,0
28.841588,7572,31435,38853,0,0,0,0,0,0,0,0,0,0,0,0,0,0
28.861117,7571,31437,38855,0,0,0,0,0,0,0,0,0,0,0,0,0,0
28.862117,7576,31439,38859,0,0,0,0,0,0,0,0,0,0,0,0,0,0
28.879617,7576,31437,38862,0,0,0,0,0,0,0,0,0,0,0,0,0,0
28.881617,7583,31441,38867,0,0,0,0,0,0,0,0,0,0,0,0,0,0
28.902012,7584,31442,38871,0,0,0,0,0,0,0,0,0,0,0,0,0,0
28.903012,7586,31445,38877,0,0,0,0,0,0,0,0,0,0,0,0,0,0
28.920013,7592,31447,38885,0,0,0,0,0,0,0,0,0,0,0,0,0,0
28.922012,7595,31450,38883,0,0,0,0,0,0,0,0,0,0,0,0,0,0
28.940458,7594,31447,38889,0,0,0,0,0,0,0,0,0,0,0,0,0,0
28.941465,7603,31452,38893,0,0,0,0,0,0,0,0,0,0,0,0,0,0
28.960339,7601,31450,38896,0,0,0,0,0,0,0,0,0,0,0,0,0,0
28.961339,7611,31454,38899,0,0,0,0,0,0,0,0,0,0,0,0,0,0
28.970849,7612,31457,38903,0,0,0,0,0,0,0,0,0,0,0,0,0,0
28.991849,7613,31458,38905,0,0,0,0,0,0,0,0,0,0,0,0,0,0
28.992849,7613,31455,38905,0,0,0,0,0,0,0,0,0,0,0,0,0,0
29.010053,7618,31455,38904,0,0,0,0,0,0,0,0,0,0,0,0,0,0
29.011077,7613,31454,38906,0,0,0,0,0,0,0,0,0,0,0,0,0,0
29.029633,7622,31454,38907,0,0,0,0,0,0,0,0,0,0,0,0,0,0
29.031633,7622,31456,38908,0,0,0,0,0,0,0,0,0,0,0,0,0,0
29.050761,7629,31458,38910,0,0,0,0,0,0,0,0,0,0,0,0,0,0
29.051765,7625,31461,38913,0,0,0,0,0,0,0,0,0,0,0,0,0,0
29.071784,7632,31458,38925,0,0,0,0,0,0,0,0,0,0,0,0,0,0
29.072784,7635,31460,38925,0,0,0,0,0,0,0,0,0,0,0,0,0,0
29.091784,7639,31464,38929,0,0,0,0,0,0,0,0,0,0,0,0,0,0
29.092784,7640,31462,38931,0,0,0,0,0,0,0,0,0,0,0,0,0,0
29.110097,7643,31461,38929,0,0,0,0,0,0,0,0,0,0,0,0,0,0
29.111157,7640,31458,38920,0,0,0,0,0,0,0,0,0,0,0,0,0,0
29.131737,7643,31458,38918,0,0,0,0,0,0,0,0,0,0,0,0,0,0
29.132737,7644,31455,38915,0,0,0,0,0,0,0,0,0,0,0,0,0,0
29.141923,7642,31453,38906,0,0,0,0,0,0,0,0,0,0,0,0,0,0
29.159429,7640,31450,38901,0,0,0,0,0,0,0,0,0,0,0,0,0,0
29.161428,7636,31452,38898,0,0,0,0,0,0,0,0,0,0,0,0,0,0
29.180624,7632,31450,38893,0,0,0,0,0,0,0,0,0,0,0,0,0,0
29.181647,7633,31450,38887,0,0,0,0,0,0,0,0,0,0,0,0,0,0
29.201398,7628,31447,38877,0,0,0,0,0,0,0,0,0,0,0,0,0,0
29.203398,7624,31448,38869,0,0,0,0,0,0,0,0,0,0,0,0,0,0
29.22112,7620,31445,38859,0,0,0,0,0,0,0,0,0,0,0,0,0,0
29.222239,7618,31443,38847,0,0,0,0,0,0,0,0,0,0,0,0,0,0
29.240382,7613,31438,38841,0,0,0,0,0,0,0,0,0,0,0,0,0,0
29.242391,7614,31441,38832,0,0,0,0,0,0,0,0,0,0,0,0,0,0
29.261932,7612,31436,38827,0,0,0,0,0,0,0,0,0,0,0,0,0,0
29.262932,7612,31439,38825,0,0,0,0,0,0,0,0,0,0,0,0,0,0
29.280438,7611,31435,38823,0,0,0,0,0,0,0,0,0,0,0,0,0,0
29.281438,7610,31438,38822,0,0,0,0,0,0,0,0,0,0,0,0,0,0
29.301439,7613,31439,38826,0,0,0,0,0,0,0,0,0,0,0,0,0,0
29.302438,7614,31441,38824,0,0,0,0,0,0,0,0,0,0,0,0,0,0
29.320438,7613,31437,38825,0,0,0,0,0,0,0,0,0,0,0,0,0,0
29.321438,7615,31441,38830,0,0,0,0,0,0,0,0,0,0,0,0,0,0
29.339811,7614,31444,38836,0,0,0,0,0,0,0,0,0,0,0,0,0,0
29.341098,7622,31445,38843,0,0,0,0,0,0,0,0,0,0,0,0,0,0
29.361308,7623,31449,38854,0,0,0,0,0,0,0,0,0,0,0,0,0,0
29.362308,7626,31452,38863,0,0,0,0,0,0,0,0,0,0,0,0,0,0
29.369818,7628,31459,38872,0,0,0,0,0,0,0,0,0,0,0,0,0,0
29.371819,7631,31459,38882,0,0,0,0,0,0,0,0,0,0,0,0,0,0
29.390476,7634,31458,38889,0,0,0,0,0,0,0,0,0,0,0,0,0,0
29.409845,7638,31464,38891,0,0,0,0,0,0,0,0,0,0,0,0,0,0
29.411845,7639,31465,38893,0,0,0,0,0,0,0,0,0,0,0,0,0,0
29.429845,7642,31462,38894,0,0,0,0,0,0,0,0,0,0,0,0,0,0
29.431845,7643,31465,38897,0,0,0,0,0,0,0,0,0,0,0,0,0,0
29.450247,7646,31463,38899,0,0,0,0,0,0,0,0,0,0,0,0,0,0
29.451358,7649,31464,38905,0,0,0,0,0,0,0,0,0,0,0,0,0,0
29.469835,7652,31468,38910,0,0,0,0,0,0,0,0,0,0,0,0,0,0
29.471835,7654,31472,38918,0,0,0,0,0,0,0,0,0,0,0,0,0,0
29.490451,7659,31479,38924,0,0,0,0,0,0,0,0,0,0,0,0,0,0
29.491475,7661,31482,38933,0,0,0,0,0,0,0,0,0,0,0,0,0,0
29.510658,7665,31484,38943,0,0,0,0,0,0,0,0,0,0,0,0,0,0
29.511653,7666,31485,38941,0,0,0,0,0,0,0,0,0,0,0,0,0,0
29.530228,7668,31485,38944,0,0,0,0,0,0,0,0,0,0,0,0,0,0
29.531228,7667,31484,38939,0,0,0,0,0,0,0,0,0,0,0,0,0,0
29.550071,7670,31485,38941,0,0,0,0,0,0,0,0,0,0,0,0,0,0
29.551071,7671,31482,38939,0,0,0,0,0,0,0,0,0,0,0,0,0,0
29.570169,7673,31482,38937,0,0,0,0,0,0,0,0,0,0,0,0,0,0
29.57117,7673,31479,38936,0,0,0,0,0,0,0,0,0,0,0,0,0,0
29.591777,7675,31477,38937,0,0,0,0,0,0,0,0,0,0,0,0,0,0
29.592777,7674,31479,38940,0,0,0,0,0,0,0,0,0,0,0,0,0,0
29.611777,7678,31482,38944,0,0,0,0,0,0,0,0,0,0,0,0,0,0
29.612777,7680,31482,38948,0,0,0,0,0,0,0,0,0,0,0,0,0,0
29.619777,7682,31483,38950,0,0,0,0,0,0,0,0,0,0,0,0,0,0
29.640373,7687,31486,38953,0,0,0,0,0,0,0,0,0,0,0,0,0,0
29.641398,7692,31485,38957,0,0,0,0,0,0,0,0,0,0,0,0,0,0
29.65959,7688,31489,38960,0,0,0,0,0,0,0,0,0,0,0,0,0,0
29.662591,7693,31487,38964,0,0,0,0,0,0,0,0,0,0,0,0,0,0
29.682112,7695,31490,38962,0,0,0,0,0,0,0,0,0,0,0,0,0,0
29.683112,7698,31490,38968,0,0,0,0,0,0,0,0,0,0,0,0,0,0
29.700588,7702,31490,38975,0,0,0,0,0,0,0,0,0,0,0,0,0,0
29.701594,7706,31496,38981,0,0,0,0,0,0,0,0,0,0,0,0,0,0
29.720389,7707,31493,38981,0,0,0,0,0,0,0,0,0,0,0,0,0,0
29.721389,7708,31498,38986,0,0,0,0,0,0,0,0,0,0,0,0,0,0
29.740946,7715,31496,38984,0,0,0,0,0,0,0,0,0,0,0,0,0,0
29.742954,7715,31490,38984,0,0,0,0,0,0,0,0,0,0,0,0,0,0
29.760134,7711,31491,38978,0,0,0,0,0,0,0,0,0,0,0,0,0,0
29.761162,7716,31489,38977,0,0,0,0,0,0,0,0,0,0,0,0,0,0
29.780242,7716,31489,38971,0,0,0,0,0,0,0,0,0,0,0,0,0,0
29.781242,7716,31489,38980,0,0,0,0,0,0,0,0,0,0,0,0,0,0
29.801242,7718,31491,38980,0,0,0,0,0,0,0,0,0,0,0,0,0,0
29.802242,7725,31490,38988,0,0,0,0,0,0,0,0,0,0,0,0,0,0
29.819821,7727,31497,38990,0,0,0,0,0,0,0,0,0,0,0,0,0,0
29.82187,7729,31494,38996,0,0,0,0,0,0,0,0,0,0,0,0,0,0
29.83044,7733,31494,38998,0,0,0,0,0,0,0,0,0,0,0,0,0,0
29.849499,7735,31496,39000,0,0,0,0,0,0,0,0,0,0,0,0,0,0
29.851499,7737,31498,38997,0,0,0,0,0,0,0,0,0,0,0,0,0,0
29.870518,7739,31496,39000,0,0,0,0,0,0,0,0,0,0,0,0,0,0
29.871518,7741,31492,38995,0,0,0,0,0,0,0,0,0,0,0,0,0,0
29.891385,7737,31491,38996,0,0,0,0,0,0,0,0,0,0,0,0,0,0
29.892385,7736,31490,38987,0,0,0,0,0,0,0,0,0,0,0,0,0,0
29.90965,7738,31487,38982,0,0,0,0,0,0,0,0,0,0,0,0,0,0
29.91165,7736,31484,38971,0,0,0,0,0,0,0,0,0,0,0,0,0,0
29.93065,7730,31482,38960,0,0,0,0,0,0,0,0,0,0,0,0,0,0
29.93165,7727,31482,38949,0,0,0,0,0,0,0,0,0,0,0,0,0,0
29.949464,7722,31476,38941,0,0,0,0,0,0,0,0,0,0,0,0,0,0
29.951477,7713,31477,38933,0,0,0,0,0,0,0,0,0,0,0,0,0,0
29.970986,7712,31475,38929,0,0,0,0,0,0,0,0,0,0,0,0,0,0
29.972006,7706,31477,38919,0,0,0,0,0,0,0,0,0,0,0,0,0,0
29.981806,7704,31473,38910,0,0,0,0,0,0,0,0,0,0,0,0,0,0
30.000974,7700,31469,38897,0,0,0,0,0,0,0,0,0,0,0,0,0,0
30.002974,7699,31469,38891,0,0,0,0,0,0,0,0,0,0,0,0,0,0
30.021412,7696,31468,38878,0,0,0,0,0,0,0,0,0,0,0,0,0,0
30.022411,7694,31461,38879,0,0,0,0,0,0,0,0,0,0,0,0,0,0
30.04072,7692,31461,38872,0,0,0,0,0,0,0,0,0,0,0,0,0,0
30.04199,7692,31461,38874,0,0,0,0,0,0,0,0,0,0,0,0,0,0
30.060669,7689,31465,38869,0,0,0,0,0,0,0,0,0,0,0,0,0,0
30.061693,7689,31460,38872,0,0,0,0,0,0,0,0,0,0,0,0,0,0
30.080975,7689,31461,38865,0,0,0,0,0,0,0,0,0,0,0,0,0,0
30.082013,7688,31460,38866,0,0,0,0,0,0,0,0,0,0,0,0,0,0
30.090533,7688,31462,38870,0,0,0,0,0,0,0,0,0,0,0,0,0,0
30.110063,7690,31465,38876,0,0,0,0,0,0,0,0,0,0,0,0,0,0
30.111092,7690,31467,38876,0,0,0,0,0,0,0,0,0,0,0,0,0,0
30.131228,7691,31471,38888,0,0,0,0,0,0,0,0,0,0,0,0,0,0
30.132229,7697,31474,38893,0,0,0,0,0,0,0,0,0,0,0,0,0,0
30.150403,7698,31476,38901,0,0,0,0,0,0,0,0,0,0,0,0,0,0
30.151403,7701,31480,38909,0,0,0,0,0,0,0,0,0,0,0,0,0,0
30.170148,7699,31484,38918,0,0,0,0,0,0,0,0,0,0,0,0,0,0
30.172172,7705,31482,38919,0,0,0,0,0,0,0,0,0,0,0,0,0,0
30.190172,7706,31484,38927,0,0,0,0,0,0,0,0,0,0,0,0,0,0
30.192172,7706,31483,38924,0,0,0,0,0,0,0,0,0,0,0,0,0,0
30.209686,7710,31488,38925,0,0,0,0,0,0,0,0,0,0,0,0,0,0
30.211969,7711,31488,38928,0,0,0,0,0,0,0,0,0,0,0,0,0,0
30.221323,7715,31489,38937,0,0,0,0,0,0,0,0,0,0,0,0,0,0
30.240156,7712,31491,38942,0,0,0,0,0,0,0,0,0,0,0,0,0,0
30.242156,7718,31498,38946,0,0,0,0,0,0,0,0,0,0,0,0,0,0
30.261964,7721,31499,38958,0,0,0,0,0,0,0,0,0,0,0,0,0,0
30.262965,7725,31504,38968,0,0,0,0,0,0,0,0,0,0,0,0,0,0
30.279878,7730,31507,38974,0,0,0,0,0,0,0,0,0,0,0,0,0,0
30.281898,7733,31510,38979,0,0,0,0,0,0,0,0,0,0,0,0,0,0
30.299659,7731,31509,38979,0,0,0,0,0,0,0,0,0,0,0,0,0,0
30.301659,7734,31510,38976,0,0,0,0,0,0,0,0,0,0,0,0,0,0
30.319658,7734,31504,38982,0,0,0,0,0,0,0,0,0,0,0,0,0,0
30.322659,7738,31511,38985,0,0,0,0,0,0,0,0,0,0,0,0,0,0
30.340659,7741,31508,38985,0,0,0,0,0,0,0,0,0,0,0,0,0,0
30.342152,7743,31510,38985,0,0,0,0,0,0,0,0,0,0,0,0,0,0
30.36061,7743,31510,38993,0,0,0,0,0,0,0,0,0,0,0,0,0,0
30.361611,7744,31513,38992,0,0,0,0,0,0,0,0,0,0,0,0,0,0
30.370225,7747,31511,39000,0,0,0,0,0,0,0,0,0,0,0,0,0,0
30.39123,7753,31514,38996,0,0,0,0,0,0,0,0,0,0,0,0,0,0
30.39223,7750,31514,39009,0,0,0,0,0,0,0,0,0,0,0,0,0,0
30.410508,7755,31514,39010,0,0,0,0,0,0,0,0,0,0,0,0,0,0
30.411508,7759,31519,39012,0,0,0,0,0,0,0,0,0,0,0,0,0,0
30.43201,7759,31517,39014,0,0,0,0,0,0,0,0,0,0,0,0,0,0
30.433019,7763,31516,39019,0,0,0,0,0,0,0,0,0,0,0,0,0,0
30.451017,7765,31522,39021,0,0,0,0,0,0,0,0,0,0,0,0,0,0
30.453038,7769,31519,39028,0,0,0,0,0,0,0,0,0,0,0,0,0,0
30.470661,7775,31526,39035,0,0,0,0,0,0,0,0,0,0,0,0,0,0
30.471665,7780,31527,39039,0,0,0,0,0,0,0,0,0,0,0,0,0,0
30.490399,7779,31529,39036,0,0,0,0,0,0,0,0,0,0,0,0,0,0
30.492658,7782,31527,39043,0,0,0,0,0,0,0,0,0,0,0,0,0,0
30.510365,7785,31530,39044,0,0,0,0,0,0,0,0,0,0,0,0,0,0
30.51251,7787,31526,39049,0,0,0,0,0,0,0,0,0,0,0,0,0,0
30.532031,7791,31533,39051,0,0,0,0,0,0,0,0,0,0,0,0,0,0
30.533031,7792,31536,39058,0,0,0,0,0,0,0,0,0,0,0,0,0,0
30.550395,7794,31529,39054,0,0,0,0,0,0,0,0,0,0,0,0,0,0
30.551394,7799,31535,39059,0,0,0,0,0,0,0,0,0,0,0,0,0,0
30.570217,7800,31535,39063,0,0,0,0,0,0,0,0,0,0,0,0,0,0
30.571722,7805,31537,39070,0,0,0,0,0,0,0,0,0,0,0,0,0,0
30.590752,7806,31542,39077,0,0,0,0,0,0,0,0,0,0,0,0,0,0
30.591758,7810,31544,39083,0,0,0,0,0,0,0,0,0,0,0,0,0,0
30.600943,7817,31550,39093,0,0,0,0,0,0,0,0,0,0,0,0,0,0
30.620172,7820,31553,39099,0,0,0,0,0,0,0,0,0,0,0,0,0,0
30.621218,7822,31551,39098,0,0,0,0,0,0,0,0,0,0,0,0,0,0
30.640378,7824,31550,39099,0,0,0,0,0,0,0,0,0,0,0,0,0,0
30.641377,7826,31547,39098,0,0,0,0,0,0,0,0,0,0,0,0,0,0
30.660375,7825,31549,39095,0,0,0,0,0,0,0,0,0,0,0,0,0,0
30.662838,7826,31541,39084,0,0,0,0,0,0,0,0,0,0,0,0,0,0
30.680682,7825,31537,39079,0,0,0,0,0,0,0,0,0,0,0,0,0,0
30.681758,7819,31539,39076,0,0,0,0,0,0,0,0,0,0,0,0,0,0
30.699559,7817,31541,39069,0,0,0,0,0,0,0,0,0,0,0,0,0,0
30.701593,7817,31540,39060,0,0,0,0,0,0,0,0,0,0,0,0,0,0
30.720009,7811,31539,39058,0,0,0,0,0,0,0,0,0,0,0,0,0,0
30.722034,7808,31539,39054,0,0,0,0,0,0,0,0,0,0,0,0,0,0
30.740668,7808,31542,39052,0,0,0,0,0,0,0,0,0,0,0,0,0,0
30.741724,7806,31546,39048,0,0,0,0,0,0,0,0,0,0,0,0,0,0
30.760864,7803,31543,39044,0,0,0,0,0,0,0,0,0,0,0,0,0,0
30.761889,7799,31541,39038,0,0,0,0,0,0,0,0,0,0,0,0,0,0
30.780898,7800,31544,39039,0,0,0,0,0,0,0,0,0,0,0,0,0,0
30.782009,7799,31542,39032,0,0,0,0,0,0,0,0,0,0,0,0,0,0
30.80058,7799,31537,39025,0,0,0,0,0,0,0,0,0,0,0,0,0,0
30.801496,7793,31537,39021,0,0,0,0,0,0,0,0,0,0,0,0,0,0
30.819807,7796,31539,39017,0,0,0,0,0,0,0,0,0,0,0,0,0,0
30.821873,7794,31538,39013,0,0,0,0,0,0,0,0,0,0,0,0,0,0
30.832206,7796,31536,39014,0,0,0,0,0,0,0,0,0,0,0,0,0,0
30.833226,7796,31534,39010,0,0,0,0,0,0,0,0,0,0,0,0,0,0
30.850275,7793,31536,39014,0,0,0,0,0,0,0,0,0,0,0,0,0,0
30.869878,7792,31534,39012,0,0,0,0,0,0,0,0,0,0,0,0,0,0
30.870884,7794,31535,39019,0,0,0,0,0,0,0,0,0,0,0,0,0,0
30.890785,7796,31543,39022,0,0,0,0,0,0,0,0,0,0,0,0,0,0
30.892785,7800,31544,39034,0,0,0,0,0,0,0,0,0,0,0,0,0,0
30.910058,7802,31552,39045,0,0,0,0,0,0,0,0,0,0,0,0,0,0
30.912057,7805,31552,39053,0,0,0,0,0,0,0,0,0,0,0,0,0,0
30.932057,7808,31558,39059,0,0,0,0,0,0,0,0,0,0,0,0,0,0
30.933057,7811,31557,39062,0,0,0,0,0,0,0,0,0,0,0,0,0,0
30.949495,7814,31561,39067,0,0,0,0,0,0,0,0,0,0,0,0,0,0
30.951495,7817,31556,39062,0,0,0,0,0,0,0,0,0,0,0,0,0,0
30.970728,7814,31557,39061,0,0,0,0,0,0,0,0,0,0,0,0,0,0
30.972728,7819,31559,39068,0,0,0,0,0,0,0,0,0,0,0,0,0,0
30.991239,7819,31560,39071,0,0,0,0,0,0,0,0,0,0,0,0,0,0
30.993238,7823,31564,39083,0,0,0,0,0,0,0,0,0,0,0,0,0,0
31.009588,7826,31568,39086,0,0,0,0,0,0,0,0,0,0,0,0,0,0
31.012795,7830,31573,39095,0,0,0,0,0,0,0,0,0,0,0,0,0,0
31.031955,7835,31584,39104,0,0,0,0,0,0,0,0,0,0,0,0,0,0
31.032974,7840,31582,39111,0,0,0,0,0,0,0,0,0,0,0,0,0,0
31.050616,7844,31587,39121,0,0,0,0,0,0,0,0,0,0,0,0,0,0
31.051616,7845,31588,39121,0,0,0,0,0,0,0,0,0,0,0,0,0,0
31.072123,7849,31594,39127,0,0,0,0,0,0,0,0,0,0,0,0,0,0
31.073628,7855,31592,39130,0,0,0,0,0,0,0,0,0,0,0,0,0,0
31.08163,7855,31593,39131,0,0,0,0,0,0,0,0,0,0,0,0,0,0
31.100641,7859,31597,39136,0,0,0,0,0,0,0,0,0,0,0,0,0,0
31.10164,7858,31597,39134,0,0,0,0,0,0,0,0,0,0,0,0,0,0
31.120199,7861,31593,39132,0,0,0,0,0,0,0,0,0,0,0,0,0,0
31.122218,7864,31598,39134,0,0,0,0,0,0,0,0,0,0,0,0,0,0
31.140534,7866,31595,39136,0,0,0,0,0,0,0,0,0,0,0,0,0,0
31.141534,7865,31600,39140,0,0,0,0,0,0,0,0,0,0,0,0,0,0
31.159741,7868,31600,39148,0,0,0,0,0,0,0,0,0,0,0,0,0,0
31.16174,7872,31609,39154,0,0,0,0,0,0,0,0,0,0,0,0,0,0
31.180247,7878,31609,39163,0,0,0,0,0,0,0,0,0,0,0,0,0,0
31.181248,7880,31613,39166,0,0,0,0,0,0,0,0,0,0,0,0,0,0
31.191248,7885,31611,39172,0,0,0,0,0,0,0,0,0,0,0,0,0,0
31.210268,7890,31615,39174,0,0,0,0,0,0,0,0,0,0,0,0,0,0
31.211289,7894,31615,39178,0,0,0,0,0,0,0,0,0,0,0,0,0,0
31.230289,7892,31619,39181,0,0,0,0,0,0,0,0,0,0,0,0,0,0
31.231289,7896,31616,39181,0,0,0,0,0,0,0,0,0,0,0,0,0,0
31.251653,7902,31614,39182,0,0,0,0,0,0,0,0,0,0,0,0,0,0
31.253653,7900,31615,39184,0,0,0,0,0,0,0,0,0,0,0,0,0,0
31.270394,7906,31619,39186,0,0,0,0,0,0,0,0,0,0,0,0,0,0
31.271389,7907,31619,39187,0,0,0,0,0,0,0,0,0,0,0,0,0,0
31.292104,7910,31612,39188,0,0,0,0,0,0,0,0,0,0,0,0,0,0
31.293393,7911,31616,39191,0,0,0,0,0,0,0,0,0,0,0,0,0,0
31.309488,7914,31617,39192,0,0,0,0,0,0,0,0,0,0,0,0,0,0
31.311488,7916,31618,39196,0,0,0,0,0,0,0,0,0,0,0,0,0,0
31.32929,7921,31622,39200,0,0,0,0,0,0,0,0,0,0,0,0,0,0
31.331638,7920,31622,39204,0,0,0,0,0,0,0,0,0,0,0,0,0,0
31.351007,7928,31618,39205,0,0,0,0,0,0,0,0,0,0,0,0,0,0
31.352253,7928,31624,39209,0,0,0,0,0,0,0,0,0,0,0,0,0,0
31.362197,7930,31619,39206,0,0,0,0,0,0,0,0,0,0,0,0,0,0
31.380857,7931,31619,39205,0,0,0,0,0,0,0,0,0,0,0,0,0,0
31.382128,7930,31621,39206,0,0,0,0,0,0,0,0,0,0,0,0,0,0
31.401202,7934,31618,39205,0,0,0,0,0,0,0,0,0,0,0,0,0,0
31.40322,7933,31613,39199,0,0,0,0,0,0,0,0,0,0,0,0,0,0
31.419754,7933,31613,39192,0,0,0,0,0,0,0,0,0,0,0,0,0,0
31.421753,7932,31611,39189,0,0,0,0,0,0,0,0,0,0,0,0,0,0
31.440878,7931,31607,39181,0,0,0,0,0,0,0,0,0,0,0,0,0,0
31.442116,7930,31611,39179,0,0,0,0,0,0,0,0,0,0,0,0,0,0
31.459895,7922,31612,39170,0,0,0,0,0,0,0,0,0,0,0,0,0,0
31.461907,7922,31608,39165,0,0,0,0,0,0,0,0,0,0,0,0,0,0
31.480842,7916,31607,39159,0,0,0,0,0,0,0,0,0,0,0,0,0,0
31.482862,7915,31615,39157,0,0,0,0,0,0,0,0,0,0,0,0,0,0
31.502027,7911,31610,39156,0,0,0,0,0,0,0,0,0,0,0,0,0,0
31.503049,7906,31606,39148,0,0,0,0,0,0,0,0,0,0,0,0,0,0
31.52194,7906,31603,39139,0,0,0,0,0,0,0,0,0,0,0,0,0,0
31.52396,7902,31602,39127,0,0,0,0,0,0,0,0,0,0,0,0,0,0
31.540908,7895,31596,39115,0,0,0,0,0,0,0,0,0,0,0,0,0,0
31.541913,7894,31592,39105,0,0,0,0,0,0,0,0,0,0,0,0,0,0
31.5603,7890,31587,39092,0,0,0,0,0,0,0,0,0,0,0,0,0,0
31.561299,7885,31580,39084,0,0,0,0,0,0,0,0,0,0,0,0,0,0
31.581172,7887,31582,39083,0,0,0,0,0,0,0,0,0,0,0,0,0,0
31.582201,7884,31582,39083,0,0,0,0,0,0,0,0,0,0,0,0,0,0
31.590403,7884,31582,39085,0,0,0,0,0,0,0,0,0,0,0,0,0,0
31.61238,7887,31577,39086,0,0,0,0,0,0,0,0,0,0,0,0,0,0
31.614602,7885,31582,39087,0,0,0,0,0,0,0,0,0,0,0,0,0,0
31.630999,7885,31580,39086,0,0,0,0,0,0,0,0,0,0,0,0,0,0
31.633223,7883,31579,39086,0,0,0,0,0,0,0,0,0,0,0,0,0,0
31.651135,7885,31580,39089,0,0,0,0,0,0,0,0,0,0,0,0,0,0
31.652153,7888,31582,39094,0,0,0,0,0,0,0,0,0,0,0,0,0,0
31.669415,7890,31580,39103,0,0,0,0,0,0,0,0,0,0,0,0,0,0
31.671455,7890,31586,39106,0,0,0,0,0,0,0,0,0,0,0,0,0,0
31.691234,7896,31581,39109,0,0,0,0,0,0,0,0,0,0,0,0,0,0
31.693233,7894,31581,39114,0,0,0,0,0,0,0,0,0,0,0,0,0,0
31.711998,7896,31582,39110,0,0,0,0,0,0,0,0,0,0,0,0,0,0
31.712997,7900,31584,39113,0,0,0,0,0,0,0,0,0,0,0,0,0,0
31.729916,7899,31577,39113,0,0,0,0,0,0,0,0,0,0,0,0,0,0
31.73183,7903,31584,39115,0,0,0,0,0,0,0,0,0,0,0,0,0,0
31.749943,7903,31580,39118,0,0,0,0,0,0,0,0,0,0,0,0,0,0
31.751099,7906,31586,39121,0,0,0,0,0,0,0,0,0,0,0,0,0,0
31.770776,7906,31584,39130,0,0,0,0,0,0,0,0,0,0,0,0,0,0
31.771896,7908,31593,39137,0,0,0,0,0,0,0,0,0,0,0,0,0,0
31.789659,7913,31591,39136,0,0,0,0,0,0,0,0,0,0,0,0,0,0
31.791659,7917,31595,39140,0,0,0,0,0,0,0,0,0,0,0,0,0,0
31.809982,7917,31591,39139,0,0,0,0,0,0,0,0,0,0,0,0,0,0
31.811982,7917,31593,39136,0,0,0,0,0,0,0,0,0,0,0,0,0,0
31.820982,7918,31592,39135,0,0,0,0,0,0,0,0,0,0,0,0,0,0
31.841225,7918,31593,39137,0,0,0,0,0,0,0,0,0,0,0,0,0,0
31.842225,7920,31596,39144,0,0,0,0,0,0,0,0,0,0,0,0,0,0
31.860301,7921,31593,39143,0,0,0,0,0,0,0,0,0,0,0,0,0,0
31.861303,7925,31593,39144,0,0,0,0,0,0,0,0,0,0,0,0,0,0
31.880951,7927,31597,39149,0,0,0,0,0,0,0,0,0,0,0,0,0,0
31.881863,7931,31595,39150,0,0,0,0,0,0,0,0,0,0,0,0,0,0
31.900993,7932,31596,39152,0,0,0,0,0,0,0,0,0,0,0,0,0,0
31.902289,7935,31598,39153,0,0,0,0,0,0,0,0,0,0,0,0,0,0
31.921485,7936,31598,39157,0,0,0,0,0,0,0,0,0,0,0,0,0,0
31.922628,7940,31596,39159,0,0,0,0,0,0,0,0,0,0,0,0,0,0
31.941096,7940,31600,39160,0,0,0,0,0,0,0,0,0,0,0,0,0,0
31.942087,7944,31600,39165,0,0,0,0,0,0,0,0,0,0,0,0,0,0
31.960093,7945,31600,39165,0,0,0,0,0,0,0,0,0,0,0,0,0,0
31.962313,7950,31598,39167,0,0,0,0,0,0,0,0,0,0,0,0,0,0
31.980973,7950,31601,39171,0,0,0,0,0,0,0,0,0,0,0,0,0,0
31.981973,7954,31599,39175,0,0,0,0,0,0,0,0,0,0,0,0,0,0
32.001215,7952,31601,39176,0,0,0,0,0,0,0,0,0,0,0,0,0,0
32.003214,7958,31602,39180,0,0,0,0,0,0,0,0,0,0,0,0,0,0
32.02131,7958,31601,39180,0,0,0,0,0,0,0,0,0,0,0,0,0,0
32.023338,7963,31601,39176,0,0,0,0,0,0,0,0,0,0,0,0,0,0
32.029581,7959,31598,39175,0,0,0,0,0,0,0,0,0,0,0,0,0,0
32.041766,7966,31598,39176,0,0,0,0,0,0,0,0,0,0,0,0,0,0
32.059515,7962,31596,39178,0,0,0,0,0,0,0,0,0,0,0,0,0,0
32.061886,7967,31597,39178,0,0,0,0,0,0,0,0,0,0,0,0,0,0
32.081135,7964,31598,39186,0,0,0,0,0,0,0,0,0,0,0,0,0,0
32.082157,7967,31600,39187,0,0,0,0,0,0,0,0,0,0,0,0,0,0
32.101171,7969,31605,39194,0,0,0,0,0,0,0,0,0,0,0,0,0,0
32.10209,7979,31609,39197,0,0,0,0,0,0,0,0,0,0,0,0,0,0
32.122072,7976,31609,39201,0,0,0,0,0,0,0,0,0,0,0,0,0,0
32.124427,7978,31600,39201,0,0,0,0,0,0,0,0,0,0,0,0,0,0
32.141752,7978,31602,39197,0,0,0,0,0,0,0,0,0,0,0,0,0,0
32.143752,7980,31598,39188,0,0,0,0,0,0,0,0,0,0,0,0,0,0
32.159451,7979,31596,39182,0,0,0,0,0,0,0,0,0,0,0,0,0,0
32.161579,7977,31596,39177,0,0,0,0,0,0,0,0,0,0,0,0,0,0
32.180303,7969,31589,39165,0,0,0,0,0,0,0,0,0,0,0,0,0,0
32.181499,7967,31586,39154,0,0,0,0,0,0,0,0,0,0,0,0,0,0
32.190292,7963,31585,39149,0,0,0,0,0,0,0,0,0,0,0,0,0,0
32.209611,7954,31585,39136,0,0,0,0,0,0,0,0,0,0,0,0,0,0
32.211657,7946,31579,39124,0,0,0,0,0,0,0,0,0,0,0,0,0,0
32.229656,7944,31581,39116,0,0,0,0,0,0,0,0,0,0,0,0,0,0
32.231656,7941,31582,39114,0,0,0,0,0,0,0,0,0,0,0,0,0,0
32.250705,7940,31582,39112,0,0,0,0,0,0,0,0,0,0,0,0,0,0
32.251746,7934,31580,39111,0,0,0,0,0,0,0,0,0,0,0,0,0,0
32.272075,7935,31582,39108,0,0,0,0,0,0,0,0,0,0,0,0,0,0
32.274075,7930,31582,39101,0,0,0,0,0,0,0,0,0,0,0,0,0,0
32.289999,7931,31579,39094,0,0,0,0,0,0,0,0,0,0,0,0,0,0
32.292019,7928,31576,39092,0,0,0,0,0,0,0,0,0,0,0,0,0,0
32.310499,7926,31572,39084,0,0,0,0,0,0,0,0,0,0,0,0,0,0
32.311645,7921,31570,39079,0,0,0,0,0,0,0,0,0,0,0,0,0,0
32.321232,7920,31572,39076,0,0,0,0,0,0,0,0,0,0,0,0,0,0
32.340326,7920,31571,39077,0,0,0,0,0,0,0,0,0,0,0,0,0,0
32.341326,7923,31574,39079,0,0,0,0,0,0,0,0,0,0,0,0,0,0
32.359834,7921,31577,39085,0,0,0,0,0,0,0,0,0,0,0,0,0,0
32.361835,7923,31578,39089,0,0,0,0,0,0,0,0,0,0,0,0,0,0
32.381308,7924,31578,39082,0,0,0,0,0,0,0,0,0,0,0,0,0,0
32.383437,7927,31577,39089,0,0,0,0,0,0,0,0,0,0,0,0,0,0
32.401103,7926,31579,39094,0,0,0,0,0,0,0,0,0,0,0,0,0,0
32.402136,7929,31578,39099,0,0,0,0,0,0,0,0,0,0,0,0,0,0
32.419631,7928,31583,39100,0,0,0,0,0,0,0,0,0,0,0,0,0,0
32.421682,7932,31577,39102,0,0,0,0,0,0,0,0,0,0,0,0,0,0
32.440753,7931,31580,39103,0,0,0,0,0,0,0,0,0,0,0,0,0,0
32.44176,7933,31577,39100,0,0,0,0,0,0,0,0,0,0,0,0,0,0
32.460227,7931,31573,39099,0,0,0,0,0,0,0,0,0,0,0,0,0,0
32.461528,7930,31575,39101,0,0,0,0,0,0,0,0,0,0,0,0,0,0
32.481905,7931,31573,39103,0,0,0,0,0,0,0,0,0,0,0,0,0,0
32.482924,7934,31577,39107,0,0,0,0,0,0,0,0,0,0,0,0,0,0
32.49995,7939,31580,39113,0,0,0,0,0,0,0,0,0,0,0,0,0,0
32.500978,7941,31584,39115,0,0,0,0,0,0,0,0,0,0,0,0,0,0
32.521219,7942,31585,39121,0,0,0,0,0,0,0,0,0,0,0,0,0,0
32.523239,7945,31588,39123,0,0,0,0,0,0,0,0,0,0,0,0,0,0
32.529664,7947,31591,39127,0,0,0,0,0,0,0,0,0,0,0,0,0,0
32.550271,7946,31586,39132,0,0,0,0,0,0,0,0,0,0,0,0,0,0
32.551271,7946,31587,39130,0,0,0,0,0,0,0,0,0,0,0,0,0,0
32.570318,7945,31585,39128,0,0,0,0,0,0,0,0,0,0,0,0,0,0
32.571319,7950,31585,39128,0,0,0,0,0,0,0,0,0,0,0,0,0,0
32.590778,7948,31582,39126,0,0,0,0,0,0,0,0,0,0,0,0,0,0
32.592778,7947,31586,39130,0,0,0,0,0,0,0,0,0,0,0,0,0,0
32.609715,7949,31583,39133,0,0,0,0,0,0,0,0,0,0,0,0,0,0
32.611773,7950,31582,39133,0,0,0,0,0,0,0,0,0,0,0,0,0,0
32.631196,7956,31585,39136,0,0,0,0,0,0,0,0,0,0,0,0,0,0
32.632201,7960,31588,39143,0,0,0,0,0,0,0,0,0,0,0,0,0,0
32.652054,7957,31585,39142,0,0,0,0,0,0,0,0,0,0,0,0,0,0
32.653054,7962,31586,39149,0,0,0,0,0,0,0,0,0,0,0,0,0,0
32.659054,7962,31588,39150,0,0,0,0,0,0,0,0,0,0,0,0,0,0
32.679513,7965,31589,39147,0,0,0,0,0,0,0,0,0,0,0,0,0,0
32.681535,7970,31588,39149,0,0,0,0,0,0,0,0,0,0,0,0,0,0
32.700736,7968,31589,39156,0,0,0,0,0,0,0,0,0,0,0,0,0,0
32.701762,7972,31590,39161,0,0,0,0,0,0,0,0,0,0,0,0,0,0
32.720625,7976,31594,39168,0,0,0,0,0,0,0,0,0,0,0,0,0,0
32.721648,7978,31595,39167,0,0,0,0,0,0,0,0,0,0,0,0,0,0
32.740921,7977,31591,39166,0,0,0,0,0,0,0,0,0,0,0,0,0,0
32.742183,7983,31591,39168,0,0,0,0,0,0,0,0,0,0,0,0,0,0
32.758979,7980,31587,39168,0,0,0,0,0,0,0,0,0,0,0,0,0,0
32.761524,7979,31589,39168,0,0,0,0,0,0,0,0,0,0,0,0,0,0
32.780728,7985,31589,39168,0,0,0,0,0,0,0,0,0,0,0,0,0,0
32.781991,7981,31588,39171,0,0,0,0,0,0,0,0,0,0,0,0,0,0
32.800545,7984,31589,39174,0,0,0,0,0,0,0,0,0,0,0,0,0,0
32.802781,7993,31593,39178,0,0,0,0,0,0,0,0,0,0,0,0,0,0
32.821246,7996,31596,39183,0,0,0,0,0,0,0,0,0,0,0,0,0,0
32.822314,7994,31595,39191,0,0,0,0,0,0,0,0,0,0,0,0,0,0
32.839456,7999,31601,39197,0,0,0,0,0,0,0,0,0,0,0,0,0,0
32.841455,8004,31601,39205,0,0,0,0,0,0,0,0,0,0,0,0,0,0
32.859712,8010,31605,39206,0,0,0,0,0,0,0,0,0,0,0,0,0,0
32.861242,8006,31604,39210,0,0,0,0,0,0,0,0,0,0,0,0,0,0
32.881324,8010,31605,39213,0,0,0,0,0,0,0,0,0,0,0,0,0,0
32.88237,8014,31601,39214,0,0,0,0,0,0,0,0,0,0,0,0,0,0
32.901022,8012,31600,39205,0,0,0,0,0,0,0,0,0,0,0,0,0,0
32.902136,8016,31600,39201,0,0,0,0,0,0,0,0,0,0,0,0,0,0
32.922052,8013,31593,39192,0,0,0,0,0,0,0,0,0,0,0,0,0,0
32.923981,8010,31590,39181,0,0,0,0,0,0,0,0,0,0,0,0,0,0
32.93998,8007,31588,39173,0,0,0,0,0,0,0,0,0,0,0,0,0,0
32.94198,8001,31589,39173,0,0,0,0,0,0,0,0,0,0,0,0,0,0
32.949714,8000,31592,39169,0,0,0,0,0,0,0,0,0,0,0,0,0,0
32.971029,7996,31596,39166,0,0,0,0,0,0,0,0,0,0,0,0,0,0
32.972176,7995,31598,39167,0,0,0,0,0,0,0,0,0,0,0,0,0,0
32.990415,7989,31599,39163,0,0,0,0,0,0,0,0,0,0,0,0,0,0
32.992424,7988,31593,39157,0,0,0,0,0,0,0,0,0,0,0,0,0,0
33.011143,7985,31594,39149,0,0,0,0,0,0,0,0,0,0,0,0,0,0
33.013166,7983,31590,39139,0,0,0,0,0,0,0,0,0,0,0,0,0,0
33.030403,7979,31587,39134,0,0,0,0,0,0,0,0,0,0,0,0,0,0
33.031513,7975,31583,39125,0,0,0,0,0,0,0,0,0,0,0,0,0,0
33.050594,7976,31582,39123,0,0,0,0,0,0,0,0,0,0,0,0,0,0
33.051624,7971,31583,39121,0,0,0,0,0,0,0,0,0,0,0,0,0,0
33.071692,7971,31582,39120,0,0,0,0,0,0,0,0,0,0,0,0,0,0
33.073711,7967,31581,39115,0,0,0,0,0,0,0,0,0,0,0,0,0,0
33.091089,7965,31581,39114,0,0,0,0,0,0,0,0,0,0,0,0,0,0
33.092205,7968,31580,39110,0,0,0,0,0,0,0,0,0,0,0,0,0,0
33.111123,7965,31579,39110,0,0,0,0,0,0,0,0,0,0,0,0,0,0
33.112237,7966,31577,39109,0,0,0,0,0,0,0,0,0,0,0,0,0,0
33.129871,7966,31579,39118,0,0,0,0,0,0,0,0,0,0,0,0,0,0
33.13237,7967,31583,39121,0,0,0,0,0,0,0,0,0,0,0,0,0,0
33.150335,7968,31587,39130,0,0,0,0,0,0,0,0,0,0,0,0,0,0
33.15145,7972,31583,39137,0,0,0,0,0,0,0,0,0,0,0,0,0,0
33.171053,7974,31591,39143,0,0,0,0,0,0,0,0,0,0,0,0,0,0
33.172075,7979,31588,39143,0,0,0,0,0,0,0,0,0,0,0,0,0,0
33.180665,7982,31592,39149,0,0,0,0,0,0,0,0,0,0,0,0,0,0
33.200528,7988,31596,39153,0,0,0,0,0,0,0,0,0,0,0,0,0,0
33.201534,7987,31596,39158,0,0,0,0,0,0,0,0,0,0,0,0,0,0
33.219533,7989,31594,39161,0,0,0,0,0,0,0,0,0,0,0,0,0,0
33.221534,7993,31596,39170,0,0,0,0,0,0,0,0,0,0,0,0,0,0
33.239526,7995,31603,39174,0,0,0,0,0,0,0,0,0,0,0,0,0,0
33.240817,7999,31604,39180,0,0,0,0,0,0,0,0,0,0,0,0,0,0
33.260541,8003,31610,39186,0,0,0,0,0,0,0,0,0,0,0,0,0,0
33.261542,8007,31610,39194,0,0,0,0,0,0,0,0,0,0,0,0,0,0
33.280327,8010,31612,39201,0,0,0,0,0,0,0,0,0,0,0,0,0,0
33.282042,8015,31619,39205,0,0,0,0,0,0,0,0,0,0,0,0,0,0
33.300118,8017,31621,39212,0,0,0,0,0,0,0,0,0,0,0,0,0,0
33.301118,0,0,0,0,0,0,0,0,0,0,0,0,0,0,0,0,0
33.320503,8019,31620,39213,0,0,0,0,0,0,0,0,0,0,0,0,0,0
33.321608,8021,31622,39217,0,0,0,0,0,0,0,0,0,0,0,0,0,0
33.339531,8024,31623,39214,0,0,0,0,0,0,0,0,0,0,0,0,0,0
33.341533,8025,31625,39214,0,0,0,0,0,0,0,0,0,0,0,0,0,0
33.361043,8028,31616,39213,0,0,0,0,0,0,0,0,0,0,0,0,0,0
33.362045,8027,31617,39206,0,0,0,0,0,0,0,0,0,0,0,0,0,0
33.379096,8024,31619,39208,0,0,0,0,0,0,0,0,0,0,0,0,0,0
33.381603,8029,31615,39211,0,0,0,0,0,0,0,0,0,0,0,0,0,0
33.399647,8029,31615,39208,0,0,0,0,0,0,0,0,0,0,0,0,0,0
33.401647,8030,31621,39217,0,0,0,0,0,0,0,0,0,0,0,0,0,0
33.4112,8033,31627,39223,0,0,0,0,0,0,0,0,0,0,0,0,0,0
33.430379,8041,31625,39229,0,0,0,0,0,0,0,0,0,0,0,0,0,0
33.431375,8041,31625,39235,0,0,0,0,0,0,0,0,0,0,0,0,0,0
33.450419,8047,31628,39236,0,0,0,0,0,0,0,0,0,0,0,0,0,0
33.451418,8048,31630,39243,0,0,0,0,0,0,0,0,0,0,0,0,0,0
33.470913,8046,31629,39237,0,0,0,0,0,0,0,0,0,0,0,0,0,0
33.471914,8049,31627,39239,0,0,0,0,0,0,0,0,0,0,0,0,0,0
33.490575,8050,31626,39236,0,0,0,0,0,0,0,0,0,0,0,0,0,0
33.491574,8051,31626,39244,0,0,0,0,0,0,0,0,0,0,0,0,0,0
33.511485,8056,31631,39247,0,0,0,0,0,0,0,0,0,0,0,0,0,0
33.512515,8063,31634,39254,0,0,0,0,0,0,0,0,0,0,0,0,0,0
33.531404,8067,31636,39261,0,0,0,0,0,0,0,0,0,0,0,0,0,0
33.532564,8066,31639,39272,0,0,0,0,0,0,0,0,0,0,0,0,0,0
33.550476,8067,31640,39268,0,0,0,0,0,0,0,0,0,0,0,0,0,0
33.551584,8069,31637,39271,0,0,0,0,0,0,0,0,0,0,0,0,0,0
33.570389,8069,31638,39266,0,0,0,0,0,0,0,0,0,0,0,0,0,0
33.571418,8070,31638,39270,0,0,0,0,0,0,0,0,0,0,0,0,0,0
33.591954,8074,31641,39276,0,0,0,0,0,0,0,0,0,0,0,0,0,0
33.592954,8077,31644,39285,0,0,0,0,0,0,0,0,0,0,0,0,0,0
33.609967,8077,31649,39293,0,0,0,0,0,0,0,0,0,0,0,0,0,0
33.611204,8082,31655,39306,0,0,0,0,0,0,0,0,0,0,0,0,0,0
33.631033,8085,31659,39305,0,0,0,0,0,0,0,0,0,0,0,0,0,0
33.633054,8088,31656,39308,0,0,0,0,0,0,0,0,0,0,0,0,0,0
33.639945,8086,31652,39299,0,0,0,0,0,0,0,0,0,0,0,0,0,0
33.642162,8089,31649,39296,0,0,0,0,0,0,0,0,0,0,0,0,0,0
33.659578,8090,31647,39288,0,0,0,0,0,0,0,0,0,0,0,0,0,0
33.681646,8087,31644,39287,0,0,0,0,0,0,0,0,0,0,0,0,0,0
33.682649,8086,31644,39282,0,0,0,0,0,0,0,0,0,0,0,0,0,0
33.699481,8084,31643,39281,0,0,0,0,0,0,0,0,0,0,0,0,0,0
33.701573,8085,31646,39273,0,0,0,0,0,0,0,0,0,0,0,0,0,0
33.7202,8085,31648,39279,0,0,0,0,0,0,0,0,0,0,0,0,0,0
33.721296,8085,31652,39274,0,0,0,0,0,0,0,0,0,0,0,0,0,0
33.740252,8082,31651,39273,0,0,0,0,0,0,0,0,0,0,0,0,0,0
33.741357,8082,31651,39268,0,0,0,0,0,0,0,0,0,0,0,0,0,0
33.760351,8076,31649,39264,0,0,0,0,0,0,0,0,0,0,0,0,0,0
33.761363,8073,31649,39255,0,0,0,0,0,0,0,0,0,0,0,0,0,0
33.780686,8071,31648,39260,0,0,0,0,0,0,0,0,0,0,0,0,0,0
33.782049,8066,31647,39250,0,0,0,0,0,0,0,0,0,0,0,0,0,0
33.799936,8067,31647,39253,0,0,0,0,0,0,0,0,0,0,0,0,0,0
33.801955,8064,31646,39250,0,0,0,0,0,0,0,0,0,0,0,0,0,0
33.820714,8063,31643,39252,0,0,0,0,0,0,0,0,0,0,0,0,0,0
33.821993,8059,31641,39240,0,0,0,0,0,0,0,0,0,0,0,0,0,0
33.840775,8060,31638,39244,0,0,0,0,0,0,0,0,0,0,0,0,0,0
33.841774,8057,31636,39232,0,0,0,0,0,0,0,0,0,0,0,0,0,0
33.859474,8056,31635,39229,0,0,0,0,0,0,0,0,0,0,0,0,0,0
33.861482,8054,31637,39231,0,0,0,0,0,0,0,0,0,0,0,0,0,0
33.880668,8058,31638,39233,0,0,0,0,0,0,0,0,0,0,0,0,0,0
33.881788,8059,31638,39243,0,0,0,0,0,0,0,0,0,0,0,0,0,0
33.889739,8062,31643,39247,0,0,0,0,0,0,0,0,0,0,0,0,0,0
33.909802,8064,31649,39254,0,0,0,0,0,0,0,0,0,0,0,0,0,0
33.911906,8069,31650,39259,0,0,0,0,0,0,0,0,0,0,0,0,0,0
33.930265,8071,31651,39270,0,0,0,0,0,0,0,0,0,0,0,0,0,0
33.931296,8073,31655,39271,0,0,0,0,0,0,0,0,0,0,0,0,0,0
33.949488,8079,31655,39274,0,0,0,0,0,0,0,0,0,0,0,0,0,0
33.951781,8081,31655,39284,0,0,0,0,0,0,0,0,0,0,0,0,0,0
33.970824,8083,31662,39283,0,0,0,0,0,0,0,0,0,0,0,0,0,0
33.971846,8088,31661,39285,0,0,0,0,0,0,0,0,0,0,0,0,0,0
33.990321,8090,31659,39289,0,0,0,0,0,0,0,0,0,0,0,0,0,0
33.991357,8092,31660,39285,0,0,0,0,0,0,0,0,0,0,0,0,0,0
34.010912,8091,31660,39284,0,0,0,0,0,0,0,0,0,0,0,0,0,0
34.011827,8095,31662,39287,0,0,0,0,0,0,0,0,0,0,0,0,0,0
34.030048,8093,31662,39289,0,0,0,0,0,0,0,0,0,0,0,0,0,0
34.031089,8097,31664,39291,0,0,0,0,0,0,0,0,0,0,0,0,0,0
34.049768,8098,31667,39296,0,0,0,0,0,0,0,0,0,0,0,0,0,0
34.05181,8098,31669,39300,0,0,0,0,0,0,0,0,0,0,0,0,0,0
34.070333,8101,31669,39302,0,0,0,0,0,0,0,0,0,0,0,0,0,0
34.072334,8101,31669,39300,0,0,0,0,0,0,0,0,0,0,0,0,0,0
34.091473,8100,31670,39296,0,0,0,0,0,0,0,0,0,0,0,0,0,0
34.092786,8103,31666,39297,0,0,0,0,0,0,0,0,0,0,0,0,0,0
34.111354,8099,31663,39295,0,0,0,0,0,0,0,0,0,0,0,0,0,0
34.112438,8103,31666,39291,0,0,0,0,0,0,0,0,0,0,0,0,0,0
34.120873,8103,31665,39297,0,0,0,0,0,0,0,0,0,0,0,0,0,0
34.139881,8107,31664,39298,0,0,0,0,0,0,0,0,0,0,0,0,0,0
34.141956,8104,31663,39304,0,0,0,0,0,0,0,0,0,0,0,0,0,0
34.161618,8110,31667,39301,0,0,0,0,0,0,0,0,0,0,0,0,0,0
34.162671,8111,31665,39302,0,0,0,0,0,0,0,0,0,0,0,0,0,0
34.179672,8110,31667,39294,0,0,0,0,0,0,0,0,0,0,0,0,0,0
34.181688,8110,31663,39297,0,0,0,0,0,0,0,0,0,0,0,0,0,0
34.201688,8113,31660,39293,0,0,0,0,0,0,0,0,0,0,0,0,0,0
34.202693,8110,31657,39294,0,0,0,0,0,0,0,0,0,0,0,0,0,0
34.22012,8111,31658,39293,0,0,0,0,0,0,0,0,0,0,0,0,0,0
34.22112,8113,31656,39298,0,0,0,0,0,0,0,0,0,0,0,0,0,0
34.239912,8110,31662,39299,0,0,0,0,0,0,0,0,0,0,0,0,0,0
34.241941,8115,31660,39302,0,0,0,0,0,0,0,0,0,0,0,0,0,0
34.259694,8118,31661,39304,0,0,0,0,0,0,0,0,0,0,0,0,0,0
34.261713,8119,31660,39307,0,0,0,0,0,0,0,0,0,0,0,0,0,0
34.281239,8118,31664,39301,0,0,0,0,0,0,0,0,0,0,0,0,0,0
34.282341,8118,31657,39303,0,0,0,0,0,0,0,0,0,0,0,0,0,0
34.301235,8115,31657,39292,0,0,0,0,0,0,0,0,0,0,0,0,0,0
34.302232,8120,31653,39296,0,0,0,0,0,0,0,0,0,0,0,0,0,0
34.321006,8121,31655,39290,0,0,0,0,0,0,0,0,0,0,0,0,0,0
34.323027,8121,31656,39302,0,0,0,0,0,0,0,0,0,0,0,0,0,0
34.340034,8123,31659,39307,0,0,0,0,0,0,0,0,0,0,0,0,0,0
34.342034,8126,31665,39312,0,0,0,0,0,0,0,0,0,0,0,0,0,0
34.350035,8127,31662,39307,0,0,0,0,0,0,0,0,0,0,0,0,0,0
34.371482,8128,31661,39308,0,0,0,0,0,0,0,0,0,0,0,0,0,0
34.372715,8127,31656,39300,0,0,0,0,0,0,0,0,0,0,0,0,0,0
34.391375,8125,31650,39294,0,0,0,0,0,0,0,0,0,0,0,0,0,0
34.392526,8124,31651,39283,0,0,0,0,0,0,0,0,0,0,0,0,0,0
34.410323,8121,31645,39277,0,0,0,0,0,0,0,0,0,0,0,0,0,0
34.411323,8119,31645,39270,0,0,0,0,0,0,0,0,0,0,0,0,0,0
34.430043,8118,31642,39266,0,0,0,0,0,0,0,0,0,0,0,0,0,0
34.431059,8112,31646,39261,0,0,0,0,0,0,0,0,0,0,0,0,0,0
34.450133,8106,31643,39255,0,0,0,0,0,0,0,0,0,0,0,0,0,0
34.451152,8100,31638,39246,0,0,0,0,0,0,0,0,0,0,0,0,0,0
34.470083,8096,31641,39236,0,0,0,0,0,0,0,0,0,0,0,0,0,0
34.472155,8093,31643,39231,0,0,0,0,0,0,0,0,0,0,0,0,0,0
34.490176,8084,31634,39221,0,0,0,0,0,0,0,0,0,0,0,0,0,0
34.492394,8082,31637,39211,0,0,0,0,0,0,0,0,0,0,0,0,0,0
34.511605,8077,31633,39205,0,0,0,0,0,0,0,0,0,0,0,0,0,0
34.512635,8071,31629,39199,0,0,0,0,0,0,0,0,0,0,0,0,0,0
34.531202,8067,31620,39187,0,0,0,0,0,0,0,0,0,0,0,0,0,0
34.532226,8064,31622,39177,0,0,0,0,0,0,0,0,0,0,0,0,0,0
34.55003,8062,31616,39168,0,0,0,0,0,0,0,0,0,0,0,0,0,0
34.55115,8057,31615,39160,0,0,0,0,0,0,0,0,0,0,0,0,0,0
34.570653,8054,31609,39155,0,0,0,0,0,0,0,0,0,0,0,0,0,0
34.571677,8049,31610,39152,0,0,0,0,0,0,0,0,0,0,0,0,0,0
34.579679,8050,31607,39151,0,0,0,0,0,0,0,0,0,0,0,0,0,0
34.580723,8050,31610,39152,0,0,0,0,0,0,0,0,0,0,0,0,0,0
34.601308,8045,31608,39156,0,0,0,0,0,0,0,0,0,0,0,0,0,0
34.62083,8046,31609,39152,0,0,0,0,0,0,0,0,0,0,0,0,0,0
34.621862,8048,31604,39153,0,0,0,0,0,0,0,0,0,0,0,0,0,0
34.640465,8045,31608,39152,0,0,0,0,0,0,0,0,0,0,0,0,0,0
34.642506,8049,31606,39159,0,0,0,0,0,0,0,0,0,0,0,0,0,0
34.659507,8049,31615,39166,0,0,0,0,0,0,0,0,0,0,0,0,0,0
34.662012,8052,31611,39173,0,0,0,0,0,0,0,0,0,0,0,0,0,0
34.670374,8053,31620,39185,0,0,0,0,0,0,0,0,0,0,0,0,0,0
34.689796,8057,31618,39187,0,0,0,0,0,0,0,0,0,0,0,0,0,0
34.691969,8058,31618,39183,0,0,0,0,0,0,0,0,0,0,0,0,0,0
34.709992,8058,31618,39182,0,0,0,0,0,0,0,0,0,0,0,0,0,0
34.711992,8057,31615,39182,0,0,0,0,0,0,0,0,0,0,0,0,0,0
34.730351,8055,31614,39180,0,0,0,0,0,0,0,0,0,0,0,0,0,0
34.731707,8056,31609,39186,0,0,0,0,0,0,0,0,0,0,0,0,0,0
34.752375,8057,31614,39188,0,0,0,0,0,0,0,0,0,0,0,0,0,0
34.754629,8055,31615,39193,0,0,0,0,0,0,0,0,0,0,0,0,0,0
34.770838,8060,31622,39194,0,0,0,0,0,0,0,0,0,0,0,0,0,0
34.771839,8061,31624,39197,0,0,0,0,0,0,0,0,0,0,0,0,0,0
34.789819,8060,31618,39192,0,0,0,0,0,0,0,0,0,0,0,0,0,0
34.791846,8061,31624,39197,0,0,0,0,0,0,0,0,0,0,0,0,0,0
34.810216,8062,31621,39194,0,0,0,0,0,0,0,0,0,0,0,0,0,0
34.812531,8062,31621,39195,0,0,0,0,0,0,0,0,0,0,0,0,0,0
34.831206,8060,31620,39198,0,0,0,0,0,0,0,0,0,0,0,0,0,0
34.832215,8060,31618,39194,0,0,0,0,0,0,0,0,0,0,0,0,0,0
34.850331,8062,31619,39196,0,0,0,0,0,0,0,0,0,0,0,0,0,0
34.851331,8063,31614,39200,0,0,0,0,0,0,0,0,0,0,0,0,0,0
34.870338,8065,31624,39203,0,0,0,0,0,0,0,0,0,0,0,0,0,0
34.871368,8065,31621,39200,0,0,0,0,0,0,0,0,0,0,0,0,0,0
34.890549,8064,31620,39202,0,0,0,0,0,0,0,0,0,0,0,0,0,0
34.892549,8068,31620,39206,0,0,0,0,0,0,0,0,0,0,0,0,0,0
34.899549,8072,31623,39210,0,0,0,0,0,0,0,0,0,0,0,0,0,0
34.902549,8073,31626,39215,0,0,0,0,0,0,0,0,0,0,0,0,0,0
34.921549,8077,31625,39223,0,0,0,0,0,0,0,0,0,0,0,0,0,0
34.940549,8079,31629,39225,0,0,0,0,0,0,0,0,0,0,0,0,0,0
34.941549,8083,31627,39227,0,0,0,0,0,0,0,0,0,0,0,0,0,0
34.960568,8084,31630,39229,0,0,0,0,0,0,0,0,0,0,0,0,0,0
34.962078,8085,31630,39231,0,0,0,0,0,0,0,0,0,0,0,0,0,0
34.980357,8090,31628,39235,0,0,0,0,0,0,0,0,0,0,0,0,0,0
34.981369,8090,31629,39229,0,0,0,0,0,0,0,0,0,0,0,0,0,0
35.002312,8094,31626,39231,0,0,0,0,0,0,0,0,0,0,0,0,0,0
35.003443,8091,31626,39235,0,0,0,0,0,0,0,0,0,0,0,0,0,0
35.01972,8096,31623,39235,0,0,0,0,0,0,0,0,0,0,0,0,0,0
35.021783,8093,31631,39237,0,0,0,0,0,0,0,0,0,0,0,0,0,0
35.041944,8095,31623,39237,0,0,0,0,0,0,0,0,0,0,0,0,0,0
35.043944,8097,31625,39237,0,0,0,0,0,0,0,0,0,0,0,0,0,0
35.059555,8095,31619,39234,0,0,0,0,0,0,0,0,0,0,0,0,0,0
35.060555,8096,31624,39236,0,0,0,0,0,0,0,0,0,0,0,0,0,0
35.081573,8100,31620,39236,0,0,0,0,0,0,0,0,0,0,0,0,0,0
35.082575,8097,31625,39239,0,0,0,0,0,0,0,0,0,0,0,0,0,0
35.100174,8100,31620,39239,0,0,0,0,0,0,0,0,0,0,0,0,0,0
35.101173,8103,31627,39239,0,0,0,0,0,0,0,0,0,0,0,0,0,0
35.122189,8103,31620,39241,0,0,0,0,0,0,0,0,0,0,0,0,0,0
35.123189,8101,31622,39239,0,0,0,0,0,0,0,0,0,0,0,0,0,0
35.140533,8100,31616,39234,0,0,0,0,0,0,0,0,0,0,0,0,0,0
35.141521,8097,31619,39230,0,0,0,0,0,0,0,0,0,0,0,0,0,0
35.151721,8094,31611,39225,0,0,0,0,0,0,0,0,0,0,0,0,0,0
35.169703,8088,31612,39211,0,0,0,0,0,0,0,0,0,0,0,0,0,0
35.171741,8084,31601,39193,0,0,0,0,0,0,0,0,0,0,0,0,0,0
35.19049,8079,31602,39179,0,0,0,0,0,0,0,0,0,0,0,0,0,0
35.19249,8067,31596,39165,0,0,0,0,0,0,0,0,0,0,0,0,0,0
35.210803,8065,31597,39152,0,0,0,0,0,0,0,0,0,0,0,0,0,0
35.211803,8057,31594,39140,0,0,0,0,0,0,0,0,0,0,0,0,0,0
35.231786,8051,31592,39131,0,0,0,0,0,0,0,0,0,0,0,0,0,0
35.233799,8047,31588,39119,0,0,0,0,0,0,0,0,0,0,0,0,0,0
35.250075,8042,31591,39111,0,0,0,0,0,0,0,0,0,0,0,0,0,0
35.252155,8036,31584,39097,0,0,0,0,0,0,0,0,0,0,0,0,0,0
35.271854,8032,31583,39082,0,0,0,0,0,0,0,0,0,0,0,0,0,0
35.272866,8025,31577,39075,0,0,0,0,0,0,0,0,0,0,0,0,0,0
35.290852,8019,31576,39071,0,0,0,0,0,0,0,0,0,0,0,0,0,0
35.291865,8016,31570,39066,0,0,0,0,0,0,0,0,0,0,0,0,0,0
35.310246,8013,31575,39062,0,0,0,0,0,0,0,0,0,0,0,0,0,0
35.312278,8011,31566,39055,0,0,0,0,0,0,0,0,0,0,0,0,0,0
35.319655,8006,31569,39049,0,0,0,0,0,0,0,0,0,0,0,0,0,0
35.340555,8003,31566,39043,0,0,0,0,0,0,0,0,0,0,0,0,0,0
35.341569,7997,31563,39040,0,0,0,0,0,0,0,0,0,0,0,0,0,0
35.359514,7999,31561,39036,0,0,0,0,0,0,0,0,0,0,0,0,0,0
35.360557,7992,31562,39033,0,0,0,0,0,0,0,0,0,0,0,0,0,0
35.381296,7996,31563,39037,0,0,0,0,0,0,0,0,0,0,0,0,0,0
35.38239,7992,31566,39043,0,0,0,0,0,0,0,0,0,0,0,0,0,0
35.399861,7994,31563,39050,0,0,0,0,0,0,0,0,0,0,0,0,0,0
35.402031,7992,31568,39055,0,0,0,0,0,0,0,0,0,0,0,0,0,0
35.420587,7997,31570,39062,0,0,0,0,0,0,0,0,0,0,0,0,0,0
35.421598,7992,31571,39065,0,0,0,0,0,0,0,0,0,0,0,0,0,0
35.439889,7993,31569,39062,0,0,0,0,0,0,0,0,0,0,0,0,0,0
35.441956,7994,31567,39062,0,0,0,0,0,0,0,0,0,0,0,0,0,0
35.46218,7995,31569,39058,0,0,0,0,0,0,0,0,0,0,0,0,0,0
35.463695,7989,31567,39059,0,0,0,0,0,0,0,0,0,0,0,0,0,0
35.480554,7991,31569,39066,0,0,0,0,0,0,0,0,0,0,0,0,0,0
35.482075,7988,31570,39070,0,0,0,0,0,0,0,0,0,0,0,0,0,0
35.500333,7994,31575,39079,0,0,0,0,0,0,0,0,0,0,0,0,0,0
35.501339,7995,31580,39087,0,0,0,0,0,0,0,0,0,0,0,0,0,0
35.520904,8000,31587,39099,0,0,0,0,0,0,0,0,0,0,0,0,0,0
35.522943,8000,31585,39104,0,0,0,0,0,0,0,0,0,0,0,0,0,0
35.541499,8005,31589,39113,0,0,0,0,0,0,0,0,0,0,0,0,0,0
35.542522,8002,31593,39117,0,0,0,0,0,0,0,0,0,0,0,0,0,0
35.560088,8007,31589,39116,0,0,0,0,0,0,0,0,0,0,0,0,0,0
35.562112,8001,31591,39120,0,0,0,0,0,0,0,0,0,0,0,0,0,0
35.580211,8005,31590,39119,0,0,0,0,0,0,0,0,0,0,0,0,0,0
35.581238,8005,31591,39121,0,0,0,0,0,0,0,0,0,0,0,0,0,0
35.600314,8005,31589,39120,0,0,0,0,0,0,0,0,0,0,0,0,0,0
35.601346,8004,31590,39125,0,0,0,0,0,0,0,0,0,0,0,0,0,0
35.622226,8010,31592,39126,0,0,0,0,0,0,0,0,0,0,0,0,0,0
35.623241,8008,31591,39130,0,0,0,0,0,0,0,0,0,0,0,0,0,0
35.641497,8013,31594,39135,0,0,0,0,0,0,0,0,0,0,0,0,0,0
35.642507,8012,31592,39139,0,0,0,0,0,0,0,0,0,0,0,0,0,0
35.659805,8015,31595,39135,0,0,0,0,0,0,0,0,0,0,0,0,0,0
35.660813,8016,31596,39149,0,0,0,0,0,0,0,0,0,0,0,0,0,0
35.681645,8019,31598,39152,0,0,0,0,0,0,0,0,0,0,0,0,0,0
35.682656,8018,31601,39161,0,0,0,0,0,0,0,0,0,0,0,0,0,0
35.700362,8028,31601,39167,0,0,0,0,0,0,0,0,0,0,0,0,0,0
35.701371,8029,31602,39173,0,0,0,0,0,0,0,0,0,0,0,0,0,0
35.72207,8031,31604,39172,0,0,0,0,0,0,0,0,0,0,0,0,0,0
35.723083,8032,31606,39179,0,0,0,0,0,0,0,0,0,0,0,0,0,0
35.740475,8031,31608,39187,0,0,0,0,0,0,0,0,0,0,0,0,0,0
35.741498,8040,31608,39193,0,0,0,0,0,0,0,0,0,0,0,0,0,0
35.762554,8043,31612,39199,0,0,0,0,0,0,0,0,0,0,0,0,0,0
35.763592,8046,31612,39200,0,0,0,0,0,0,0,0,0,0,0,0,0,0
35.771731,8041,31612,39206,0,0,0,0,0,0,0,0,0,0,0,0,0,0
35.772742,8051,31612,39206,0,0,0,0,0,0,0,0,0,0,0,0,0,0
35.790658,8049,31611,39205,0,0,0,0,0,0,0,0,0,0,0,0,0,0
35.811369,8053,31610,39209,0,0,0,0,0,0,0,0,0,0,0,0,0,0
35.812413,8057,31612,39212,0,0,0,0,0,0,0,0,0,0,0,0,0,0
35.831024,8059,31614,39220,0,0,0,0,0,0,0,0,0,0,0,0,0,0
35.832047,8058,31617,39231,0,0,0,0,0,0,0,0,0,0,0,0,0,0
35.850693,8067,31625,39238,0,0,0,0,0,0,0,0,0,0,0,0,0,0
35.851805,8073,31627,39248,0,0,0,0,0,0,0,0,0,0,0,0,0,0
35.871787,8078,31633,39254,0,0,0,0,0,0,0,0,0,0,0,0,0,0
35.872809,8083,31632,39260,0,0,0,0,0,0,0,0,0,0,0,0,0,0
35.88999,8084,31632,39261,0,0,0,0,0,0,0,0,0,0,0,0,0,0
35.8915,8082,31627,39257,0,0,0,0,0,0,0,0,0,0,0,0,0,0
35.910906,8086,31626,39252,0,0,0,0,0,0,0,0,0,0,0,0,0,0
35.911926,8087,31623,39250,0,0,0,0,0,0,0,0,0,0,0,0,0,0
35.930384,8084,31621,39245,0,0,0,0,0,0,0,0,0,0,0,0,0,0
35.931474,8080,31620,39232,0,0,0,0,0,0,0,0,0,0,0,0,0,0
35.950922,8076,31615,39224,0,0,0,0,0,0,0,0,0,0,0,0,0,0
35.95193,8068,31615,39211,0,0,0,0,0,0,0,0,0,0,0,0,0,0
35.969747,8065,31610,39202,0,0,0,0,0,0,0,0,0,0,0,0,0,0
35.971795,8054,31610,39191,0,0,0,0,0,0,0,0,0,0,0,0,0,0
35.990343,8050,31607,39179,0,0,0,0,0,0,0,0,0,0,0,0,0,0
35.991854,8042,31606,39172,0,0,0,0,0,0,0,0,0,0,0,0,0,0
36.011769,8043,31610,39167,0,0,0,0,0,0,0,0,0,0,0,0,0,0
36.012787,8037,31610,39165,0,0,0,0,0,0,0,0,0,0,0,0,0,0
36.021908,8034,31609,39159,0,0,0,0,0,0,0,0,0,0,0,0,0,0
36.040164,8026,31604,39147,0,0,0,0,0,0,0,0,0,0,0,0,0,0
36.041236,8025,31602,39135,0,0,0,0,0,0,0,0,0,0,0,0,0,0
36.059834,8017,31593,39124,0,0,0,0,0,0,0,0,0,0,0,0,0,0
36.06187,8015,31591,39114,0,0,0,0,0,0,0,0,0,0,0,0,0,0
36.080287,8007,31586,39106,0,0,0,0,0,0,0,0,0,0,0,0,0,0
36.081394,8008,31586,39099,0,0,0,0,0,0,0,0,0,0,0,0,0,0
36.099869,8001,31579,39093,0,0,0,0,0,0,0,0,0,0,0,0,0,0
36.10091,8001,31582,39092,0,0,0,0,0,0,0,0,0,0,0,0,0,0
36.121171,7998,31581,39094,0,0,0,0,0,0,0,0,0,0,0,0,0,0
36.122687,8001,31584,39098,0,0,0,0,0,0,0,0,0,0,0,0,0,0
36.139877,7997,31586,39102,0,0,0,0,0,0,0,0,0,0,0,0,0,0
36.140988,8000,31589,39107,0,0,0,0,0,0,0,0,0,0,0,0,0,0
36.160886,7994,31590,39117,0,0,0,0,0,0,0,0,0,0,0,0,0,0
36.161992,8003,31592,39124,0,0,0,0,0,0,0,0,0,0,0,0,0,0
36.180841,8000,31597,39128,0,0,0,0,0,0,0,0,0,0,0,0,0,0
36.181867,8005,31597,39139,0,0,0,0,0,0,0,0,0,0,0,0,0,0
36.20065,8008,31603,39147,0,0,0,0,0,0,0,0,0,0,0,0,0,0
36.201684,8009,31599,39152,0,0,0,0,0,0,0,0,0,0,0,0,0,0
36.220537,8013,31606,39163,0,0,0,0,0,0,0,0,0,0,0,0,0,0
36.221552,8017,31605,39172,0,0,0,0,0,0,0,0,0,0,0,0,0,0
36.240987,8020,31608,39175,0,0,0,0,0,0,0,0,0,0,0,0,0,0
36.241993,8025,31611,39180,0,0,0,0,0,0,0,0,0,0,0,0,0,0
36.250239,8021,31612,39189,0,0,0,0,0,0,0,0,0,0,0,0,0,0
36.272387,8025,31617,39190,0,0,0,0,0,0,0,0,0,0,0,0,0,0
36.274539,8032,31619,39197,0,0,0,0,0,0,0,0,0,0,0,0,0,0
36.290976,8034,31616,39200,0,0,0,0,0,0,0,0,0,0,0,0,0,0
36.292482,8034,31620,39204,0,0,0,0,0,0,0,0,0,0,0,0,0,0
36.309478,8038,31622,39210,0,0,0,0,0,0,0,0,0,0,0,0,0,0
36.311544,8034,31625,39216,0,0,0,0,0,0,0,0,0,0,0,0,0,0
36.33087,8043,31632,39219,0,0,0,0,0,0,0,0,0,0,0,0,0,0
36.331897,8047,31633,39225,0,0,0,0,0,0,0,0,0,0,0,0,0,0
36.350201,8051,31634,39228,0,0,0,0,0,0,0,0,0,0,0,0,0,0
36.351207,8050,31637,39233,0,0,0,0,0,0,0,0,0,0,0,0,0,0
36.370918,8052,31637,39240,0,0,0,0,0,0,0,0,0,0,0,0,0,0
36.371924,8059,31642,39246,0,0,0,0,0,0,0,0,0,0,0,0,0,0
36.392772,8062,31646,39252,0,0,0,0,0,0,0,0,0,0,0,0,0,0
36.39379,8066,31645,39256,0,0,0,0,0,0,0,0,0,0,0,0,0,0
36.412128,8073,31650,39263,0,0,0,0,0,0,0,0,0,0,0,0,0,0
36.413133,8075,31651,39267,0,0,0,0,0,0,0,0,0,0,0,0,0,0
36.431322,8080,31656,39274,0,0,0,0,0,0,0,0,0,0,0,0,0,0
36.432326,8080,31655,39277,0,0,0,0,0,0,0,0,0,0,0,0,0,0
36.449603,8087,31656,39285,0,0,0,0,0,0,0,0,0,0,0,0,0,0
36.451618,8087,31658,39288,0,0,0,0,0,0,0,0,0,0,0,0,0,0
36.470344,8093,31661,39288,0,0,0,0,0,0,0,0,0,0,0,0,0,0
36.471392,8098,31661,39288,0,0,0,0,0,0,0,0,0,0,0,0,0,0
36.479457,8097,31660,39290,0,0,0,0,0,0,0,0,0,0,0,0,0,0
36.502191,8100,31662,39294,0,0,0,0,0,0,0,0,0,0,0,0,0,0
36.50421,8100,31659,39294,0,0,0,0,0,0,0,0,0,0,0,0,0,0
36.519465,8105,31660,39298,0,0,0,0,0,0,0,0,0,0,0,0,0,0
36.52149,8104,31660,39298,0,0,0,0,0,0,0,0,0,0,0,0,0,0
36.540277,8107,31662,39297,0,0,0,0,0,0,0,0,0,0,0,0,0,0
36.54131,8110,31660,39301,0,0,0,0,0,0,0,0,0,0,0,0,0,0
36.562715,8112,31658,39302,0,0,0,0,0,0,0,0,0,0,0,0,0,0
36.563766,8113,31661,39303,0,0,0,0,0,0,0,0,0,0,0,0,0,0
36.580287,8114,31659,39304,0,0,0,0,0,0,0,0,0,0,0,0,0,0
36.581321,8115,31660,39305,0,0,0,0,0,0,0,0,0,0,0,0,0,0
36.599883,8117,31662,39312,0,0,0,0,0,0,0,0,0,0,0,0,0,0
36.60191,8122,31662,39315,0,0,0,0,0,0,0,0,0,0,0,0,0,0
36.620355,8124,31666,39316,0,0,0,0,0,0,0,0,0,0,0,0,0,0
36.622368,8125,31665,39320,0,0,0,0,0,0,0,0,0,0,0,0,0,0
36.641835,8126,31664,39318,0,0,0,0,0,0,0,0,0,0,0,0,0,0
36.642854,8124,31657,39307,0,0,0,0,0,0,0,0,0,0,0,0,0,0
36.660241,8125,31652,39305,0,0,0,0,0,0,0,0,0,0,0,0,0,0
36.661248,8122,31649,39292,0,0,0,0,0,0,0,0,0,0,0,0,0,0
36.681093,8118,31640,39285,0,0,0,0,0,0,0,0,0,0,0,0,0,0
36.6821,8116,31640,39276,0,0,0,0,0,0,0,0,0,0,0,0,0,0
36.69981,8113,31634,39270,0,0,0,0,0,0,0,0,0,0,0,0,0,0
36.701856,8105,31632,39262,0,0,0,0,0,0,0,0,0,0,0,0,0,0
36.711911,8099,31629,39249,0,0,0,0,0,0,0,0,0,0,0,0,0,0
36.712917,8091,31627,39231,0,0,0,0,0,0,0,0,0,0,0,0,0,0
36.730278,8082,31621,39219,0,0,0,0,0,0,0,0,0,0,0,0,0,0
36.749896,8072,31619,39194,0,0,0,0,0,0,0,0,0,0,0,0,0,0
36.751963,8065,31611,39182,0,0,0,0,0,0,0,0,0,0,0,0,0,0
36.771731,8056,31607,39158,0,0,0,0,0,0,0,0,0,0,0,0,0,0
36.773749,8049,31601,39147,0,0,0,0,0,0,0,0,0,0,0,0,0,0
36.790441,8038,31597,39127,0,0,0,0,0,0,0,0,0,0,0,0,0,0
36.791447,8036,31591,39121,0,0,0,0,0,0,0,0,0,0,0,0,0,0
36.812155,8030,31591,39113,0,0,0,0,0,0,0,0,0,0,0,0,0,0
36.813183,8025,31587,39108,0,0,0,0,0,0,0,0,0,0,0,0,0,0
36.830736,8020,31584,39098,0,0,0,0,0,0,0,0,0,0,0,0,0,0
36.831763,8015,31583,39097,0,0,0,0,0,0,0,0,0,0,0,0,0,0
36.850317,8013,31584,39096,0,0,0,0,0,0,0,0,0,0,0,0,0,0
36.851345,8013,31583,39091,0,0,0,0,0,0,0,0,0,0,0,0,0,0
36.871633,8010,31581,39091,0,0,0,0,0,0,0,0,0,0,0,0,0,0
36.87268,8009,31578,39091,0,0,0,0,0,0,0,0,0,0,0,0,0,0
36.890218,8006,31578,39093,0,0,0,0,0,0,0,0,0,0,0,0,0,0
36.891231,8006,31578,39098,0,0,0,0,0,0,0,0,0,0,0,0,0,0
36.910306,8006,31577,39092,0,0,0,0,0,0,0,0,0,0,0,0,0,0
36.911318,8003,31577,39099,0,0,0,0,0,0,0,0,0,0,0,0,0,0
36.931847,8007,31579,39106,0,0,0,0,0,0,0,0,0,0,0,0,0,0
36.932862,8009,31582,39110,0,0,0,0,0,0,0,0,0,0,0,0,0,0
36.952039,8012,31578,39109,0,0,0,0,0,0,0,0,0,0,0,0,0,0
36.953052,8010,31578,39106,0,0,0,0,0,0,0,0,0,0,0,0,0,0
36.962706,8013,31577,39108,0,0,0,0,0,0,0,0,0,0,0,0,0,0
36.981191,8010,31576,39105,0,0,0,0,0,0,0,0,0,0,0,0,0,0
36.982211,8007,31574,39107,0,0,0,0,0,0,0,0,0,0,0,0,0,0
36.999986,8009,31574,39107,0,0,0,0,0,0,0,0,0,0,0,0,0,0
37.001996,8011,31573,39109,0,0,0,0,0,0,0,0,0,0,0,0,0,0
37.021366,8011,31572,39108,0,0,0,0,0,0,0,0,0,0,0,0,0,0
37.022389,8009,31575,39111,0,0,0,0,0,0,0,0,0,0,0,0,0,0
37.040603,8009,31574,39113,0,0,0,0,0,0,0,0,0,0,0,0,0,0
37.041642,8010,31575,39120,0,0,0,0,0,0,0,0,0,0,0,0,0,0
37.060946,8013,31576,39119,0,0,0,0,0,0,0,0,0,0,0,0,0,0
37.062606,8013,31579,39125,0,0,0,0,0,0,0,0,0,0,0,0,0,0
37.079683,8011,31580,39132,0,0,0,0,0,0,0,0,0,0,0,0,0,0
37.081697,8014,31578,39132,0,0,0,0,0,0,0,0,0,0,0,0,0,0
37.101426,8010,31579,39127,0,0,0,0,0,0,0,0,0,0,0,0,0,0
37.10243,8010,31578,39129,0,0,0,0,0,0,0,0,0,0,0,0,0,0
37.12148,8012,31572,39126,0,0,0,0,0,0,0,0,0,0,0,0,0,0
37.122497,8012,31573,39127,0,0,0,0,0,0,0,0,0,0,0,0,0,0
37.140671,8013,31570,39127,0,0,0,0,0,0,0,0,0,0,0,0,0,0
37.14269,8015,31568,39135,0,0,0,0,0,0,0,0,0,0,0,0,0,0
37.160257,8014,31569,39132,0,0,0,0,0,0,0,0,0,0,0,0,0,0
37.161366,8015,31570,39147,0,0,0,0,0,0,0,0,0,0,0,0,0,0
37.180656,8023,31572,39142,0,0,0,0,0,0,0,0,0,0,0,0,0,0
37.18177,8024,31570,39146,0,0,0,0,0,0,0,0,0,0,0,0,0,0
37.20029,8023,31570,39144,0,0,0,0,0,0,0,0,0,0,0,0,0,0
37.201317,8023,31568,39152,0,0,0,0,0,0,0,0,0,0,0,0,0,0
37.220824,8024,31571,39148,0,0,0,0,0,0,0,0,0,0,0,0,0,0
37.221912,8029,31571,39160,0,0,0,0,0,0,0,0,0,0,0,0,0,0
37.240345,8030,31570,39150,0,0,0,0,0,0,0,0,0,0,0,0,0,0
37.242362,8032,31569,39158,0,0,0,0,0,0,0,0,0,0,0,0,0,0
37.260899,8031,31571,39161,0,0,0,0,0,0,0,0,0,0,0,0,0,0
37.261936,8034,31571,39169,0,0,0,0,0,0,0,0,0,0,0,0,0,0
37.272292,8037,31575,39168,0,0,0,0,0,0,0,0,0,0,0,0,0,0
37.280878,8043,31574,39175,0,0,0,0,0,0,0,0,0,0,0,0,0,0
37.301218,8045,31575,39178,0,0,0,0,0,0,0,0,0,0,0,0,0,0
37.302223,8044,31574,39178,0,0,0,0,0,0,0,0,0,0,0,0,0,0
37.320432,8047,31570,39172,0,0,0,0,0,0,0,0,0,0,0,0,0,0
37.321436,8046,31570,39178,0,0,0,0,0,0,0,0,0,0,0,0,0,0
37.341571,8049,31570,39173,0,0,0,0,0,0,0,0,0,0,0,0,0,0
37.342578,8050,31573,39181,0,0,0,0,0,0,0,0,0,0,0,0,0,0
37.359982,8055,31572,39187,0,0,0,0,0,0,0,0,0,0,0,0,0,0
37.361006,8059,31573,39191,0,0,0,0,0,0,0,0,0,0,0,0,0,0
37.380792,8059,31576,39197,0,0,0,0,0,0,0,0,0,0,0,0,0,0
37.381861,8062,31571,39196,0,0,0,0,0,0,0,0,0,0,0,0,0,0
37.399825,8065,31574,39198,0,0,0,0,0,0,0,0,0,0,0,0,0,0
37.401906,8067,31573,39198,0,0,0,0,0,0,0,0,0,0,0,0,0,0
37.420866,8068,31574,39194,0,0,0,0,0,0,0,0,0,0,0,0,0,0
37.421914,8069,31574,39195,0,0,0,0,0,0,0,0,0,0,0,0,0,0
37.440447,8064,31569,39181,0,0,0,0,0,0,0,0,0,0,0,0,0,0
37.441458,8061,31558,39175,0,0,0,0,0,0,0,0,0,0,0,0,0,0
37.459793,8052,31557,39159,0,0,0,0,0,0,0,0,0,0,0,0,0,0
37.461838,8048,31544,39145,0,0,0,0,0,0,0,0,0,0,0,0,0,0
37.469538,8038,31547,39129,0,0,0,0,0,0,0,0,0,0,0,0,0,0
37.490683,8031,31545,39114,0,0,0,0,0,0,0,0,0,0,0,0,0,0
37.492789,8022,31545,39105,0,0,0,0,0,0,0,0,0,0,0,0,0,0
37.512139,8023,31542,39096,0,0,0,0,0,0,0,0,0,0,0,0,0,0
37.51324,8016,31542,39086,0,0,0,0,0,0,0,0,0,0,0,0,0,0
37.529522,8010,31536,39081,0,0,0,0,0,0,0,0,0,0,0,0,0,0
37.531555,8005,31537,39068,0,0,0,0,0,0,0,0,0,0,0,0,0,0
37.549411,8003,31531,39062,0,0,0,0,0,0,0,0,0,0,0,0,0,0
37.551558,7996,31536,39055,0,0,0,0,0,0,0,0,0,0,0,0,0,0
37.569715,7993,31526,39048,0,0,0,0,0,0,0,0,0,0,0,0,0,0
37.571753,7991,31524,39042,0,0,0,0,0,0,0,0,0,0,0,0,0,0
37.590115,7990,31519,39039,0,0,0,0,0,0,0,0,0,0,0,0,0,0
37.59113,7983,31521,39038,0,0,0,0,0,0,0,0,0,0,0,0,0,0
37.60991,7983,31515,39037,0,0,0,0,0,0,0,0,0,0,0,0,0,0
37.611957,7979,31518,39037,0,0,0,0,0,0,0,0,0,0,0,0,0,0
37.631742,7985,31517,39041,0,0,0,0,0,0,0,0,0,0,0,0,0,0
37.632771,7979,31522,39042,0,0,0,0,0,0,0,0,0,0,0,0,0,0
37.652259,7985,31518,39048,0,0,0,0,0,0,0,0,0,0,0,0,0,0
37.653275,7983,31527,39057,0,0,0,0,0,0,0,0,0,0,0,0,0,0
37.669589,7991,31533,39073,0,0,0,0,0,0,0,0,0,0,0,0,0,0
37.671632,7991,31540,39087,0,0,0,0,0,0,0,0,0,0,0,0,0,0
37.690245,7998,31542,39099,0,0,0,0,0,0,0,0,0,0,0,0,0,0
37.691255,8000,31545,39110,0,0,0,0,0,0,0,0,0,0,0,0,0,0
37.700017,8003,31547,39115,0,0,0,0,0,0,0,0,0,0,0,0,0,0
37.719415,8007,31547,39117,0,0,0,0,0,0,0,0,0,0,0,0,0,0
37.721435,8010,31547,39117,0,0,0,0,0,0,0,0,0,0,0,0,0,0
37.74118,8013,31547,39117,0,0,0,0,0,0,0,0,0,0,0,0,0,0
37.742189,8013,31547,39123,0,0,0,0,0,0,0,0,0,0,0,0,0,0
37.759504,8018,31541,39131,0,0,0,0,0,0,0,0,0,0,0,0,0,0
37.761522,8021,31557,39141,0,0,0,0,0,0,0,0,0,0,0,0,0,0
37.78086,8025,31564,39151,0,0,0,0,0,0,0,0,0,0,0,0,0,0
37.781966,8029,31570,39168,0,0,0,0,0,0,0,0,0,0,0,0,0,0
37.799379,8034,31566,39170,0,0,0,0,0,0,0,0,0,0,0,0,0,0
37.801486,8041,31577,39182,0,0,0,0,0,0,0,0,0,0,0,0,0,0
37.820736,8044,31575,39189,0,0,0,0,0,0,0,0,0,0,0,0,0,0
37.821763,8049,31581,39195,0,0,0,0,0,0,0,0,0,0,0,0,0,0
37.840405,8050,31583,39195,0,0,0,0,0,0,0,0,0,0,0,0,0,0
37.841413,8054,31584,39205,0,0,0,0,0,0,0,0,0,0,0,0,0,0
37.861927,8057,31582,39208,0,0,0,0,0,0,0,0,0,0,0,0,0,0
37.863972,8061,31588,39212,0,0,0,0,0,0,0,0,0,0,0,0,0,0
37.881702,8061,31588,39215,0,0,0,0,0,0,0,0,0,0,0,0,0,0
37.882734,8064,31588,39217,0,0,0,0,0,0,0,0,0,0,0,0,0,0
37.900746,8064,31585,39215,0,0,0,0,0,0,0,0,0,0,0,0,0,0
37.902786,8067,31589,39214,0,0,0,0,0,0,0,0,0,0,0,0,0,0
37.922316,8070,31586,39218,0,0,0,0,0,0,0,0,0,0,0,0,0,0
37.924389,8074,31589,39225,0,0,0,0,0,0,0,0,0,0,0,0,0,0
37.931534,8073,31589,39228,0,0,0,0,0,0,0,0,0,0,0,0,0,0
37.949739,8076,31596,39234,0,0,0,0,0,0,0,0,0,0,0,0,0,0
37.951752,8082,31595,39239,0,0,0,0,0,0,0,0,0,0,0,0,0,0
37.970514,8085,31603,39248,0,0,0,0,0,0,0,0,0,0,0,0,0,0
37.972568,8088,31602,39252,0,0,0,0,0,0,0,0,0,0,0,0,0,0
37.991043,8089,31603,39251,0,0,0,0,0,0,0,0,0,0,0,0,0,0
37.99205,8092,31594,39243,0,0,0,0,0,0,0,0,0,0,0,0,0,0
38.011958,8094,31599,39251,0,0,0,0,0,0,0,0,0,0,0,0,0,0
38.013997,8092,31596,39252,0,0,0,0,0,0,0,0,0,0,0,0,0,0
38.031377,8094,31602,39253,0,0,0,0,0,0,0,0,0,0,0,0,0,0
38.032393,8097,31599,39258,0,0,0,0,0,0,0,0,0,0,0,0,0,0
38.049847,8100,31603,39262,0,0,0,0,0,0,0,0,0,0,0,0,0,0
38.051918,8105,31598,39264,0,0,0,0,0,0,0,0,0,0,0,0,0,0
38.071784,8106,31607,39265,0,0,0,0,0,0,0,0,0,0,0,0,0,0
38.07279,8107,31602,39267,0,0,0,0,0,0,0,0,0,0,0,0,0,0
38.090326,8109,31608,39272,0,0,0,0,0,0,0,0,0,0,0,0,0,0
38.091357,8109,31600,39264,0,0,0,0,0,0,0,0,0,0,0,0,0,0
38.111567,8112,31601,39268,0,0,0,0,0,0,0,0,0,0,0,0,0,0
38.11268,8114,31596,39269,0,0,0,0,0,0,0,0,0,0,0,0,0,0
38.131783,8116,31602,39272,0,0,0,0,0,0,0,0,0,0,0,0,0,0
38.132803,8117,31603,39277,0,0,0,0,0,0,0,0,0,0,0,0,0,0
38.149424,8118,31609,39282,0,0,0,0,0,0,0,0,0,0,0,0,0,0
38.151461,8117,31605,39284,0,0,0,0,0,0,0,0,0,0,0,0,0,0
38.159265,8120,31608,39286,0,0,0,0,0,0,0,0,0,0,0,0,0,0
38.161911,8122,31605,39287,0,0,0,0,0,0,0,0,0,0,0,0,0,0
38.179691,8122,31606,39288,0,0,0,0,0,0,0,0,0,0,0,0,0,0
38.199689,8123,31602,39284,0,0,0,0,0,0,0,0,0,0,0,0,0,0
38.201829,8124,31603,39282,0,0,0,0,0,0,0,0,0,0,0,0,0,0
38.221352,8124,31597,39276,0,0,0,0,0,0,0,0,0,0,0,0,0,0
38.223398,8117,31593,39262,0,0,0,0,0,0,0,0,0,0,0,0,0,0
38.240921,8117,31586,39251,0,0,0,0,0,0,0,0,0,0,0,0,0,0
38.241957,8113,31586,39241,0,0,0,0,0,0,0,0,0,0,0,0,0,0
38.259398,8112,31583,39226,0,0,0,0,0,0,0,0,0,0,0,0,0,0
38.261428,8100,31584,39213,0,0,0,0,0,0,0,0,0,0,0,0,0,0
38.281343,8095,31575,39202,0,0,0,0,0,0,0,0,0,0,0,0,0,0
38.282453,8081,31575,39190,0,0,0,0,0,0,0,0,0,0,0,0,0,0
38.301069,8080,31573,39180,0,0,0,0,0,0,0,0,0,0,0,0,0,0
38.302078,8072,31571,39176,0,0,0,0,0,0,0,0,0,0,0,0,0,0
38.319512,8068,31571,39163,0,0,0,0,0,0,0,0,0,0,0,0,0,0
38.321623,8061,31569,39162,0,0,0,0,0,0,0,0,0,0,0,0,0,0
38.340141,8061,31567,39155,0,0,0,0,0,0,0,0,0,0,0,0,0,0
38.342212,8054,31566,39150,0,0,0,0,0,0,0,0,0,0,0,0,0,0
38.36096,8055,31559,39136,0,0,0,0,0,0,0,0,0,0,0,0,0,0
38.363184,8046,31558,39125,0,0,0,0,0,0,0,0,0,0,0,0,0,0
38.381578,8046,31553,39115,0,0,0,0,0,0,0,0,0,0,0,0,0,0
38.383593,8038,31552,39114,0,0,0,0,0,0,0,0,0,0,0,0,0,0
38.400271,8040,31553,39112,0,0,0,0,0,0,0,0,0,0,0,0,0,0
38.401289,8036,31551,39115,0,0,0,0,0,0,0,0,0,0,0,0,0,0
38.410445,8040,31553,39118,0,0,0,0,0,0,0,0,0,0,0,0,0,0
38.429586,8037,31555,39118,0,0,0,0,0,0,0,0,0,0,0,0,0,0
38.431626,8039,31554,39126,0,0,0,0,0,0,0,0,0,0,0,0,0,0
38.451606,8038,31553,39130,0,0,0,0,0,0,0,0,0,0,0,0,0,0
38.452621,8043,31553,39133,0,0,0,0,0,0,0,0,0,0,0,0,0,0
38.470431,8045,31556,39137,0,0,0,0,0,0,0,0,0,0,0,0,0,0
38.471474,8045,31558,39143,0,0,0,0,0,0,0,0,0,0,0,0,0,0
38.491129,8048,31559,39152,0,0,0,0,0,0,0,0,0,0,0,0,0,0
38.493363,8049,31559,39159,0,0,0,0,0,0,0,0,0,0,0,0,0,0
38.510194,8052,31560,39160,0,0,0,0,0,0,0,0,0,0,0,0,0,0
38.511209,8054,31556,39158,0,0,0,0,0,0,0,0,0,0,0,0,0,0
38.529519,8054,31559,39162,0,0,0,0,0,0,0,0,0,0,0,0,0,0
38.531532,8057,31559,39166,0,0,0,0,0,0,0,0,0,0,0,0,0,0
38.550691,8061,31561,39171,0,0,0,0,0,0,0,0,0,0,0,0,0,0
38.552701,8066,31566,39179,0,0,0,0,0,0,0,0,0,0,0,0,0,0
38.571374,8071,31569,39192,0,0,0,0,0,0,0,0,0,0,0,0,0,0
38.57238,8072,31573,39203,0,0,0,0,0,0,0,0,0,0,0,0,0,0
38.590595,8080,31581,39209,0,0,0,0,0,0,0,0,0,0,0,0,0,0
38.591609,8080,31582,39213,0,0,0,0,0,0,0,0,0,0,0,0,0,0
38.610431,8085,31588,39220,0,0,0,0,0,0,0,0,0,0,0,0,0,0
38.61145,8087,31585,39221,0,0,0,0,0,0,0,0,0,0,0,0,0,0
38.631745,8089,31581,39223,0,0,0,0,0,0,0,0,0,0,0,0,0,0
38.633795,8087,31578,39221,0,0,0,0,0,0,0,0,0,0,0,0,0,0
38.63996,8094,31581,39229,0,0,0,0,0,0,0,0,0,0,0,0,0,0
38.659488,8092,31585,39227,0,0,0,0,0,0,0,0,0,0,0,0,0,0
38.661534,8098,31587,39233,0,0,0,0,0,0,0,0,0,0,0,0,0,0
38.679565,8096,31590,39240,0,0,0,0,0,0,0,0,0,0,0,0,0,0
38.681593,8107,31591,39247,0,0,0,0,0,0,0,0,0,0,0,0,0,0
38.700921,8103,31595,39250,0,0,0,0,0,0,0,0,0,0,0,0,0,0
38.702431,8108,31592,39256,0,0,0,0,0,0,0,0,0,0,0,0,0,0
38.721963,8109,31596,39261,0,0,0,0,0,0,0,0,0,0,0,0,0,0
38.723999,8116,31595,39267,0,0,0,0,0,0,0,0,0,0,0,0,0,0
38.740362,8112,31596,39272,0,0,0,0,0,0,0,0,0,0,0,0,0,0
38.741375,8118,31600,39273,0,0,0,0,0,0,0,0,0,0,0,0,0,0
38.76192,8118,31599,39276,0,0,0,0,0,0,0,0,0,0,0,0,0,0
38.762929,8121,31599,39278,0,0,0,0,0,0,0,0,0,0,0,0,0,0
38.781887,8120,31599,39282,0,0,0,0,0,0,0,0,0,0,0,0,0,0
38.782907,8126,31601,39284,0,0,0,0,0,0,0,0,0,0,0,0,0,0
38.800067,8120,31600,39288,0,0,0,0,0,0,0,0,0,0,0,0,0,0
38.801184,8125,31604,39289,0,0,0,0,0,0,0,0,0,0,0,0,0,0
38.821909,8123,31599,39292,0,0,0,0,0,0,0,0,0,0,0,0,0,0
38.822927,8131,31602,39295,0,0,0,0,0,0,0,0,0,0,0,0,0,0
38.840408,8129,31602,39293,0,0,0,0,0,0,0,0,0,0,0,0,0,0
38.841415,8130,31601,39294,0,0,0,0,0,0,0,0,0,0,0,0,0,0
38.861756,8126,31605,39301,0,0,0,0,0,0,0,0,0,0,0,0,0,0
38.862765,8137,31604,39301,0,0,0,0,0,0,0,0,0,0,0,0,0,0
38.870396,8132,31606,39308,0,0,0,0,0,0,0,0,0,0,0,0,0,0
38.890369,8139,31608,39310,0,0,0,0,0,0,0,0,0,0,0,0,0,0
38.892405,8137,31605,39314,0,0,0,0,0,0,0,0,0,0,0,0,0,0
38.9123,8141,31610,39318,0,0,0,0,0,0,0,0,0,0,0,0,0,0
38.913339,8140,31611,39324,0,0,0,0,0,0,0,0,0,0,0,0,0,0
38.931678,8147,31614,39331,0,0,0,0,0,0,0,0,0,0,0,0,0,0
38.93371,8146,31614,39330,0,0,0,0,0,0,0,0,0,0,0,0,0,0
38.950486,8150,31616,39333,0,0,0,0,0,0,0,0,0,0,0,0,0,0
38.951502,8151,31616,39341,0,0,0,0,0,0,0,0,0,0,0,0,0,0
38.970278,8155,31620,39347,0,0,0,0,0,0,0,0,0,0,0,0,0,0
38.971325,8154,31616,39349,0,0,0,0,0,0,0,0,0,0,0,0,0,0
38.990869,8156,31621,39351,0,0,0,0,0,0,0,0,0,0,0,0,0,0
38.991917,8153,31619,39354,0,0,0,0,0,0,0,0,0,0,0,0,0,0
39.012082,8157,31621,39348,0,0,0,0,0,0,0,0,0,0,0,0,0,0
39.01311,8156,31616,39344,0,0,0,0,0,0,0,0,0,0,0,0,0,0
39.029691,8153,31613,39334,0,0,0,0,0,0,0,0,0,0,0,0,0,0
39.03217,8151,31606,39321,0,0,0,0,0,0,0,0,0,0,0,0,0,0
39.051509,8150,31607,39315,0,0,0,0,0,0,0,0,0,0,0,0,0,0
39.052534,8147,31601,39301,0,0,0,0,0,0,0,0,0,0,0,0,0,0
39.071026,8146,31606,39295,0,0,0,0,0,0,0,0,0,0,0,0,0,0
39.07205,8143,31605,39290,0,0,0,0,0,0,0,0,0,0,0,0,0,0
39.092053,8141,31607,39290,0,0,0,0,0,0,0,0,0,0,0,0,0,0
39.093089,8140,31607,39290,0,0,0,0,0,0,0,0,0,0,0,0,0,0
39.101739,8144,31613,39290,0,0,0,0,0,0,0,0,0,0,0,0,0,0
39.101739,8138,31614,39288,0,0,0,0,0,0,0,0,0,0,0,0,0,0
39.122128,8138,31614,39291,0,0,0,0,0,0,0,0,0,0,0,0,0,0
39.140167,8136,31612,39291,0,0,0,0,0,0,0,0,0,0,0,0,0,0
39.14123,8136,31610,39286,0,0,0,0,0,0,0,0,0,0,0,0,0,0
39.159867,8131,31611,39284,0,0,0,0,0,0,0,0,0,0,0,0,0,0
39.161928,8135,31610,39282,0,0,0,0,0,0,0,0,0,0,0,0,0,0
39.17983,8136,31608,39284,0,0,0,0,0,0,0,0,0,0,0,0,0,0
39.181879,8136,31607,39281,0,0,0,0,0,0,0,0,0,0,0,0,0,0
39.200961,8139,31610,39289,0,0,0,0,0,0,0,0,0,0,0,0,0,0
39.202088,8137,31612,39292,0,0,0,0,0,0,0,0,0,0,0,0,0,0
39.221061,8139,31618,39299,0,0,0,0,0,0,0,0,0,0,0,0,0,0
39.222075,8146,31620,39306,0,0,0,0,0,0,0,0,0,0,0,0,0,0
39.239583,8148,31622,39313,0,0,0,0,0,0,0,0,0,0,0,0,0,0
39.241614,8152,31623,39317,0,0,0,0,0,0,0,0,0,0,0,0,0,0
39.262137,8152,31624,39320,0,0,0,0,0,0,0,0,0,0,0,0,0,0
39.263206,8152,31627,39320,0,0,0,0,0,0,0,0,0,0,0,0,0,0
39.280296,8156,31622,39323,0,0,0,0,0,0,0,0,0,0,0,0,0,0
39.281323,8159,31621,39314,0,0,0,0,0,0,0,0,0,0,0,0,0,0
39.300002,8158,31616,39320,0,0,0,0,0,0,0,0,0,0,0,0,0,0
39.302027,8159,31619,39319,0,0,0,0,0,0,0,0,0,0,0,0,0,0
39.321971,8155,31614,39315,0,0,0,0,0,0,0,0,0,0,0,0,0,0
39.322987,8157,31614,39313,0,0,0,0,0,0,0,0,0,0,0,0,0,0
39.340502,8155,31614,39315,0,0,0,0,0,0,0,0,0,0,0,0,0,0
39.341575,8159,31612,39310,0,0,0,0,0,0,0,0,0,0,0,0,0,0
39.350157,8161,31615,39320,0,0,0,0,0,0,0,0,0,0,0,0,0,0
39.370305,8163,31617,39320,0,0,0,0,0,0,0,0,0,0,0,0,0,0
39.371417,8162,31623,39330,0,0,0,0,0,0,0,0,0,0,0,0,0,0
39.390889,8167,31625,39330,0,0,0,0,0,0,0,0,0,0,0,0,0,0
39.391904,8166,31626,39336,0,0,0,0,0,0,0,0,0,0,0,0,0,0
39.409915,8169,31628,39334,0,0,0,0,0,0,0,0,0,0,0,0,0,0
39.411023,8169,31625,39338,0,0,0,0,0,0,0,0,0,0,0,0,0,0
39.431244,8169,31623,39330,0,0,0,0,0,0,0,0,0,0,0,0,0,0
39.432274,8168,31618,39327,0,0,0,0,0,0,0,0,0,0,0,0,0,0
39.449624,8169,31622,39327,0,0,0,0,0,0,0,0,0,0,0,0,0,0
39.451701,8171,31620,39335,0,0,0,0,0,0,0,0,0,0,0,0,0,0
39.469841,8173,31626,39338,0,0,0,0,0,0,0,0,0,0,0,0,0,0
39.471979,8174,31628,39343,0,0,0,0,0,0,0,0,0,0,0,0,0,0
39.490795,8176,31629,39348,0,0,0,0,0,0,0,0,0,0,0,0,0,0
39.491809,8176,31629,39350,0,0,0,0,0,0,0,0,0,0,0,0,0,0
39.509635,8178,31631,39349,0,0,0,0,0,0,0,0,0,0,0,0,0,0
39.511704,8178,31630,39352,0,0,0,0,0,0,0,0,0,0,0,0,0,0
39.531239,8179,31626,39354,0,0,0,0,0,0,0,0,0,0,0,0,0,0
39.532255,8177,31628,39352,0,0,0,0,0,0,0,0,0,0,0,0,0,0
39.550779,8184,31627,39356,0,0,0,0,0,0,0,0,0,0,0,0,0,0
39.551812,8182,31632,39362,0,0,0,0,0,0,0,0,0,0,0,0,0,0
39.570008,8188,31633,39367,0,0,0,0,0,0,0,0,0,0,0,0,0,0
39.572135,8185,31630,39367,0,0,0,0,0,0,0,0,0,0,0,0,0,0
39.580412,8188,31632,39369,0,0,0,0,0,0,0,0,0,0,0,0,0,0
39.600287,8189,31629,39365,0,0,0,0,0,0,0,0,0,0,0,0,0,0
39.6013,8188,31629,39359,0,0,0,0,0,0,0,0,0,0,0,0,0,0
39.62003,8186,31623,39360,0,0,0,0,0,0,0,0,0,0,0,0,0,0
39.628138,8187,31626,39361,0,0,0,0,0,0,0,0,0,0,0,0,0,0
39.640675,8187,31623,39361,0,0,0,0,0,0,0,0,0,0,0,0,0,0
39.641717,8189,31626,39367,0,0,0,0,0,0,0,0,0,0,0,0,0,0
39.662263,8189,31623,39365,0,0,0,0,0,0,0,0,0,0,0,0,0,0
39.663283,8190,31628,39372,0,0,0,0,0,0,0,0,0,0,0,0,0,0
39.680411,8189,31625,39370,0,0,0,0,0,0,0,0,0,0,0,0,0,0
39.681467,8193,31623,39370,0,0,0,0,0,0,0,0,0,0,0,0,0,0
39.699648,8190,31622,39370,0,0,0,0,0,0,0,0,0,0,0,0,0,0
39.701659,8194,31624,39370,0,0,0,0,0,0,0,0,0,0,0,0,0,0
39.721573,8192,31622,39369,0,0,0,0,0,0,0,0,0,0,0,0,0,0
39.722607,8191,31620,39366,0,0,0,0,0,0,0,0,0,0,0,0,0,0
39.740264,8191,31612,39361,0,0,0,0,0,0,0,0,0,0,0,0,0,0
39.741271,8192,31611,39363,0,0,0,0,0,0,0,0,0,0,0,0,0,0
39.759642,8188,31609,39359,0,0,0,0,0,0,0,0,0,0,0,0,0,0
39.761693,8191,31607,39359,0,0,0,0,0,0,0,0,0,0,0,0,0,0
39.781012,8190,31606,39354,0,0,0,0,0,0,0,0,0,0,0,0,0,0
39.782117,8190,31607,39359,0,0,0,0,0,0,0,0,0,0,0,0,0,0
39.799843,8190,31606,39352,0,0,0,0,0,0,0,0,0,0,0,0,0,0
39.801877,8187,31604,39347,0,0,0,0,0,0,0,0,0,0,0,0,0,0
39.811563,8190,31602,39336,0,0,0,0,0,0,0,0,0,0,0,0,0,0
39.829487,8182,31602,39329,0,0,0,0,0,0,0,0,0,0,0,0,0,0
39.831633,8185,31600,39323,0,0,0,0,0,0,0,0,0,0,0,0,0,0
39.850188,8183,31599,39320,0,0,0,0,0,0,0,0,0,0,0,0,0,0
39.851197,8179,31597,39311,0,0,0,0,0,0,0,0,0,0,0,0,0,0
39.872194,8178,31598,39306,0,0,0,0,0,0,0,0,0,0,0,0,0,0
39.873209,8176,31598,39301,0,0,0,0,0,0,0,0,0,0,0,0,0,0
39.890235,8176,31595,39297,0,0,0,0,0,0,0,0,0,0,0,0,0,0
39.891246,8171,31594,39291,0,0,0,0,0,0,0,0,0,0,0,0,0,0
39.912268,8172,31593,39289,0,0,0,0,0,0,0,0,0,0,0,0,0,0
39.913295,8172,31590,39278,0,0,0,0,0,0,0,0,0,0,0,0,0,0
39.93126,8170,31586,39280,0,0,0,0,0,0,0,0,0,0,0,0,0,0
39.932268,8170,31586,39276,0,0,0,0,0,0,0,0,0,0,0,0,0,0
39.949757,8166,31587,39280,0,0,0,0,0,0,0,0,0,0,0,0,0,0
39.951789,8166,31586,39272,0,0,0,0,0,0,0,0,0,0,0,0,0,0
39.970585,8166,31582,39275,0,0,0,0,0,0,0,0,0,0,0,0,0,0
39.971597,8166,31579,39269,0,0,0,0,0,0,0,0,0,0,0,0,0,0
39.990598,8165,31582,39273,0,0,0,0,0,0,0,0,0,0,0,0,0,0
39.991621,8165,31581,39272,0,0,0,0,0,0,0,0,0,0,0,0,0,0
40.010705,8166,31579,39276,0,0,0,0,0,0,0,0,0,0,0,0,0,0
40.011817,8168,31579,39279,0,0,0,0,0,0,0,0,0,0,0,0,0,0
40.029802,8168,31579,39288,0,0,0,0,0,0,0,0,0,0,0,0,0,0
40.031815,8172,31586,39293,0,0,0,0,0,0,0,0,0,0,0,0,0,0
40.041942,8175,31584,39294,0,0,0,0,0,0,0,0,0,0,0,0,0,0
40.043953,8175,31585,39294,0,0,0,0,0,0,0,0,0,0,0,0,0,0
40.05977,8172,31581,39292,0,0,0,0,0,0,0,0,0,0,0,0,0,0
40.07959,8176,31581,39289,0,0,0,0,0,0,0,0,0,0,0,0,0,0
40.081643,8171,31576,39288,0,0,0,0,0,0,0,0,0,0,0,0,0,0
40.09997,8174,31579,39286,0,0,0,0,0,0,0,0,0,0,0,0,0,0
40.101998,8176,31577,39291,0,0,0,0,0,0,0,0,0,0,0,0,0,0
40.121924,8178,31580,39294,0,0,0,0,0,0,0,0,0,0,0,0,0,0
40.12293,8179,31585,39301,0,0,0,0,0,0,0,0,0,0,0,0,0,0
40.140424,8180,31594,39310,0,0,0,0,0,0,0,0,0,0,0,0,0,0
40.142523,8183,31593,39315,0,0,0,0,0,0,0,0,0,0,0,0,0,0
40.159851,8185,31597,39321,0,0,0,0,0,0,0,0,0,0,0,0,0,0
40.161864,8187,31596,39323,0,0,0,0,0,0,0,0,0,0,0,0,0,0
40.181568,8191,31598,39325,0,0,0,0,0,0,0,0,0,0,0,0,0,0
40.182579,8188,31596,39322,0,0,0,0,0,0,0,0,0,0,0,0,0,0
40.2021,8191,31598,39327,0,0,0,0,0,0,0,0,0,0,0,0,0,0
40.203119,8190,31597,39328,0,0,0,0,0,0,0,0,0,0,0,0,0,0
40.221251,8191,31598,39330,0,0,0,0,0,0,0,0,0,0,0,0,0,0
40.222275,8190,31599,39329,0,0,0,0,0,0,0,0,0,0,0,0,0,0
40.240441,8194,31596,39330,0,0,0,0,0,0,0,0,0,0,0,0,0,0
40.241467,8195,31595,39336,0,0,0,0,0,0,0,0,0,0,0,0,0,0
40.26194,8192,31597,39337,0,0,0,0,0,0,0,0,0,0,0,0,0,0
40.262954,8196,31602,39344,0,0,0,0,0,0,0,0,0,0,0,0,0,0
40.281939,8197,31602,39350,0,0,0,0,0,0,0,0,0,0,0,0,0,0
40.282976,8197,31607,39353,0,0,0,0,0,0,0,0,0,0,0,0,0,0
40.290269,8199,31607,39360,0,0,0,0,0,0,0,0,0,0,0,0,0,0
40.299547,8199,31606,39357,0,0,0,0,0,0,0,0,0,0,0,0,0,0
40.319436,8203,31606,39362,0,0,0,0,0,0,0,0,0,0,0,0,0,0
40.32248,8202,31608,39361,0,0,0,0,0,0,0,0,0,0,0,0,0,0
40.341905,8204,31605,39360,0,0,0,0,0,0,0,0,0,0,0,0,0,0
40.342919,8203,31608,39359,0,0,0,0,0,0,0,0,0,0,0,0,0,0
40.360251,8205,31604,39365,0,0,0,0,0,0,0,0,0,0,0,0,0,0
40.361264,8201,31609,39364,0,0,0,0,0,0,0,0,0,0,0,0,0,0
40.381018,8201,31608,39364,0,0,0,0,0,0,0,0,0,0,0,0,0,0
40.382047,8203,31609,39364,0,0,0,0,0,0,0,0,0,0,0,0,0,0
40.399553,8204,31602,39362,0,0,0,0,0,0,0,0,0,0,0,0,0,0
40.401587,8206,31604,39364,0,0,0,0,0,0,0,0,0,0,0,0,0,0
40.419608,8203,31604,39362,0,0,0,0,0,0,0,0,0,0,0,0,0,0
40.421637,8207,31604,39364,0,0,0,0,0,0,0,0,0,0,0,0,0,0
40.432097,8209,31601,39369,0,0,0,0,0,0,0,0,0,0,0,0,0,0
40.450644,8207,31608,39370,0,0,0,0,0,0,0,0,0,0,0,0,0,0
40.45168,8208,31603,39378,0,0,0,0,0,0,0,0,0,0,0,0,0,0
40.471017,8210,31609,39380,0,0,0,0,0,0,0,0,0,0,0,0,0,0
40.474719,8208,31606,39379,0,0,0,0,0,0,0,0,0,0,0,0,0,0
40.490576,8209,31604,39378,0,0,0,0,0,0,0,0,0,0,0,0,0,0
40.492087,8208,31603,39374,0,0,0,0,0,0,0,0,0,0,0,0,0,0
40.509782,8210,31601,39373,0,0,0,0,0,0,0,0,0,0,0,0,0,0
40.511826,8212,31596,39364,0,0,0,0,0,0,0,0,0,0,0,0,0,0
40.530239,8207,31590,39362,0,0,0,0,0,0,0,0,0,0,0,0,0,0
40.531271,8208,31587,39355,0,0,0,0,0,0,0,0,0,0,0,0,0,0
40.549861,8206,31588,39348,0,0,0,0,0,0,0,0,0,0,0,0,0,0
40.551933,8206,31584,39343,0,0,0,0,0,0,0,0,0,0,0,0,0,0
40.571779,8209,31586,39330,0,0,0,0,0,0,0,0,0,0,0,0,0,0
40.572827,8204,31585,39327,0,0,0,0,0,0,0,0,0,0,0,0,0,0
40.59028,8198,31583,39318,0,0,0,0,0,0,0,0,0,0,0,0,0,0
40.591323,8199,31579,39309,0,0,0,0,0,0,0,0,0,0,0,0,0,0
40.611469,8193,31581,39306,0,0,0,0,0,0,0,0,0,0,0,0,0,0
40.6125,8198,31583,39303,0,0,0,0,0,0,0,0,0,0,0,0,0,0
40.630982,8196,31584,39300,0,0,0,0,0,0,0,0,0,0,0,0,0,0
40.633019,8198,31581,39299,0,0,0,0,0,0,0,0,0,0,0,0,0,0
40.649652,8195,31587,39302,0,0,0,0,0,0,0,0,0,0,0,0,0,0
40.651687,8196,31585,39304,0,0,0,0,0,0,0,0,0,0,0,0,0,0
40.671653,8193,31584,39302,0,0,0,0,0,0,0,0,0,0,0,0,0,0
40.673687,8196,31581,39302,0,0,0,0,0,0,0,0,0,0,0,0,0,0
40.690437,8194,31585,39299,0,0,0,0,0,0,0,0,0,0,0,0,0,0
40.691543,8195,31580,39301,0,0,0,0,0,0,0,0,0,0,0,0,0,0
40.711364,8195,31586,39300,0,0,0,0,0,0,0,0,0,0,0,0,0,0
40.712407,8197,31579,39302,0,0,0,0,0,0,0,0,0,0,0,0,0,0
40.729569,8197,31585,39302,0,0,0,0,0,0,0,0,0,0,0,0,0,0
40.731587,8197,31585,39305,0,0,0,0,0,0,0,0,0,0,0,0,0,0
40.741778,8196,31587,39304,0,0,0,0,0,0,0,0,0,0,0,0,0,0
40.742798,8198,31583,39302,0,0,0,0,0,0,0,0,0,0,0,0,0,0
40.759448,8198,31585,39307,0,0,0,0,0,0,0,0,0,0,0,0,0,0
40.781544,8201,31585,39309,0,0,0,0,0,0,0,0,0,0,0,0,0,0
40.782562,8198,31586,39309,0,0,0,0,0,0,0,0,0,0,0,0,0,0
40.799916,8200,31587,39315,0,0,0,0,0,0,0,0,0,0,0,0,0,0
40.801962,8199,31590,39316,0,0,0,0,0,0,0,0,0,0,0,0,0,0
40.821867,8205,31585,39318,0,0,0,0,0,0,0,0,0,0,0,0,0,0
40.82288,8200,31584,39316,0,0,0,0,0,0,0,0,0,0,0,0,0,0
40.840791,8203,31582,39314,0,0,0,0,0,0,0,0,0,0,0,0,0,0
40.841823,8206,31585,39319,0,0,0,0,0,0,0,0,0,0,0,0,0,0
40.862182,8206,31585,39323,0,0,0,0,0,0,0,0,0,0,0,0,0,0
40.864235,8206,31586,39326,0,0,0,0,0,0,0,0,0,0,0,0,0,0
40.881,8209,31589,39332,0,0,0,0,0,0,0,0,0,0,0,0,0,0
40.882176,8214,31594,39333,0,0,0,0,0,0,0,0,0,0,0,0,0,0
40.902005,8219,31597,39338,0,0,0,0,0,0,0,0,0,0,0,0,0,0
40.903033,8212,31596,39341,0,0,0,0,0,0,0,0,0,0,0,0,0,0
40.921385,8223,31597,39336,0,0,0,0,0,0,0,0,0,0,0,0,0,0
40.922421,8215,31593,39338,0,0,0,0,0,0,0,0,0,0,0,0,0,0
40.940707,8222,31599,39340,0,0,0,0,0,0,0,0,0,0,0,0,0,0
40.941813,8220,31595,39342,0,0,0,0,0,0,0,0,0,0,0,0,0,0
40.95938,8224,31597,39342,0,0,0,0,0,0,0,0,0,0,0,0,0,0
40.961398,8219,31599,39344,0,0,0,0,0,0,0,0,0,0,0,0,0,0
40.981003,8223,31597,39343,0,0,0,0,0,0,0,0,0,0,0,0,0,0
40.982029,8221,31595,39339,0,0,0,0,0,0,0,0,0,0,0,0,0,0
40.990338,8222,31593,39339,0,0,0,0,0,0,0,0,0,0,0,0,0,0
41.009521,8223,31592,39339,0,0,0,0,0,0,0,0,0,0,0,0,0,0
41.011698,8223,31592,39343,0,0,0,0,0,0,0,0,0,0,0,0,0,0
41.030081,8226,31595,39350,0,0,0,0,0,0,0,0,0,0,0,0,0,0
41.032124,8223,31602,39359,0,0,0,0,0,0,0,0,0,0,0,0,0,0
41.050399,8227,31603,39369,0,0,0,0,0,0,0,0,0,0,0,0,0,0
41.051511,8227,31611,39378,0,0,0,0,0,0,0,0,0,0,0,0,0,0
41.069505,8234,31611,39385,0,0,0,0,0,0,0,0,0,0,0,0,0,0
41.071538,8233,31615,39390,0,0,0,0,0,0,0,0,0,0,0,0,0,0
41.089856,8235,31613,39391,0,0,0,0,0,0,0,0,0,0,0,0,0,0
41.091889,8231,31611,39393,0,0,0,0,0,0,0,0,0,0,0,0,0,0
41.109832,8236,31611,39389,0,0,0,0,0,0,0,0,0,0,0,0,0,0
41.111861,8237,31609,39393,0,0,0,0,0,0,0,0,0,0,0,0,0,0
41.130702,8235,31609,39391,0,0,0,0,0,0,0,0,0,0,0,0,0,0
41.131729,8233,31611,39397,0,0,0,0,0,0,0,0,0,0,0,0,0,0
41.151218,8237,31615,39398,0,0,0,0,0,0,0,0,0,0,0,0,0,0
41.152326,8238,31613,39402,0,0,0,0,0,0,0,0,0,0,0,0,0,0
41.169671,8237,31611,39400,0,0,0,0,0,0,0,0,0,0,0,0,0,0
41.171691,8237,31612,39403,0,0,0,0,0,0,0,0,0,0,0,0,0,0
41.190998,8241,31614,39408,0,0,0,0,0,0,0,0,0,0,0,0,0,0
41.192034,8236,31615,39410,0,0,0,0,0,0,0,0,0,0,0,0,0,0
41.209934,8242,31617,39414,0,0,0,0,0,0,0,0,0,0,0,0,0,0
41.21161,8244,31615,39418,0,0,0,0,0,0,0,0,0,0,0,0,0,0
41.219896,8244,31618,39419,0,0,0,0,0,0,0,0,0,0,0,0,0,0
41.241727,8240,31616,39417,0,0,0,0,0,0,0,0,0,0,0,0,0,0
41.242759,8241,31616,39416,0,0,0,0,0,0,0,0,0,0,0,0,0,0
41.260201,8238,31614,39417,0,0,0,0,0,0,0,0,0,0,0,0,0,0
41.261207,0,0,0,0,0,0,0,0,0,0,0,0,0,0,0,0,0
41.279541,8245,31614,39418,0,0,0,0,0,0,0,0,0,0,0,0,0,0
41.28157,8238,31613,39410,0,0,0,0,0,0,0,0,0,0,0,0,0,0
41.300991,8243,31607,39407,0,0,0,0,0,0,0,0,0,0,0,0,0,0
41.301999,8243,31606,39399,0,0,0,0,0,0,0,0,0,0,0,0,0,0
41.319726,8243,31604,39396,0,0,0,0,0,0,0,0,0,0,0,0,0,0
41.321754,8243,31602,39385,0,0,0,0,0,0,0,0,0,0,0,0,0,0
41.341362,8243,31604,39383,0,0,0,0,0,0,0,0,0,0,0,0,0,0
41.342474,8241,31600,39376,0,0,0,0,0,0,0,0,0,0,0,0,0,0
41.360288,8241,31608,39374,0,0,0,0,0,0,0,0,0,0,0,0,0,0
41.361355,8237,31609,39370,0,0,0,0,0,0,0,0,0,0,0,0,0,0
41.381174,8240,31606,39371,0,0,0,0,0,0,0,0,0,0,0,0,0,0
41.38222,8237,31609,39364,0,0,0,0,0,0,0,0,0,0,0,0,0,0
41.399633,8236,31607,39361,0,0,0,0,0,0,0,0,0,0,0,0,0,0
41.401656,8231,31607,39349,0,0,0,0,0,0,0,0,0,0,0,0,0,0
41.419592,8236,31600,39350,0,0,0,0,0,0,0,0,0,0,0,0,0,0
41.421666,8233,31600,39341,0,0,0,0,0,0,0,0,0,0,0,0,0,0
41.440907,8233,31596,39343,0,0,0,0,0,0,0,0,0,0,0,0,0,0
41.442921,8233,31593,39340,0,0,0,0,0,0,0,0,0,0,0,0,0,0
41.450174,8233,31593,39336,0,0,0,0,0,0,0,0,0,0,0,0,0,0
41.472055,8227,31592,39334,0,0,0,0,0,0,0,0,0,0,0,0,0,0
41.473082,8233,31587,39330,0,0,0,0,0,0,0,0,0,0,0,0,0,0
41.491109,8229,31588,39325,0,0,0,0,0,0,0,0,0,0,0,0,0,0
41.492118,8230,31586,39326,0,0,0,0,0,0,0,0,0,0,0,0,0,0
41.511047,8231,31590,39331,0,0,0,0,0,0,0,0,0,0,0,0,0,0
41.512562,8232,31591,39337,0,0,0,0,0,0,0,0,0,0,0,0,0,0
41.531274,8237,31597,39345,0,0,0,0,0,0,0,0,0,0,0,0,0,0
41.532349,8238,31602,39351,0,0,0,0,0,0,0,0,0,0,0,0,0,0
41.550038,8239,31599,39357,0,0,0,0,0,0,0,0,0,0,0,0,0,0
41.552098,8241,31603,39359,0,0,0,0,0,0,0,0,0,0,0,0,0,0
41.571336,8241,31598,39356,0,0,0,0,0,0,0,0,0,0,0,0,0,0
41.572341,8239,31598,39352,0,0,0,0,0,0,0,0,0,0,0,0,0,0
41.590792,8242,31592,39350,0,0,0,0,0,0,0,0,0,0,0,0,0,0
41.592836,8240,31596,39352,0,0,0,0,0,0,0,0,0,0,0,0,0,0
41.610402,8243,31599,39356,0,0,0,0,0,0,0,0,0,0,0,0,0,0
41.611945,8245,31602,39368,0,0,0,0,0,0,0,0,0,0,0,0,0,0
41.631321,8247,31608,39375,0,0,0,0,0,0,0,0,0,0,0,0,0,0
41.633349,8249,31611,39383,0,0,0,0,0,0,0,0,0,0,0,0,0,0
41.649988,8251,31617,39391,0,0,0,0,0,0,0,0,0,0,0,0,0,0
41.651106,8253,31616,39398,0,0,0,0,0,0,0,0,0,0,0,0,0,0
41.670403,8255,31620,39399,0,0,0,0,0,0,0,0,0,0,0,0,0,0
41.671419,8256,31620,39402,0,0,0,0,0,0,0,0,0,0,0,0,0,0
41.679567,8256,31623,39405,0,0,0,0,0,0,0,0,0,0,0,0,0,0
41.681581,8259,31621,39410,0,0,0,0,0,0,0,0,0,0,0,0,0,0
41.70021,8258,31623,39405,0,0,0,0,0,0,0,0,0,0,0,0,0,0
41.72148,8258,31619,39407,0,0,0,0,0,0,0,0,0,0,0,0,0,0
41.722504,8259,31619,39408,0,0,0,0,0,0,0,0,0,0,0,0,0,0
41.741306,8259,31623,39413,0,0,0,0,0,0,0,0,0,0,0,0,0,0
41.742412,8259,31627,39417,0,0,0,0,0,0,0,0,0,0,0,0,0,0
41.75989,8263,31629,39427,0,0,0,0,0,0,0,0,0,0,0,0,0,0
41.761903,8264,31632,39429,0,0,0,0,0,0,0,0,0,0,0,0,0,0
41.772003,8264,31631,39432,0,0,0,0,0,0,0,0,0,0,0,0,0,0
41.781101,8268,31633,39438,0,0,0,0,0,0,0,0,0,0,0,0,0,0
41.800405,8269,31636,39442,0,0,0,0,0,0,0,0,0,0,0,0,0,0
41.80141,8266,31635,39442,0,0,0,0,0,0,0,0,0,0,0,0,0,0
41.821325,8270,31634,39446,0,0,0,0,0,0,0,0,0,0,0,0,0,0
41.823374,8268,31640,39444,0,0,0,0,0,0,0,0,0,0,0,0,0,0
41.840925,8270,31638,39452,0,0,0,0,0,0,0,0,0,0,0,0,0,0
41.841939,8270,31642,39456,0,0,0,0,0,0,0,0,0,0,0,0,0,0
41.86038,8273,31645,39467,0,0,0,0,0,0,0,0,0,0,0,0,0,0
41.861397,8273,31649,39467,0,0,0,0,0,0,0,0,0,0,0,0,0,0
41.880347,8275,31646,39467,0,0,0,0,0,0,0,0,0,0,0,0,0,0
41.881357,8272,31648,39466,0,0,0,0,0,0,0,0,0,0,0,0,0,0
41.899649,8275,31643,39470,0,0,0,0,0,0,0,0,0,0,0,0,0,0
41.90166,8277,31647,39468,0,0,0,0,0,0,0,0,0,0,0,0,0,0
41.921128,8276,31643,39466,0,0,0,0,0,0,0,0,0,0,0,0,0,0
41.922133,8276,31645,39472,0,0,0,0,0,0,0,0,0,0,0,0,0,0
41.939445,8279,31645,39474,0,0,0,0,0,0,0,0,0,0,0,0,0,0
41.941592,8278,31648,39475,0,0,0,0,0,0,0,0,0,0,0,0,0,0
41.960899,8279,31647,39478,0,0,0,0,0,0,0,0,0,0,0,0,0,0
41.961922,8280,31649,39478,0,0,0,0,0,0,0,0,0,0,0,0,0,0
41.970218,8280,31649,39485,0,0,0,0,0,0,0,0,0,0,0,0,0,0
41.990627,8277,31648,39483,0,0,0,0,0,0,0,0,0,0,0,0,0,0
41.992651,8280,31652,39479,0,0,0,0,0,0,0,0,0,0,0,0,0,0
42.009305,8280,31647,39477,0,0,0,0,0,0,0,0,0,0,0,0,0,0
42.012965,8280,31648,39471,0,0,0,0,0,0,0,0,0,0,0,0,0,0
42.031665,8276,31642,39475,0,0,0,0,0,0,0,0,0,0,0,0,0,0
42.034665,8280,31644,39467,0,0,0,0,0,0,0,0,0,0,0,0,0,0
42.050847,8277,31641,39466,0,0,0,0,0,0,0,0,0,0,0,0,0,0
42.05184,8276,31640,39459,0,0,0,0,0,0,0,0,0,0,0,0,0,0
42.069496,8278,31639,39458,0,0,0,0,0,0,0,0,0,0,0,0,0,0
42.072008,8280,31642,39456,0,0,0,0,0,0,0,0,0,0,0,0,0,0
42.089632,8278,31639,39454,0,0,0,0,0,0,0,0,0,0,0,0,0,0
42.09167,8278,31641,39455,0,0,0,0,0,0,0,0,0,0,0,0,0,0
42.112128,8282,31647,39454,0,0,0,0,0,0,0,0,0,0,0,0,0,0
42.113637,8282,31648,39453,0,0,0,0,0,0,0,0,0,0,0,0,0,0
42.129492,8280,31653,39456,0,0,0,0,0,0,0,0,0,0,0,0,0,0
42.132525,8283,31652,39449,0,0,0,0,0,0,0,0,0,0,0,0,0,0
42.150983,8282,31650,39450,0,0,0,0,0,0,0,0,0,0,0,0,0,0
42.152054,8283,31652,39451,0,0,0,0,0,0,0,0,0,0,0,0,0,0
42.171343,8280,31651,39447,0,0,0,0,0,0,0,0,0,0,0,0,0,0
42.172354,8279,31648,39439,0,0,0,0,0,0,0,0,0,0,0,0,0,0
42.191148,8280,31648,39440,0,0,0,0,0,0,0,0,0,0,0,0,0,0
42.192173,8280,31644,39438,0,0,0,0,0,0,0,0,0,0,0,0,0,0
42.209757,8279,31643,39435,0,0,0,0,0,0,0,0,0,0,0,0,0,0
42.2118,8280,31647,39436,0,0,0,0,0,0,0,0,0,0,0,0,0,0
42.231961,8280,31651,39444,0,0,0,0,0,0,0,0,0,0,0,0,0,0
42.233067,8278,31648,39446,0,0,0,0,0,0,0,0,0,0,0,0,0,0
42.250255,8282,31652,39445,0,0,0,0,0,0,0,0,0,0,0,0,0,0
42.25129,8280,31655,39441,0,0,0,0,0,0,0,0,0,0,0,0,0,0
42.271342,8283,31649,39440,0,0,0,0,0,0,0,0,0,0,0,0,0,0
42.272363,8283,31645,39437,0,0,0,0,0,0,0,0,0,0,0,0,0,0
42.290701,8284,31650,39442,0,0,0,0,0,0,0,0,0,0,0,0,0,0
42.292728,8283,31648,39441,0,0,0,0,0,0,0,0,0,0,0,0,0,0
42.312143,8283,31650,39447,0,0,0,0,0,0,0,0,0,0,0,0,0,0
42.313651,8285,31652,39450,0,0,0,0,0,0,0,0,0,0,0,0,0,0
42.32967,8285,31651,39452,0,0,0,0,0,0,0,0,0,0,0,0,0,0
42.331691,8284,31656,39454,0,0,0,0,0,0,0,0,0,0,0,0,0,0
42.349967,8289,31649,39451,0,0,0,0,0,0,0,0,0,0,0,0,0,0
42.351995,8287,31652,39454,0,0,0,0,0,0,0,0,0,0,0,0,0,0
42.369139,8285,31651,39455,0,0,0,0,0,0,0,0,0,0,0,0,0,0
42.371663,8290,31651,39450,0,0,0,0,0,0,0,0,0,0,0,0,0,0
42.391417,8291,31653,39454,0,0,0,0,0,0,0,0,0,0,0,0,0,0
42.393446,8288,31656,39462,0,0,0,0,0,0,0,0,0,0,0,0,0,0
42.409315,8291,31655,39463,0,0,0,0,0,0,0,0,0,0,0,0,0,0
42.411455,8293,31658,39466,0,0,0,0,0,0,0,0,0,0,0,0,0,0
42.429893,8293,31655,39464,0,0,0,0,0,0,0,0,0,0,0,0,0,0
42.431955,8293,31657,39463,0,0,0,0,0,0,0,0,0,0,0,0,0,0
42.450465,8294,31654,39463,0,0,0,0,0,0,0,0,0,0,0,0,0,0
42.451492,8292,31656,39461,0,0,0,0,0,0,0,0,0,0,0,0,0,0
42.471434,8291,31648,39460,0,0,0,0,0,0,0,0,0,0,0,0,0,0
42.472445,8290,31649,39453,0,0,0,0,0,0,0,0,0,0,0,0,0,0
42.481202,8292,31646,39456,0,0,0,0,0,0,0,0,0,0,0,0,0,0
42.482321,8291,31650,39454,0,0,0,0,0,0,0,0,0,0,0,0,0,0
42.500282,8289,31652,39460,0,0,0,0,0,0,0,0,0,0,0,0,0,0
42.522184,8293,31654,39458,0,0,0,0,0,0,0,0,0,0,0,0,0,0
42.523199,8295,31651,39465,0,0,0,0,0,0,0,0,0,0,0,0,0,0
42.540464,8294,31654,39465,0,0,0,0,0,0,0,0,0,0,0,0,0,0
42.541474,8298,31651,39469,0,0,0,0,0,0,0,0,0,0,0,0,0,0
42.562042,8294,31655,39466,0,0,0,0,0,0,0,0,0,0,0,0,0,0
42.563069,8294,31648,39462,0,0,0,0,0,0,0,0,0,0,0,0,0,0
42.581643,8294,31652,39462,0,0,0,0,0,0,0,0,0,0,0,0,0,0
42.582758,8294,31645,39463,0,0,0,0,0,0,0,0,0,0,0,0,0,0
42.60066,8296,31651,39466,0,0,0,0,0,0,0,0,0,0,0,0,0,0
42.601747,8295,31647,39464,0,0,0,0,0,0,0,0,0,0,0,0,0,0
42.621794,8300,31650,39468,0,0,0,0,0,0,0,0,0,0,0,0,0,0
42.623826,8298,31647,39466,0,0,0,0,0,0,0,0,0,0,0,0,0,0
42.641022,8299,31649,39465,0,0,0,0,0,0,0,0,0,0,0,0,0,0
42.64212,8299,31649,39464,0,0,0,0,0,0,0,0,0,0,0,0,0,0
42.660367,8298,31638,39466,0,0,0,0,0,0,0,0,0,0,0,0,0,0
42.661476,8299,31645,39468,0,0,0,0,0,0,0,0,0,0,0,0,0,0
42.681945,8298,31647,39468,0,0,0,0,0,0,0,0,0,0,0,0,0,0
42.683989,8300,31650,39472,0,0,0,0,0,0,0,0,0,0,0,0,0,0
42.699404,8301,31651,39471,0,0,0,0,0,0,0,0,0,0,0,0,0,0
42.701428,8295,31642,39466,0,0,0,0,0,0,0,0,0,0,0,0,0,0
42.721377,8297,31640,39463,0,0,0,0,0,0,0,0,0,0,0,0,0,0
42.722386,8299,31633,39454,0,0,0,0,0,0,0,0,0,0,0,0,0,0
42.731573,8298,31633,39454,0,0,0,0,0,0,0,0,0,0,0,0,0,0
42.749803,8298,31628,39448,0,0,0,0,0,0,0,0,0,0,0,0,0,0
42.751815,8301,31630,39449,0,0,0,0,0,0,0,0,0,0,0,0,0,0
42.770408,8299,31630,39448,0,0,0,0,0,0,0,0,0,0,0,0,0,0
42.771851,8296,31632,39442,0,0,0,0,0,0,0,0,0,0,0,0,0,0
42.789962,8299,31632,39443,0,0,0,0,0,0,0,0,0,0,0,0,0,0
42.791986,8297,31633,39440,0,0,0,0,0,0,0,0,0,0,0,0,0,0
42.810624,8295,31633,39433,0,0,0,0,0,0,0,0,0,0,0,0,0,0
42.811629,8293,31629,39423,0,0,0,0,0,0,0,0,0,0,0,0,0,0
42.829501,8292,31629,39420,0,0,0,0,0,0,0,0,0,0,0,0,0,0
42.831613,8292,31628,39411,0,0,0,0,0,0,0,0,0,0,0,0,0,0
42.849994,8294,31627,39409,0,0,0,0,0,0,0,0,0,0,0,0,0,0
42.85202,8293,31629,39404,0,0,0,0,0,0,0,0,0,0,0,0,0,0
42.87145,8294,31628,39406,0,0,0,0,0,0,0,0,0,0,0,0,0,0
42.872966,8292,31626,39406,0,0,0,0,0,0,0,0,0,0,0,0,0,0
42.890265,8293,31628,39402,0,0,0,0,0,0,0,0,0,0,0,0,0,0
42.891272,8292,31628,39399,0,0,0,0,0,0,0,0,0,0,0,0,0,0
42.910491,8291,31621,39395,0,0,0,0,0,0,0,0,0,0,0,0,0,0
42.911494,8288,31621,39393,0,0,0,0,0,0,0,0,0,0,0,0,0,0
42.931147,8290,31622,39394,0,0,0,0,0,0,0,0,0,0,0,0,0,0
42.932153,8289,31619,39395,0,0,0,0,0,0,0,0,0,0,0,0,0,0
42.950378,8291,31622,39396,0,0,0,0,0,0,0,0,0,0,0,0,0,0
42.951385,8295,31627,39401,0,0,0,0,0,0,0,0,0,0,0,0,0,0
42.959582,8291,31629,39405,0,0,0,0,0,0,0,0,0,0,0,0,0,0
42.981646,8293,31628,39411,0,0,0,0,0,0,0,0,0,0,0,0,0,0
42.983683,8295,31632,39417,0,0,0,0,0,0,0,0,0,0,0,0,0,0
42.999949,8298,31635,39423,0,0,0,0,0,0,0,0,0,0,0,0,0,0
43.000962,8297,31633,39426,0,0,0,0,0,0,0,0,0,0,0,0,0,0
43.021774,8301,31636,39429,0,0,0,0,0,0,0,0,0,0,0,0,0,0
43.023808,8297,31637,39427,0,0,0,0,0,0,0,0,0,0,0,0,0,0
43.040306,8301,31632,39429,0,0,0,0,0,0,0,0,0,0,0,0,0,0
43.04133,8298,31636,39429,0,0,0,0,0,0,0,0,0,0,0,0,0,0
43.061943,8303,31636,39432,0,0,0,0,0,0,0,0,0,0,0,0,0,0
43.062963,8298,31639,39435,0,0,0,0,0,0,0,0,0,0,0,0,0,0
43.080941,8302,31639,39437,0,0,0,0,0,0,0,0,0,0,0,0,0,0
43.08201,8303,31641,39439,0,0,0,0,0,0,0,0,0,0,0,0,0,0
43.099597,8308,31639,39440,0,0,0,0,0,0,0,0,0,0,0,0,0,0
43.10163,8304,31642,39444,0,0,0,0,0,0,0,0,0,0,0,0,0,0
43.119617,8308,31642,39442,0,0,0,0,0,0,0,0,0,0,0,0,0,0
43.121645,8305,31644,39442,0,0,0,0,0,0,0,0,0,0,0,0,0,0
43.141309,8309,31643,39443,0,0,0,0,0,0,0,0,0,0,0,0,0,0
43.143353,8306,31644,39444,0,0,0,0,0,0,0,0,0,0,0,0,0,0
43.160397,8309,31643,39445,0,0,0,0,0,0,0,0,0,0,0,0,0,0
43.161494,8305,31638,39438,0,0,0,0,0,0,0,0,0,0,0,0,0,0
43.180962,8306,31632,39428,0,0,0,0,0,0,0,0,0,0,0,0,0,0
43.181968,8302,31632,39424,0,0,0,0,0,0,0,0,0,0,0,0,0,0
43.190078,8305,31632,39426,0,0,0,0,0,0,0,0,0,0,0,0,0,0
43.210505,8302,31631,39428,0,0,0,0,0,0,0,0,0,0,0,0,0,0
43.211511,8307,31636,39434,0,0,0,0,0,0,0,0,0,0,0,0,0,0
43.23027,8306,31637,39440,0,0,0,0,0,0,0,0,0,0,0,0,0,0
43.23129,8308,31640,39443,0,0,0,0,0,0,0,0,0,0,0,0,0,0
43.249734,8309,31639,39443,0,0,0,0,0,0,0,0,0,0,0,0,0,0
43.251131,8310,31636,39443,0,0,0,0,0,0,0,0,0,0,0,0,0,0
43.270145,8307,31638,39440,0,0,0,0,0,0,0,0,0,0,0,0,0,0
43.271174,8308,31631,39441,0,0,0,0,0,0,0,0,0,0,0,0,0,0
43.290064,8310,31632,39442,0,0,0,0,0,0,0,0,0,0,0,0,0,0
43.291075,8312,31632,39442,0,0,0,0,0,0,0,0,0,0,0,0,0,0
43.309453,8314,31636,39445,0,0,0,0,0,0,0,0,0,0,0,0,0,0
43.311522,8308,31637,39445,0,0,0,0,0,0,0,0,0,0,0,0,0,0
43.331431,8313,31638,39453,0,0,0,0,0,0,0,0,0,0,0,0,0,0
43.332449,8311,31638,39453,0,0,0,0,0,0,0,0,0,0,0,0,0,0
43.349951,8315,31638,39454,0,0,0,0,0,0,0,0,0,0,0,0,0,0
43.351981,8314,31634,39448,0,0,0,0,0,0,0,0,0,0,0,0,0,0
43.362155,8317,31635,39447,0,0,0,0,0,0,0,0,0,0,0,0,0,0
43.380778,8316,31632,39451,0,0,0,0,0,0,0,0,0,0,0,0,0,0
43.381787,8316,31634,39450,0,0,0,0,0,0,0,0,0,0,0,0,0,0
43.400314,8314,31634,39453,0,0,0,0,0,0,0,0,0,0,0,0,0,0
43.402399,8317,31635,39454,0,0,0,0,0,0,0,0,0,0,0,0,0,0
43.421453,8319,31635,39456,0,0,0,0,0,0,0,0,0,0,0,0,0,0
43.423507,8316,31630,39452,0,0,0,0,0,0,0,0,0,0,0,0,0,0
43.441,8316,31630,39448,0,0,0,0,0,0,0,0,0,0,0,0,0,0
43.442023,8315,31629,39448,0,0,0,0,0,0,0,0,0,0,0,0,0,0
43.459451,8315,31627,39445,0,0,0,0,0,0,0,0,0,0,0,0,0,0
43.461484,8315,31623,39446,0,0,0,0,0,0,0,0,0,0,0,0,0,0
43.48098,8311,31622,39436,0,0,0,0,0,0,0,0,0,0,0,0,0,0
43.482069,8316,31625,39433,0,0,0,0,0,0,0,0,0,0,0,0,0,0
43.500228,8312,31624,39421,0,0,0,0,0,0,0,0,0,0,0,0,0,0
43.50124,8311,31620,39416,0,0,0,0,0,0,0,0,0,0,0,0,0,0
43.520131,8306,31617,39405,0,0,0,0,0,0,0,0,0,0,0,0,0,0
43.521162,8306,31617,39399,0,0,0,0,0,0,0,0,0,0,0,0,0,0
43.541574,8304,31617,39396,0,0,0,0,0,0,0,0,0,0,0,0,0,0
43.542581,8304,31619,39393,0,0,0,0,0,0,0,0,0,0,0,0,0,0
43.559767,8305,31624,39399,0,0,0,0,0,0,0,0,0,0,0,0,0,0
43.561779,8303,31625,39396,0,0,0,0,0,0,0,0,0,0,0,0,0,0
43.581752,8299,31627,39395,0,0,0,0,0,0,0,0,0,0,0,0,0,0
43.582767,8302,31622,39394,0,0,0,0,0,0,0,0,0,0,0,0,0,0
43.59096,8299,31622,39391,0,0,0,0,0,0,0,0,0,0,0,0,0,0
43.61044,8301,31619,39387,0,0,0,0,0,0,0,0,0,0,0,0,0,0
43.611459,8299,31619,39389,0,0,0,0,0,0,0,0,0,0,0,0,0,0
43.630366,8298,31616,39381,0,0,0,0,0,0,0,0,0,0,0,0,0,0
43.631392,8294,31616,39378,0,0,0,0,0,0,0,0,0,0,0,0,0,0
43.649897,8295,31609,39375,0,0,0,0,0,0,0,0,0,0,0,0,0,0
43.65198,8295,31610,39374,0,0,0,0,0,0,0,0,0,0,0,0,0,0
43.671293,8292,31611,39377,0,0,0,0,0,0,0,0,0,0,0,0,0,0
43.672801,8293,31611,39381,0,0,0,0,0,0,0,0,0,0,0,0,0,0
43.690145,8295,31609,39380,0,0,0,0,0,0,0,0,0,0,0,0,0,0
43.69116,8292,31612,39385,0,0,0,0,0,0,0,0,0,0,0,0,0,0
43.709691,8293,31613,39384,0,0,0,0,0,0,0,0,0,0,0,0,0,0
43.711728,8295,31615,39390,0,0,0,0,0,0,0,0,0,0,0,0,0,0
43.729505,8296,31613,39390,0,0,0,0,0,0,0,0,0,0,0,0,0,0
43.73153,8296,31611,39391,0,0,0,0,0,0,0,0,0,0,0,0,0,0
43.749974,8294,31605,39381,0,0,0,0,0,0,0,0,0,0,0,0,0,0
43.752006,8295,31609,39385,0,0,0,0,0,0,0,0,0,0,0,0,0,0
43.771619,8293,31600,39376,0,0,0,0,0,0,0,0,0,0,0,0,0,0
43.77265,8293,31598,39377,0,0,0,0,0,0,0,0,0,0,0,0,0,0
43.790052,8293,31597,39377,0,0,0,0,0,0,0,0,0,0,0,0,0,0
43.791113,8295,31602,39375,0,0,0,0,0,0,0,0,0,0,0,0,0,0
43.810396,8297,31603,39384,0,0,0,0,0,0,0,0,0,0,0,0,0,0
43.811401,8299,31602,39382,0,0,0,0,0,0,0,0,0,0,0,0,0,0
43.822021,8300,31603,39389,0,0,0,0,0,0,0,0,0,0,0,0,0,0
43.840192,8302,31607,39389,0,0,0,0,0,0,0,0,0,0,0,0,0,0
43.842208,8301,31608,39392,0,0,0,0,0,0,0,0,0,0,0,0,0,0
43.861541,8302,31607,39393,0,0,0,0,0,0,0,0,0,0,0,0,0,0
43.86361,8304,31607,39388,0,0,0,0,0,0,0,0,0,0,0,0,0,0
43.881622,8302,31603,39389,0,0,0,0,0,0,0,0,0,0,0,0,0,0
43.882679,8303,31601,39387,0,0,0,0,0,0,0,0,0,0,0,0,0,0
43.900163,8301,31604,39388,0,0,0,0,0,0,0,0,0,0,0,0,0,0
43.901189,8302,31597,39385,0,0,0,0,0,0,0,0,0,0,0,0,0,0
43.922081,8299,31600,39390,0,0,0,0,0,0,0,0,0,0,0,0,0,0
43.924154,8302,31601,39388,0,0,0,0,0,0,0,0,0,0,0,0,0,0
43.940385,8304,31602,39389,0,0,0,0,0,0,0,0,0,0,0,0,0,0
43.941491,8304,31602,39392,0,0,0,0,0,0,0,0,0,0,0,0,0,0
43.96221,8306,31602,39401,0,0,0,0,0,0,0,0,0,0,0,0,0,0
43.964224,8304,31606,39397,0,0,0,0,0,0,0,0,0,0,0,0,0,0
43.980744,8305,31604,39403,0,0,0,0,0,0,0,0,0,0,0,0,0,0
43.981782,8308,31604,39402,0,0,0,0,0,0,0,0,0,0,0,0,0,0
44.000304,8308,31603,39402,0,0,0,0,0,0,0,0,0,0,0,0,0,0
44.001333,8309,31605,39407,0,0,0,0,0,0,0,0,0,0,0,0,0,0
44.020359,8311,31608,39410,0,0,0,0,0,0,0,0,0,0,0,0,0,0
44.022451,8310,31609,39415,0,0,0,0,0,0,0,0,0,0,0,0,0,0
44.040517,8311,31610,39419,0,0,0,0,0,0,0,0,0,0,0,0,0,0
44.041625,8313,31612,39422,0,0,0,0,0,0,0,0,0,0,0,0,0,0
44.050508,8312,31607,39428,0,0,0,0,0,0,0,0,0,0,0,0,0,0
44.051582,8313,31611,39422,0,0,0,0,0,0,0,0,0,0,0,0,0,0
44.071875,8312,31609,39427,0,0,0,0,0,0,0,0,0,0,0,0,0,0
44.090953,8318,31612,39427,0,0,0,0,0,0,0,0,0,0,0,0,0,0
44.09205,8318,31612,39435,0,0,0,0,0,0,0,0,0,0,0,0,0,0
44.109437,8314,31616,39435,0,0,0,0,0,0,0,0,0,0,0,0,0,0
44.111582,8318,31622,39447,0,0,0,0,0,0,0,0,0,0,0,0,0,0
44.129482,8319,31622,39448,0,0,0,0,0,0,0,0,0,0,0,0,0,0
44.131595,8321,31621,39451,0,0,0,0,0,0,0,0,0,0,0,0,0,0
44.150354,8322,31623,39453,0,0,0,0,0,0,0,0,0,0,0,0,0,0
44.151379,8320,31626,39459,0,0,0,0,0,0,0,0,0,0,0,0,0,0
44.16955,8322,31624,39458,0,0,0,0,0,0,0,0,0,0,0,0,0,0
44.171584,8320,31623,39455,0,0,0,0,0,0,0,0,0,0,0,0,0,0
44.189663,8322,31625,39449,0,0,0,0,0,0,0,0,0,0,0,0,0,0
44.191694,8320,31621,39444,0,0,0,0,0,0,0,0,0,0,0,0,0,0
44.209691,8320,31619,39436,0,0,0,0,0,0,0,0,0,0,0,0,0,0
44.211779,8322,31617,39430,0,0,0,0,0,0,0,0,0,0,0,0,0,0
44.231143,8315,31616,39415,0,0,0,0,0,0,0,0,0,0,0,0,0,0
44.232149,8314,31612,39402,0,0,0,0,0,0,0,0,0,0,0,0,0,0
44.250008,8312,31608,39404,0,0,0,0,0,0,0,0,0,0,0,0,0,0
44.252107,8309,31611,39395,0,0,0,0,0,0,0,0,0,0,0,0,0,0
44.270334,8311,31615,39401,0,0,0,0,0,0,0,0,0,0,0,0,0,0
44.271342,8310,31619,39405,0,0,0,0,0,0,0,0,0,0,0,0,0,0
44.290601,8309,31620,39405,0,0,0,0,0,0,0,0,0,0,0,0,0,0
44.291655,8311,31622,39399,0,0,0,0,0,0,0,0,0,0,0,0,0,0
44.300405,8310,31616,39402,0,0,0,0,0,0,0,0,0,0,0,0,0,0
44.320302,8306,31614,39395,0,0,0,0,0,0,0,0,0,0,0,0,0,0
44.321815,8306,31611,39391,0,0,0,0,0,0,0,0,0,0,0,0,0,0
44.341272,8307,31606,39385,0,0,0,0,0,0,0,0,0,0,0,0,0,0
44.34228,8308,31608,39384,0,0,0,0,0,0,0,0,0,0,0,0,0,0
44.362048,8304,31606,39376,0,0,0,0,0,0,0,0,0,0,0,0,0,0
44.363061,8308,31602,39377,0,0,0,0,0,0,0,0,0,0,0,0,0,0
44.381875,8302,31604,39380,0,0,0,0,0,0,0,0,0,0,0,0,0,0
44.382904,8304,31604,39384,0,0,0,0,0,0,0,0,0,0,0,0,0,0
44.400342,8305,31610,39388,0,0,0,0,0,0,0,0,0,0,0,0,0,0
44.401361,8306,31609,39392,0,0,0,0,0,0,0,0,0,0,0,0,0,0
44.420708,8306,31609,39394,0,0,0,0,0,0,0,0,0,0,0,0,0,0
44.422122,8306,31613,39396,0,0,0,0,0,0,0,0,0,0,0,0,0,0
44.441505,8306,31611,39398,0,0,0,0,0,0,0,0,0,0,0,0,0,0
44.442531,8307,31611,39398,0,0,0,0,0,0,0,0,0,0,0,0,0,0
44.461309,8310,31611,39398,0,0,0,0,0,0,0,0,0,0,0,0,0,0
44.46242,8311,31610,39402,0,0,0,0,0,0,0,0,0,0,0,0,0,0
44.480292,8312,31615,39409,0,0,0,0,0,0,0,0,0,0,0,0,0,0
44.481401,8313,31615,39414,0,0,0,0,0,0,0,0,0,0,0,0,0,0
44.500143,8313,31615,39419,0,0,0,0,0,0,0,0,0,0,0,0,0,0
44.501158,8312,31619,39422,0,0,0,0,0,0,0,0,0,0,0,0,0,0
44.520923,8314,31622,39426,0,0,0,0,0,0,0,0,0,0,0,0,0,0
44.522346,8315,31624,39430,0,0,0,0,0,0,0,0,0,0,0,0,0,0
44.529706,8321,31627,39433,0,0,0,0,0,0,0,0,0,0,0,0,0,0
44.549965,8317,31627,39438,0,0,0,0,0,0,0,0,0,0,0,0,0,0
44.551998,8323,31630,39445,0,0,0,0,0,0,0,0,0,0,0,0,0,0
44.571994,8320,31633,39445,0,0,0,0,0,0,0,0,0,0,0,0,0,0
44.573534,8321,31637,39446,0,0,0,0,0,0,0,0,0,0,0,0,0,0
44.589482,8322,31629,39447,0,0,0,0,0,0,0,0,0,0,0,0,0,0
44.591166,8322,31635,39445,0,0,0,0,0,0,0,0,0,0,0,0,0,0
44.609708,8322,31629,39441,0,0,0,0,0,0,0,0,0,0,0,0,0,0
44.611728,8319,31631,39444,0,0,0,0,0,0,0,0,0,0,0,0,0,0
44.631723,8324,31629,39447,0,0,0,0,0,0,0,0,0,0,0,0,0,0
44.632759,8325,31638,39450,0,0,0,0,0,0,0,0,0,0,0,0,0,0
44.650047,8324,31635,39455,0,0,0,0,0,0,0,0,0,0,0,0,0,0
44.651056,8327,31638,39458,0,0,0,0,0,0,0,0,0,0,0,0,0,0
44.671451,8325,31637,39463,0,0,0,0,0,0,0,0,0,0,0,0,0,0
44.672463,8329,31641,39461,0,0,0,0,0,0,0,0,0,0,0,0,0,0
44.69013,8332,31636,39463,0,0,0,0,0,0,0,0,0,0,0,0,0,0
44.691161,8328,31637,39460,0,0,0,0,0,0,0,0,0,0,0,0,0,0
44.70966,8332,31635,39465,0,0,0,0,0,0,0,0,0,0,0,0,0,0
44.711673,8330,31637,39464,0,0,0,0,0,0,0,0,0,0,0,0,0,0
44.730427,8332,31636,39470,0,0,0,0,0,0,0,0,0,0,0,0,0,0
44.731499,8334,31641,39474,0,0,0,0,0,0,0,0,0,0,0,0,0,0
44.751315,8334,31643,39479,0,0,0,0,0,0,0,0,0,0,0,0,0,0
44.752351,8334,31642,39477,0,0,0,0,0,0,0,0,0,0,0,0,0,0
44.759658,8335,31636,39477,0,0,0,0,0,0,0,0,0,0,0,0,0,0
44.781696,8334,31637,39471,0,0,0,0,0,0,0,0,0,0,0,0,0,0
44.782702,8338,31636,39471,0,0,0,0,0,0,0,0,0,0,0,0,0,0
44.799853,8338,31636,39472,0,0,0,0,0,0,0,0,0,0,0,0,0,0
44.801865,8338,31639,39476,0,0,0,0,0,0,0,0,0,0,0,0,0,0
44.822712,8340,31640,39481,0,0,0,0,0,0,0,0,0,0,0,0,0,0
44.823744,8339,31641,39487,0,0,0,0,0,0,0,0,0,0,0,0,0,0
44.841065,8341,31641,39489,0,0,0,0,0,0,0,0,0,0,0,0,0,0
44.842073,8338,31641,39485,0,0,0,0,0,0,0,0,0,0,0,0,0,0
44.860282,8340,31635,39485,0,0,0,0,0,0,0,0,0,0,0,0,0,0
44.861293,8337,31636,39480,0,0,0,0,0,0,0,0,0,0,0,0,0,0
44.882098,8338,31626,39467,0,0,0,0,0,0,0,0,0,0,0,0,0,0
44.883104,8334,31624,39465,0,0,0,0,0,0,0,0,0,0,0,0,0,0
44.900274,8334,31620,39460,0,0,0,0,0,0,0,0,0,0,0,0,0,0
44.901309,8336,31625,39460,0,0,0,0,0,0,0,0,0,0,0,0,0,0
44.921815,8333,31622,39452,0,0,0,0,0,0,0,0,0,0,0,0,0,0
44.923326,8330,31618,39449,0,0,0,0,0,0,0,0,0,0,0,0,0,0
44.940615,8331,31615,39445,0,0,0,0,0,0,0,0,0,0,0,0,0,0
44.941627,8325,31624,39441,0,0,0,0,0,0,0,0,0,0,0,0,0,0
44.962021,8329,31615,39436,0,0,0,0,0,0,0,0,0,0,0,0,0,0
44.963053,8327,31618,39428,0,0,0,0,0,0,0,0,0,0,0,0,0,0
44.98083,8325,31611,39424,0,0,0,0,0,0,0,0,0,0,0,0,0,0
44.981837,8323,31620,39421,0,0,0,0,0,0,0,0,0,0,0,0,0,0
44.991023,8320,31611,39415,0,0,0,0,0,0,0,0,0,0,0,0,0,0
44.992995,8317,31616,39409,0,0,0,0,0,0,0,0,0,0,0,0,0,0
45.009667,8318,31609,39406,0,0,0,0,0,0,0,0,0,0,0,0,0,0
45.031514,8315,31609,39403,0,0,0,0,0,0,0,0,0,0,0,0,0,0
45.032542,8314,31605,39394,0,0,0,0,0,0,0,0,0,0,0,0,0,0
45.050047,8317,31605,39395,0,0,0,0,0,0,0,0,0,0,0,0,0,0
45.05107,8314,31603,39389,0,0,0,0,0,0,0,0,0,0,0,0,0,0
45.069651,8311,31602,39385,0,0,0,0,0,0,0,0,0,0,0,0,0,0
45.071678,8315,31599,39390,0,0,0,0,0,0,0,0,0,0,0,0,0,0
45.090634,8314,31605,39388,0,0,0,0,0,0,0,0,0,0,0,0,0,0
45.091663,8316,31601,39390,0,0,0,0,0,0,0,0,0,0,0,0,0,0
45.110389,8314,31599,39387,0,0,0,0,0,0,0,0,0,0,0,0,0,0
45.111502,8314,31597,39389,0,0,0,0,0,0,0,0,0,0,0,0,0,0
45.13115,8314,31603,39391,0,0,0,0,0,0,0,0,0,0,0,0,0,0
45.132162,8316,31599,39391,0,0,0,0,0,0,0,0,0,0,0,0,0,0
45.150448,8314,31601,39394,0,0,0,0,0,0,0,0,0,0,0,0,0,0
45.151484,8317,31598,39397,0,0,0,0,0,0,0,0,0,0,0,0,0,0
45.171811,8313,31601,39395,0,0,0,0,0,0,0,0,0,0,0,0,0,0
45.172828,8315,31597,39400,0,0,0,0,0,0,0,0,0,0,0,0,0,0
45.190664,8315,31602,39397,0,0,0,0,0,0,0,0,0,0,0,0,0,0
45.191669,8318,31599,39400,0,0,0,0,0,0,0,0,0,0,0,0,0,0
45.212034,8317,31598,39398,0,0,0,0,0,0,0,0,0,0,0,0,0,0
45.213047,8322,31597,39400,0,0,0,0,0,0,0,0,0,0,0,0,0,0
45.231014,8316,31601,39398,0,0,0,0,0,0,0,0,0,0,0,0,0,0
45.23202,8321,31602,39403,0,0,0,0,0,0,0,0,0,0,0,0,0,0
45.240526,8318,31609,39410,0,0,0,0,0,0,0,0,0,0,0,0,0,0
45.261809,8323,31609,39409,0,0,0,0,0,0,0,0,0,0,0,0,0,0
45.262837,8320,31609,39413,0,0,0,0,0,0,0,0,0,0,0,0,0,0
45.280779,8327,31607,39413,0,0,0,0,0,0,0,0,0,0,0,0,0,0
45.282807,8323,31608,39412,0,0,0,0,0,0,0,0,0,0,0,0,0,0
45.300253,8321,31603,39407,0,0,0,0,0,0,0,0,0,0,0,0,0,0
45.301311,8320,31603,39401,0,0,0,0,0,0,0,0,0,0,0,0,0,0
45.32172,8319,31596,39398,0,0,0,0,0,0,0,0,0,0,0,0,0,0
45.323741,8319,31594,39397,0,0,0,0,0,0,0,0,0,0,0,0,0,0
45.340648,8318,31596,39396,0,0,0,0,0,0,0,0,0,0,0,0,0,0
45.341661,8322,31597,39398,0,0,0,0,0,0,0,0,0,0,0,0,0,0
45.362251,8317,31598,39400,0,0,0,0,0,0,0,0,0,0,0,0,0,0
45.363349,8323,31597,39409,0,0,0,0,0,0,0,0,0,0,0,0,0,0
45.381202,8325,31602,39411,0,0,0,0,0,0,0,0,0,0,0,0,0,0
45.382212,8326,31602,39412,0,0,0,0,0,0,0,0,0,0,0,0,0,0
45.399675,8323,31597,39411,0,0,0,0,0,0,0,0,0,0,0,0,0,0
45.401703,8326,31595,39409,0,0,0,0,0,0,0,0,0,0,0,0,0,0
45.422271,8321,31598,39404,0,0,0,0,0,0,0,0,0,0,0,0,0,0
45.423297,8326,31598,39407,0,0,0,0,0,0,0,0,0,0,0,0,0,0
45.440423,8320,31596,39406,0,0,0,0,0,0,0,0,0,0,0,0,0,0
45.442443,8327,31596,39404,0,0,0,0,0,0,0,0,0,0,0,0,0,0
45.459693,8328,31595,39404,0,0,0,0,0,0,0,0,0,0,0,0,0,0
45.461707,8327,31594,39408,0,0,0,0,0,0,0,0,0,0,0,0,0,0
45.471807,8319,31593,39404,0,0,0,0,0,0,0,0,0,0,0,0,0,0
45.490742,8325,31591,39407,0,0,0,0,0,0,0,0,0,0,0,0,0,0
45.491863,8325,31591,39411,0,0,0,0,0,0,0,0,0,0,0,0,0,0
45.509512,8329,31591,39411,0,0,0,0,0,0,0,0,0,0,0,0,0,0
45.511557,8325,31595,39413,0,0,0,0,0,0,0,0,0,0,0,0,0,0
45.530651,8327,31589,39412,0,0,0,0,0,0,0,0,0,0,0,0,0,0
45.532735,8324,31592,39418,0,0,0,0,0,0,0,0,0,0,0,0,0,0
45.550142,8327,31592,39421,0,0,0,0,0,0,0,0,0,0,0,0,0,0
45.551234,8329,31594,39419,0,0,0,0,0,0,0,0,0,0,0,0,0,0
45.569437,8329,31593,39415,0,0,0,0,0,0,0,0,0,0,0,0,0,0
45.571625,8322,31588,39413,0,0,0,0,0,0,0,0,0,0,0,0,0,0
45.590166,8327,31583,39408,0,0,0,0,0,0,0,0,0,0,0,0,0,0
45.5912,8321,31584,39406,0,0,0,0,0,0,0,0,0,0,0,0,0,0
45.610708,8326,31578,39401,0,0,0,0,0,0,0,0,0,0,0,0,0,0
45.611715,8324,31578,39393,0,0,0,0,0,0,0,0,0,0,0,0,0,0
45.63168,8325,31574,39382,0,0,0,0,0,0,0,0,0,0,0,0,0,0
45.632694,8321,31570,39378,0,0,0,0,0,0,0,0,0,0,0,0,0,0
45.650509,8317,31574,39378,0,0,0,0,0,0,0,0,0,0,0,0,0,0
45.651536,8320,31579,39375,0,0,0,0,0,0,0,0,0,0,0,0,0,0
45.671394,8319,31579,39374,0,0,0,0,0,0,0,0,0,0,0,0,0,0
45.672469,8313,31582,39374,0,0,0,0,0,0,0,0,0,0,0,0,0,0
45.691468,8318,31582,39370,0,0,0,0,0,0,0,0,0,0,0,0,0,0
45.69249,8315,31579,39366,0,0,0,0,0,0,0,0,0,0,0,0,0,0
45.700867,8314,31578,39358,0,0,0,0,0,0,0,0,0,0,0,0,0,0
45.719492,8307,31571,39355,0,0,0,0,0,0,0,0,0,0,0,0,0,0
45.721521,8308,31574,39349,0,0,0,0,0,0,0,0,0,0,0,0,0,0
45.740623,8306,31569,39346,0,0,0,0,0,0,0,0,0,0,0,0,0,0
45.741642,8306,31569,39345,0,0,0,0,0,0,0,0,0,0,0,0,0,0
45.762379,8303,31567,39344,0,0,0,0,0,0,0,0,0,0,0,0,0,0
45.763488,8305,31566,39340,0,0,0,0,0,0,0,0,0,0,0,0,0,0
45.781284,8304,31569,39342,0,0,0,0,0,0,0,0,0,0,0,0,0,0
45.78229,8306,31569,39343,0,0,0,0,0,0,0,0,0,0,0,0,0,0
45.800656,8303,31566,39344,0,0,0,0,0,0,0,0,0,0,0,0,0,0
45.801682,8302,31569,39341,0,0,0,0,0,0,0,0,0,0,0,0,0,0
45.820459,8303,31568,39346,0,0,0,0,0,0,0,0,0,0,0,0,0,0
45.822597,8303,31568,39349,0,0,0,0,0,0,0,0,0,0,0,0,0,0
45.84079,8303,31573,39353,0,0,0,0,0,0,0,0,0,0,0,0,0,0
45.841802,8309,31574,39360,0,0,0,0,0,0,0,0,0,0,0,0,0,0
45.861602,8310,31575,39366,0,0,0,0,0,0,0,0,0,0,0,0,0,0
45.862643,8312,31575,39368,0,0,0,0,0,0,0,0,0,0,0,0,0,0
45.88158,8311,31579,39372,0,0,0,0,0,0,0,0,0,0,0,0,0,0
45.88259,8309,31580,39373,0,0,0,0,0,0,0,0,0,0,0,0,0,0
45.899827,8314,31580,39380,0,0,0,0,0,0,0,0,0,0,0,0,0,0
45.901843,8319,31582,39381,0,0,0,0,0,0,0,0,0,0,0,0,0,0
45.920451,8317,31581,39381,0,0,0,0,0,0,0,0,0,0,0,0,0,0
45.921978,8317,31585,39386,0,0,0,0,0,0,0,0,0,0,0,0,0,0
45.930106,8317,31582,39392,0,0,0,0,0,0,0,0,0,0,0,0,0,0
45.93122,8320,31584,39393,0,0,0,0,0,0,0,0,0,0,0,0,0,0
45.950467,8323,31589,39397,0,0,0,0,0,0,0,0,0,0,0,0,0,0
45.971879,8321,31591,39401,0,0,0,0,0,0,0,0,0,0,0,0,0,0
45.973917,8322,31590,39406,0,0,0,0,0,0,0,0,0,0,0,0,0,0
45.990893,8328,31591,39406,0,0,0,0,0,0,0,0,0,0,0,0,0,0
45.991921,8325,31594,39412,0,0,0,0,0,0,0,0,0,0,0,0,0,0
46.010404,8326,31597,39410,0,0,0,0,0,0,0,0,0,0,0,0,0,0
46.01141,8326,31600,39410,0,0,0,0,0,0,0,0,0,0,0,0,0,0
46.029459,8328,31597,39412,0,0,0,0,0,0,0,0,0,0,0,0,0,0
46.031521,8328,31601,39416,0,0,0,0,0,0,0,0,0,0,0,0,0,0
46.04992,8328,31598,39411,0,0,0,0,0,0,0,0,0,0,0,0,0,0
46.05105,8327,31594,39416,0,0,0,0,0,0,0,0,0,0,0,0,0,0
46.069516,8327,31595,39416,0,0,0,0,0,0,0,0,0,0,0,0,0,0
46.071578,8330,31597,39419,0,0,0,0,0,0,0,0,0,0,0,0,0,0
46.090303,8332,31602,39427,0,0,0,0,0,0,0,0,0,0,0,0,0,0
46.091315,8331,31606,39430,0,0,0,0,0,0,0,0,0,0,0,0,0,0
46.110719,8334,31608,39436,0,0,0,0,0,0,0,0,0,0,0,0,0,0
46.111725,8336,31608,39446,0,0,0,0,0,0,0,0,0,0,0,0,0,0
46.130035,8336,31611,39441,0,0,0,0,0,0,0,0,0,0,0,0,0,0
46.131145,8336,31611,39444,0,0,0,0,0,0,0,0,0,0,0,0,0,0
46.150029,8339,31612,39447,0,0,0,0,0,0,0,0,0,0,0,0,0,0
46.15204,8339,31615,39451,0,0,0,0,0,0,0,0,0,0,0,0,0,0
46.170364,8341,31613,39454,0,0,0,0,0,0,0,0,0,0,0,0,0,0
46.171386,8340,31617,39457,0,0,0,0,0,0,0,0,0,0,0,0,0,0
46.181997,8337,31613,39456,0,0,0,0,0,0,0,0,0,0,0,0,0,0
46.200429,8340,31610,39452,0,0,0,0,0,0,0,0,0,0,0,0,0,0
46.201442,8339,31608,39453,0,0,0,0,0,0,0,0,0,0,0,0,0,0
46.222185,8343,31611,39455,0,0,0,0,0,0,0,0,0,0,0,0,0,0
46.223285,8340,31608,39453,0,0,0,0,0,0,0,0,0,0,0,0,0,0
46.240333,8345,31608,39455,0,0,0,0,0,0,0,0,0,0,0,0,0,0
46.241348,8343,31609,39457,0,0,0,0,0,0,0,0,0,0,0,0,0,0
46.262033,8340,31613,39460,0,0,0,0,0,0,0,0,0,0,0,0,0,0
46.263042,8344,31613,39468,0,0,0,0,0,0,0,0,0,0,0,0,0,0
46.279972,8349,31618,39474,0,0,0,0,0,0,0,0,0,0,0,0,0,0
46.282004,8345,31617,39475,0,0,0,0,0,0,0,0,0,0,0,0,0,0
46.300336,8345,31616,39475,0,0,0,0,0,0,0,0,0,0,0,0,0,0
46.301353,8344,31612,39472,0,0,0,0,0,0,0,0,0,0,0,0,0,0
46.31988,8345,31610,39468,0,0,0,0,0,0,0,0,0,0,0,0,0,0
46.321892,8345,31607,39465,0,0,0,0,0,0,0,0,0,0,0,0,0,0
46.341785,8344,31605,39452,0,0,0,0,0,0,0,0,0,0,0,0,0,0
46.342795,8344,31603,39446,0,0,0,0,0,0,0,0,0,0,0,0,0,0
46.362245,8340,31603,39437,0,0,0,0,0,0,0,0,0,0,0,0,0,0
46.363286,8340,31606,39433,0,0,0,0,0,0,0,0,0,0,0,0,0,0
46.380366,8344,31599,39429,0,0,0,0,0,0,0,0,0,0,0,0,0,0
46.381384,8335,31602,39424,0,0,0,0,0,0,0,0,0,0,0,0,0,0
46.400839,8334,31599,39415,0,0,0,0,0,0,0,0,0,0,0,0,0,0
46.401848,8334,31598,39412,0,0,0,0,0,0,0,0,0,0,0,0,0,0
46.41207,8331,31599,39408,0,0,0,0,0,0,0,0,0,0,0,0,0,0
46.432392,8332,31597,39406,0,0,0,0,0,0,0,0,0,0,0,0,0,0
46.433405,8332,31595,39403,0,0,0,0,0,0,0,0,0,0,0,0,0,0
46.450043,8332,31600,39403,0,0,0,0,0,0,0,0,0,0,0,0,0,0
46.451148,8330,31603,39403,0,0,0,0,0,0,0,0,0,0,0,0,0,0
46.471754,8334,31599,39401,0,0,0,0,0,0,0,0,0,0,0,0,0,0
46.473788,8329,31600,39397,0,0,0,0,0,0,0,0,0,0,0,0,0,0
46.490795,8331,31599,39403,0,0,0,0,0,0,0,0,0,0,0,0,0,0
46.491899,8329,31597,39395,0,0,0,0,0,0,0,0,0,0,0,0,0,0
46.509985,8329,31596,39394,0,0,0,0,0,0,0,0,0,0,0,0,0,0
46.510998,8327,31597,39391,0,0,0,0,0,0,0,0,0,0,0,0,0,0
46.529392,8331,31592,39390,0,0,0,0,0,0,0,0,0,0,0,0,0,0
46.531442,8324,31591,39388,0,0,0,0,0,0,0,0,0,0,0,0,0,0
46.550013,8331,31593,39399,0,0,0,0,0,0,0,0,0,0,0,0,0,0
46.551127,8332,31600,39406,0,0,0,0,0,0,0,0,0,0,0,0,0,0
46.572523,8338,31598,39410,0,0,0,0,0,0,0,0,0,0,0,0,0,0
46.573562,8337,31608,39416,0,0,0,0,0,0,0,0,0,0,0,0,0,0
46.590728,8338,31600,39414,0,0,0,0,0,0,0,0,0,0,0,0,0,0
46.59187,8337,31607,39416,0,0,0,0,0,0,0,0,0,0,0,0,0,0
46.61032,8337,31602,39418,0,0,0,0,0,0,0,0,0,0,0,0,0,0
46.611334,8338,31602,39417,0,0,0,0,0,0,0,0,0,0,0,0,0,0
46.631306,8341,31604,39421,0,0,0,0,0,0,0,0,0,0,0,0,0,0
46.632416,8343,31603,39422,0,0,0,0,0,0,0,0,0,0,0,0,0,0
46.639761,8346,31605,39430,0,0,0,0,0,0,0,0,0,0,0,0,0,0
46.660032,8349,31615,39433,0,0,0,0,0,0,0,0,0,0,0,0,0,0
46.661148,8349,31611,39438,0,0,0,0,0,0,0,0,0,0,0,0,0,0
46.680389,8349,31617,39445,0,0,0,0,0,0,0,0,0,0,0,0,0,0
46.68141,8351,31613,39450,0,0,0,0,0,0,0,0,0,0,0,0,0,0
46.70032,8349,31623,39453,0,0,0,0,0,0,0,0,0,0,0,0,0,0
46.701436,8356,31623,39463,0,0,0,0,0,0,0,0,0,0,0,0,0,0
46.721241,8357,31626,39466,0,0,0,0,0,0,0,0,0,0,0,0,0,0
46.722304,8359,31629,39472,0,0,0,0,0,0,0,0,0,0,0,0,0,0
46.740285,8357,31628,39469,0,0,0,0,0,0,0,0,0,0,0,0,0,0
46.741297,8356,31627,39470,0,0,0,0,0,0,0,0,0,0,0,0,0,0
46.759593,8359,31628,39472,0,0,0,0,0,0,0,0,0,0,0,0,0,0
46.761637,8356,31628,39471,0,0,0,0,0,0,0,0,0,0,0,0,0,0
46.780716,8357,31627,39468,0,0,0,0,0,0,0,0,0,0,0,0,0,0
46.781826,8357,31625,39473,0,0,0,0,0,0,0,0,0,0,0,0,0,0
46.799595,8358,31626,39475,0,0,0,0,0,0,0,0,0,0,0,0,0,0
46.801626,8360,31625,39476,0,0,0,0,0,0,0,0,0,0,0,0,0,0
46.819921,8359,31627,39476,0,0,0,0,0,0,0,0,0,0,0,0,0,0
46.82206,8359,31629,39483,0,0,0,0,0,0,0,0,0,0,0,0,0,0
46.840058,8362,31631,39489,0,0,0,0,0,0,0,0,0,0,0,0,0,0
46.84213,8364,31636,39493,0,0,0,0,0,0,0,0,0,0,0,0,0,0
46.859617,8366,31637,39497,0,0,0,0,0,0,0,0,0,0,0,0,0,0
46.861666,8364,31635,39501,0,0,0,0,0,0,0,0,0,0,0,0,0,0
46.870873,8364,31635,39504,0,0,0,0,0,0,0,0,0,0,0,0,0,0
46.871901,8363,31636,39499,0,0,0,0,0,0,0,0,0,0,0,0,0,0
46.891901,8364,31632,39498,0,0,0,0,0,0,0,0,0,0,0,0,0,0
46.91029,8364,31631,39497,0,0,0,0,0,0,0,0,0,0,0,0,0,0
46.911302,8366,31628,39493,0,0,0,0,0,0,0,0,0,0,0,0,0,0
46.930875,8367,31632,39500,0,0,0,0,0,0,0,0,0,0,0,0,0,0
46.931946,8365,31629,39500,0,0,0,0,0,0,0,0,0,0,0,0,0,0
46.950968,8364,31633,39502,0,0,0,0,0,0,0,0,0,0,0,0,0,0
46.951992,8367,31633,39502,0,0,0,0,0,0,0,0,0,0,0,0,0,0
46.971751,8365,31635,39505,0,0,0,0,0,0,0,0,0,0,0,0,0,0
46.973836,8363,31625,39502,0,0,0,0,0,0,0,0,0,0,0,0,0,0
46.991834,8365,31633,39506,0,0,0,0,0,0,0,0,0,0,0,0,0,0
46.992843,8364,31629,39505,0,0,0,0,0,0,0,0,0,0,0,0,0,0
47.010277,8365,31632,39506,0,0,0,0,0,0,0,0,0,0,0,0,0,0
47.011299,8367,31626,39503,0,0,0,0,0,0,0,0,0,0,0,0,0,0
47.03132,8366,31632,39502,0,0,0,0,0,0,0,0,0,0,0,0,0,0
47.032967,8364,31623,39505,0,0,0,0,0,0,0,0,0,0,0,0,0,0
47.050351,8367,31628,39503,0,0,0,0,0,0,0,0,0,0,0,0,0,0
47.052424,8366,31622,39500,0,0,0,0,0,0,0,0,0,0,0,0,0,0
47.07122,8363,31622,39493,0,0,0,0,0,0,0,0,0,0,0,0,0,0
47.072768,8365,31619,39491,0,0,0,0,0,0,0,0,0,0,0,0,0,0
47.089529,8363,31617,39485,0,0,0,0,0,0,0,0,0,0,0,0,0,0
47.091547,8360,31610,39476,0,0,0,0,0,0,0,0,0,0,0,0,0,0
47.110062,8360,31613,39470,0,0,0,0,0,0,0,0,0,0,0,0,0,0
47.111068,8364,31617,39468,0,0,0,0,0,0,0,0,0,0,0,0,0,0
47.12033,8360,31618,39468,0,0,0,0,0,0,0,0,0,0,0,0,0,0
47.140316,8360,31622,39466,0,0,0,0,0,0,0,0,0,0,0,0,0,0
47.141353,8358,31623,39470,0,0,0,0,0,0,0,0,0,0,0,0,0,0
47.160047,8363,31627,39466,0,0,0,0,0,0,0,0,0,0,0,0,0,0
47.162112,8362,31628,39467,0,0,0,0,0,0,0,0,0,0,0,0,0,0
47.179869,8362,31627,39466,0,0,0,0,0,0,0,0,0,0,0,0,0,0
47.181899,8356,31625,39464,0,0,0,0,0,0,0,0,0,0,0,0,0,0
47.200222,8360,31623,39456,0,0,0,0,0,0,0,0,0,0,0,0,0,0
47.201322,8357,31622,39457,0,0,0,0,0,0,0,0,0,0,0,0,0,0
47.219342,8361,31620,39457,0,0,0,0,0,0,0,0,0,0,0,0,0,0
47.221406,8355,31625,39458,0,0,0,0,0,0,0,0,0,0,0,0,0,0
47.240648,8361,31624,39456,0,0,0,0,0,0,0,0,0,0,0,0,0,0
47.241663,8358,31625,39462,0,0,0,0,0,0,0,0,0,0,0,0,0,0
47.259622,8362,31627,39462,0,0,0,0,0,0,0,0,0,0,0,0,0,0
47.261666,8361,31630,39465,0,0,0,0,0,0,0,0,0,0,0,0,0,0
47.281211,8361,31628,39466,0,0,0,0,0,0,0,0,0,0,0,0,0,0
47.282317,8363,31629,39469,0,0,0,0,0,0,0,0,0,0,0,0,0,0
47.299625,8366,31631,39472,0,0,0,0,0,0,0,0,0,0,0,0,0,0
47.301668,8365,31633,39476,0,0,0,0,0,0,0,0,0,0,0,0,0,0
47.321048,8364,31636,39478,0,0,0,0,0,0,0,0,0,0,0,0,0,0
47.322072,8368,31643,39488,0,0,0,0,0,0,0,0,0,0,0,0,0,0
47.340546,8366,31640,39488,0,0,0,0,0,0,0,0,0,0,0,0,0,0
47.342572,8365,31640,39490,0,0,0,0,0,0,0,0,0,0,0,0,0,0
47.349719,8367,31643,39492,0,0,0,0,0,0,0,0,0,0,0,0,0,0
47.37139,8369,31637,39492,0,0,0,0,0,0,0,0,0,0,0,0,0,0
47.372396,8364,31636,39487,0,0,0,0,0,0,0,0,0,0,0,0,0,0
47.390254,8370,31636,39487,0,0,0,0,0,0,0,0,0,0,0,0,0,0
47.39126,8369,31640,39499,0,0,0,0,0,0,0,0,0,0,0,0,0,0
47.40947,8371,31644,39503,0,0,0,0,0,0,0,0,0,0,0,0,0,0
47.41148,8375,31646,39513,0,0,0,0,0,0,0,0,0,0,0,0,0,0
47.431044,8377,31656,39523,0,0,0,0,0,0,0,0,0,0,0,0,0,0
47.433575,8377,31659,39530,0,0,0,0,0,0,0,0,0,0,0,0,0,0
47.449753,8381,31664,39536,0,0,0,0,0,0,0,0,0,0,0,0,0,0
47.451806,8382,31660,39533,0,0,0,0,0,0,0,0,0,0,0,0,0,0
47.47033,8385,31659,39533,0,0,0,0,0,0,0,0,0,0,0,0,0,0
47.471343,8382,31655,39529,0,0,0,0,0,0,0,0,0,0,0,0,0,0
47.491287,8388,31654,39525,0,0,0,0,0,0,0,0,0,0,0,0,0,0
47.492308,8385,31648,39522,0,0,0,0,0,0,0,0,0,0,0,0,0,0
47.51086,8384,31655,39523,0,0,0,0,0,0,0,0,0,0,0,0,0,0
47.511885,8386,31656,39529,0,0,0,0,0,0,0,0,0,0,0,0,0,0
47.531483,8387,31662,39535,0,0,0,0,0,0,0,0,0,0,0,0,0,0
47.532993,8386,31663,39538,0,0,0,0,0,0,0,0,0,0,0,0,0,0
47.551511,8390,31663,39545,0,0,0,0,0,0,0,0,0,0,0,0,0,0
47.552538,8386,31663,39551,0,0,0,0,0,0,0,0,0,0,0,0,0,0
47.56929,8388,31668,39549,0,0,0,0,0,0,0,0,0,0,0,0,0,0
47.571514,8383,31663,39552,0,0,0,0,0,0,0,0,0,0,0,0,0,0
47.580327,8390,31664,39553,0,0,0,0,0,0,0,0,0,0,0,0,0,0
47.601998,8390,31664,39549,0,0,0,0,0,0,0,0,0,0,0,0,0,0
47.603027,8392,31663,39549,0,0,0,0,0,0,0,0,0,0,0,0,0,0
47.622075,8387,31662,39550,0,0,0,0,0,0,0,0,0,0,0,0,0,0
47.624129,8392,31663,39553,0,0,0,0,0,0,0,0,0,0,0,0,0,0
47.641072,8389,31663,39553,0,0,0,0,0,0,0,0,0,0,0,0,0,0
47.642095,8392,31663,39552,0,0,0,0,0,0,0,0,0,0,0,0,0,0
47.660299,8392,31662,39554,0,0,0,0,0,0,0,0,0,0,0,0,0,0
47.661303,8396,31662,39556,0,0,0,0,0,0,0,0,0,0,0,0,0,0
47.679532,8396,31662,39554,0,0,0,0,0,0,0,0,0,0,0,0,0,0
47.681611,8394,31661,39557,0,0,0,0,0,0,0,0,0,0,0,0,0,0
47.700062,8393,31662,39557,0,0,0,0,0,0,0,0,0,0,0,0,0,0
47.702078,8395,31665,39559,0,0,0,0,0,0,0,0,0,0,0,0,0,0
47.720978,8396,31665,39561,0,0,0,0,0,0,0,0,0,0,0,0,0,0
47.722003,8395,31663,39565,0,0,0,0,0,0,0,0,0,0,0,0,0,0
47.742103,8396,31664,39562,0,0,0,0,0,0,0,0,0,0,0,0,0,0
47.743169,8397,31666,39566,0,0,0,0,0,0,0,0,0,0,0,0,0,0
47.760242,8397,31660,39565,0,0,0,0,0,0,0,0,0,0,0,0,0,0
47.761251,8393,31661,39562,0,0,0,0,0,0,0,0,0,0,0,0,0,0
47.78128,8393,31656,39556,0,0,0,0,0,0,0,0,0,0,0,0,0,0
47.783345,8392,31647,39550,0,0,0,0,0,0,0,0,0,0,0,0,0,0
47.800193,8392,31648,39551,0,0,0,0,0,0,0,0,0,0,0,0,0,0
47.801209,8391,31648,39545,0,0,0,0,0,0,0,0,0,0,0,0,0,0
47.811453,8392,31650,39547,0,0,0,0,0,0,0,0,0,0,0,0,0,0
47.81246,8393,31646,39542,0,0,0,0,0,0,0,0,0,0,0,0,0,0
47.830069,8391,31645,39542,0,0,0,0,0,0,0,0,0,0,0,0,0,0
47.850224,8395,31650,39536,0,0,0,0,0,0,0,0,0,0,0,0,0,0
47.851285,8393,31647,39531,0,0,0,0,0,0,0,0,0,0,0,0,0,0
47.871706,8394,31650,39525,0,0,0,0,0,0,0,0,0,0,0,0,0,0
47.873736,8393,31648,39526,0,0,0,0,0,0,0,0,0,0,0,0,0,0
47.891355,8392,31648,39520,0,0,0,0,0,0,0,0,0,0,0,0,0,0
47.892453,8390,31652,39520,0,0,0,0,0,0,0,0,0,0,0,0,0,0
47.909579,8393,31652,39515,0,0,0,0,0,0,0,0,0,0,0,0,0,0
47.911624,8391,31651,39513,0,0,0,0,0,0,0,0,0,0,0,0,0,0
47.931223,8392,31651,39512,0,0,0,0,0,0,0,0,0,0,0,0,0,0
47.932252,8390,31649,39514,0,0,0,0,0,0,0,0,0,0,0,0,0,0
47.950235,8392,31651,39507,0,0,0,0,0,0,0,0,0,0,0,0,0,0
47.951242,8389,31647,39510,0,0,0,0,0,0,0,0,0,0,0,0,0,0
47.971592,8392,31645,39502,0,0,0,0,0,0,0,0,0,0,0,0,0,0
47.97374,8390,31647,39502,0,0,0,0,0,0,0,0,0,0,0,0,0,0
47.991904,8389,31643,39497,0,0,0,0,0,0,0,0,0,0,0,0,0,0
47.99301,8389,31645,39500,0,0,0,0,0,0,0,0,0,0,0,0,0,0
48.011149,8390,31648,39499,0,0,0,0,0,0,0,0,0,0,0,0,0,0
48.012156,8391,31646,39505,0,0,0,0,0,0,0,0,0,0,0,0,0,0
48.030041,8393,31643,39504,0,0,0,0,0,0,0,0,0,0,0,0,0,0
48.032085,8393,31648,39511,0,0,0,0,0,0,0,0,0,0,0,0,0,0
48.05043,8395,31646,39508,0,0,0,0,0,0,0,0,0,0,0,0,0,0
48.051533,8388,31645,39513,0,0,0,0,0,0,0,0,0,0,0,0,0,0
48.059769,8392,31649,39513,0,0,0,0,0,0,0,0,0,0,0,0,0,0
48.08098,8394,31649,39516,0,0,0,0,0,0,0,0,0,0,0,0,0,0
48.082094,8397,31648,39522,0,0,0,0,0,0,0,0,0,0,0,0,0,0
48.099661,8398,31652,39523,0,0,0,0,0,0,0,0,0,0,0,0,0,0
48.101674,8396,31648,39520,0,0,0,0,0,0,0,0,0,0,0,0,0,0
48.12204,8394,31648,39520,0,0,0,0,0,0,0,0,0,0,0,0,0,0
48.123152,8397,31650,39520,0,0,0,0,0,0,0,0,0,0,0,0,0,0
48.140213,8396,31645,39518,0,0,0,0,0,0,0,0,0,0,0,0,0,0
48.141237,8400,31646,39526,0,0,0,0,0,0,0,0,0,0,0,0,0,0
48.160929,8398,31652,39525,0,0,0,0,0,0,0,0,0,0,0,0,0,0
48.162005,8401,31655,39533,0,0,0,0,0,0,0,0,0,0,0,0,0,0
48.181861,8400,31657,39539,0,0,0,0,0,0,0,0,0,0,0,0,0,0
48.182889,8403,31659,39543,0,0,0,0,0,0,0,0,0,0,0,0,0,0
48.200366,8402,31661,39537,0,0,0,0,0,0,0,0,0,0,0,0,0,0
48.201382,8402,31658,39540,0,0,0,0,0,0,0,0,0,0,0,0,0,0
48.219958,8403,31656,39539,0,0,0,0,0,0,0,0,0,0,0,0,0,0
48.222024,8403,31654,39533,0,0,0,0,0,0,0,0,0,0,0,0,0,0
48.241362,8401,31649,39531,0,0,0,0,0,0,0,0,0,0,0,0,0,0
48.242372,8401,31648,39534,0,0,0,0,0,0,0,0,0,0,0,0,0,0
48.261567,8401,31647,39530,0,0,0,0,0,0,0,0,0,0,0,0,0,0
48.2626,8403,31649,39534,0,0,0,0,0,0,0,0,0,0,0,0,0,0
48.279948,8404,31649,39535,0,0,0,0,0,0,0,0,0,0,0,0,0,0
48.281962,8400,31651,39539,0,0,0,0,0,0,0,0,0,0,0,0,0,0
48.290139,8401,31649,39533,0,0,0,0,0,0,0,0,0,0,0,0,0,0
48.31037,8400,31646,39536,0,0,0,0,0,0,0,0,0,0,0,0,0,0
48.311375,8401,31648,39529,0,0,0,0,0,0,0,0,0,0,0,0,0,0
48.329661,8401,31651,39537,0,0,0,0,0,0,0,0,0,0,0,0,0,0
48.331749,8400,31649,39541,0,0,0,0,0,0,0,0,0,0,0,0,0,0
48.349654,8407,31654,39545,0,0,0,0,0,0,0,0,0,0,0,0,0,0
48.351686,8404,31654,39552,0,0,0,0,0,0,0,0,0,0,0,0,0,0
48.370309,8403,31654,39550,0,0,0,0,0,0,0,0,0,0,0,0,0,0
48.371315,8401,31650,39544,0,0,0,0,0,0,0,0,0,0,0,0,0,0
48.390351,8404,31651,39549,0,0,0,0,0,0,0,0,0,0,0,0,0,0
48.391462,8400,31645,39542,0,0,0,0,0,0,0,0,0,0,0,0,0,0
48.409847,8402,31641,39537,0,0,0,0,0,0,0,0,0,0,0,0,0,0
48.41191,8405,31646,39536,0,0,0,0,0,0,0,0,0,0,0,0,0,0
48.429526,8404,31639,39532,0,0,0,0,0,0,0,0,0,0,0,0,0,0
48.43257,8399,31643,39531,0,0,0,0,0,0,0,0,0,0,0,0,0,0
48.449682,8403,31637,39535,0,0,0,0,0,0,0,0,0,0,0,0,0,0
48.452718,8408,31646,39538,0,0,0,0,0,0,0,0,0,0,0,0,0,0
48.470618,8407,31639,39545,0,0,0,0,0,0,0,0,0,0,0,0,0,0
48.472682,8408,31651,39547,0,0,0,0,0,0,0,0,0,0,0,0,0,0
48.490623,8408,31640,39545,0,0,0,0,0,0,0,0,0,0,0,0,0,0
48.49264,8406,31645,39542,0,0,0,0,0,0,0,0,0,0,0,0,0,0
48.510266,8406,31638,39539,0,0,0,0,0,0,0,0,0,0,0,0,0,0
48.511292,8405,31630,39534,0,0,0,0,0,0,0,0,0,0,0,0,0,0
48.521963,8402,31627,39527,0,0,0,0,0,0,0,0,0,0,0,0,0,0
48.540318,8402,31624,39518,0,0,0,0,0,0,0,0,0,0,0,0,0,0
48.541343,8402,31619,39508,0,0,0,0,0,0,0,0,0,0,0,0,0,0
48.560073,8403,31621,39502,0,0,0,0,0,0,0,0,0,0,0,0,0,0
48.562152,8400,31619,39499,0,0,0,0,0,0,0,0,0,0,0,0,0,0
48.58038,8402,31621,39491,0,0,0,0,0,0,0,0,0,0,0,0,0,0
48.581387,8403,31622,39492,0,0,0,0,0,0,0,0,0,0,0,0,0,0
48.599854,8401,31619,39488,0,0,0,0,0,0,0,0,0,0,0,0,0,0
48.601918,8398,31620,39481,0,0,0,0,0,0,0,0,0,0,0,0,0,0
48.621477,8397,31615,39480,0,0,0,0,0,0,0,0,0,0,0,0,0,0
48.622498,8396,31619,39476,0,0,0,0,0,0,0,0,0,0,0,0,0,0
48.640692,8394,31620,39473,0,0,0,0,0,0,0,0,0,0,0,0,0,0
48.64175,8390,31616,39466,0,0,0,0,0,0,0,0,0,0,0,0,0,0
48.662066,8390,31613,39458,0,0,0,0,0,0,0,0,0,0,0,0,0,0
48.663105,8392,31615,39462,0,0,0,0,0,0,0,0,0,0,0,0,0,0
48.681383,8387,31614,39461,0,0,0,0,0,0,0,0,0,0,0,0,0,0
48.683424,8390,31614,39461,0,0,0,0,0,0,0,0,0,0,0,0,0,0
48.700163,8386,31612,39456,0,0,0,0,0,0,0,0,0,0,0,0,0,0
48.701194,8388,31614,39452,0,0,0,0,0,0,0,0,0,0,0,0,0,0
48.722102,8389,31606,39450,0,0,0,0,0,0,0,0,0,0,0,0,0,0
48.724149,8389,31608,39448,0,0,0,0,0,0,0,0,0,0,0,0,0,0
48.739882,8386,31603,39445,0,0,0,0,0,0,0,0,0,0,0,0,0,0
48.742132,8389,31608,39448,0,0,0,0,0,0,0,0,0,0,0,0,0,0
48.750845,8386,31603,39447,0,0,0,0,0,0,0,0,0,0,0,0,0,0
48.751858,8390,31607,39452,0,0,0,0,0,0,0,0,0,0,0,0,0,0
48.770833,8387,31605,39451,0,0,0,0,0,0,0,0,0,0,0,0,0,0
48.790334,8387,31610,39452,0,0,0,0,0,0,0,0,0,0,0,0,0,0
48.792349,8388,31603,39452,0,0,0,0,0,0,0,0,0,0,0,0,0,0
48.809507,0,0,0,0,0,0,0,0,0,0,0,0,0,0,0,0,0
48.81154,8389,31608,39452,0,0,0,0,0,0,0,0,0,0,0,0,0,0
48.831923,8387,31605,39457,0,0,0,0,0,0,0,0,0,0,0,0,0,0
48.833986,8388,31603,39455,0,0,0,0,0,0,0,0,0,0,0,0,0,0
48.850734,8390,31601,39457,0,0,0,0,0,0,0,0,0,0,0,0,0,0
48.85176,8389,31606,39455,0,0,0,0,0,0,0,0,0,0,0,0,0,0
48.871487,8393,31607,39459,0,0,0,0,0,0,0,0,0,0,0,0,0,0
48.872493,8389,31604,39460,0,0,0,0,0,0,0,0,0,0,0,0,0,0
48.890347,8393,31605,39461,0,0,0,0,0,0,0,0,0,0,0,0,0,0
48.891359,8392,31608,39462,0,0,0,0,0,0,0,0,0,0,0,0,0,0
48.909453,8392,31610,39466,0,0,0,0,0,0,0,0,0,0,0,0,0,0
48.911485,8395,31614,39474,0,0,0,0,0,0,0,0,0,0,0,0,0,0
48.930891,8394,31619,39478,0,0,0,0,0,0,0,0,0,0,0,0,0,0
48.931898,8396,31621,39485,0,0,0,0,0,0,0,0,0,0,0,0,0,0
48.94985,8400,31621,39486,0,0,0,0,0,0,0,0,0,0,0,0,0,0
48.951963,8397,31623,39489,0,0,0,0,0,0,0,0,0,0,0,0,0,0
48.970473,8401,31620,39487,0,0,0,0,0,0,0,0,0,0,0,0,0,0
48.971486,8402,31621,39484,0,0,0,0,0,0,0,0,0,0,0,0,0,0
48.990609,8397,31618,39480,0,0,0,0,0,0,0,0,0,0,0,0,0,0
48.991642,8399,31618,39483,0,0,0,0,0,0,0,0,0,0,0,0,0,0
49.001876,8402,31620,39484,0,0,0,0,0,0,0,0,0,0,0,0,0,0
49.020832,8397,31617,39485,0,0,0,0,0,0,0,0,0,0,0,0,0,0
49.021856,8401,31622,39489,0,0,0,0,0,0,0,0,0,0,0,0,0,0
49.04027,8399,31621,39492,0,0,0,0,0,0,0,0,0,0,0,0,0,0
49.041286,8404,31622,39496,0,0,0,0,0,0,0,0,0,0,0,0,0,0
49.059739,8402,31620,39494,0,0,0,0,0,0,0,0,0,0,0,0,0,0
49.061781,8401,31616,39495,0,0,0,0,0,0,0,0,0,0,0,0,0,0
49.080814,8402,31618,39493,0,0,0,0,0,0,0,0,0,0,0,0,0,0
49.081837,8403,31616,39489,0,0,0,0,0,0,0,0,0,0,0,0,0,0
49.100768,8403,31622,39494,0,0,0,0,0,0,0,0,0,0,0,0,0,0
49.101875,8404,31621,39497,0,0,0,0,0,0,0,0,0,0,0,0,0,0
49.119568,8403,31620,39503,0,0,0,0,0,0,0,0,0,0,0,0,0,0
49.12159,8403,31621,39503,0,0,0,0,0,0,0,0,0,0,0,0,0,0
49.140297,8405,31618,39503,0,0,0,0,0,0,0,0,0,0,0,0,0,0
49.141329,8401,31621,39500,0,0,0,0,0,0,0,0,0,0,0,0,0,0
49.160024,8402,31616,39497,0,0,0,0,0,0,0,0,0,0,0,0,0,0
49.161142,8403,31612,39498,0,0,0,0,0,0,0,0,0,0,0,0,0,0
49.180412,8403,31613,39494,0,0,0,0,0,0,0,0,0,0,0,0,0,0
49.18151,8396,31618,39502,0,0,0,0,0,0,0,0,0,0,0,0,0,0
49.199879,8402,31619,39509,0,0,0,0,0,0,0,0,0,0,0,0,0,0
49.201909,8401,31623,39517,0,0,0,0,0,0,0,0,0,0,0,0,0,0
49.221271,8404,31625,39520,0,0,0,0,0,0,0,0,0,0,0,0,0,0
49.222282,8404,31624,39524,0,0,0,0,0,0,0,0,0,0,0,0,0,0
49.231583,8405,31624,39522,0,0,0,0,0,0,0,0,0,0,0,0,0,0
49.249593,8406,31620,39521,0,0,0,0,0,0,0,0,0,0,0,0,0,0
49.251623,8407,31622,39521,0,0,0,0,0,0,0,0,0,0,0,0,0,0
49.271975,8402,31621,39519,0,0,0,0,0,0,0,0,0,0,0,0,0,0
49.274012,8409,31621,39527,0,0,0,0,0,0,0,0,0,0,0,0,0,0
49.290784,8405,31623,39520,0,0,0,0,0,0,0,0,0,0,0,0,0,0
49.291851,8407,31619,39519,0,0,0,0,0,0,0,0,0,0,0,0,0,0
49.312238,8399,31615,39511,0,0,0,0,0,0,0,0,0,0,0,0,0,0
49.313264,8405,31613,39501,0,0,0,0,0,0,0,0,0,0,0,0,0,0
49.330585,8405,31609,39492,0,0,0,0,0,0,0,0,0,0,0,0,0,0
49.3316,8403,31607,39487,0,0,0,0,0,0,0,0,0,0,0,0,0,0
49.35042,8401,31613,39479,0,0,0,0,0,0,0,0,0,0,0,0,0,0
49.351432,8402,31612,39481,0,0,0,0,0,0,0,0,0,0,0,0,0,0
49.371683,8401,31614,39482,0,0,0,0,0,0,0,0,0,0,0,0,0,0
49.372689,8402,31621,39483,0,0,0,0,0,0,0,0,0,0,0,0,0,0
49.390406,8401,31617,39484,0,0,0,0,0,0,0,0,0,0,0,0,0,0
49.392435,8400,31620,39484,0,0,0,0,0,0,0,0,0,0,0,0,0,0
49.409778,8403,31619,39479,0,0,0,0,0,0,0,0,0,0,0,0,0,0
49.411817,8401,31620,39478,0,0,0,0,0,0,0,0,0,0,0,0,0,0
49.431231,8396,31616,39472,0,0,0,0,0,0,0,0,0,0,0,0,0,0
49.433264,8400,31616,39470,0,0,0,0,0,0,0,0,0,0,0,0,0,0
49.450154,8395,31612,39467,0,0,0,0,0,0,0,0,0,0,0,0,0,0
49.451183,8396,31613,39466,0,0,0,0,0,0,0,0,0,0,0,0,0,0
49.460404,8396,31612,39465,0,0,0,0,0,0,0,0,0,0,0,0,0,0
49.48025,8395,31611,39464,0,0,0,0,0,0,0,0,0,0,0,0,0,0
49.481265,8396,31615,39467,0,0,0,0,0,0,0,0,0,0,0,0,0,0
49.50174,8399,31611,39466,0,0,0,0,0,0,0,0,0,0,0,0,0,0
49.502754,8400,31616,39469,0,0,0,0,0,0,0,0,0,0,0,0,0,0
49.521847,8400,31616,39470,0,0,0,0,0,0,0,0,0,0,0,0,0,0
49.522854,8400,31618,39480,0,0,0,0,0,0,0,0,0,0,0,0,0,0
49.540626,8398,31621,39481,0,0,0,0,0,0,0,0,0,0,0,0,0,0
49.541647,8404,31618,39482,0,0,0,0,0,0,0,0,0,0,0,0,0,0
49.561576,8403,31615,39480,0,0,0,0,0,0,0,0,0,0,0,0,0,0
49.562585,8402,31615,39478,0,0,0,0,0,0,0,0,0,0,0,0,0,0
49.580918,8402,31613,39479,0,0,0,0,0,0,0,0,0,0,0,0,0,0
49.581923,8401,31611,39481,0,0,0,0,0,0,0,0,0,0,0,0,0,0
49.600202,8407,31614,39484,0,0,0,0,0,0,0,0,0,0,0,0,0,0
49.601216,8405,31615,39490,0,0,0,0,0,0,0,0,0,0,0,0,0,0
49.621834,8408,31621,39496,0,0,0,0,0,0,0,0,0,0,0,0,0,0
49.622847,8409,31620,39497,0,0,0,0,0,0,0,0,0,0,0,0,0,0
49.640225,8410,31624,39506,0,0,0,0,0,0,0,0,0,0,0,0,0,0
49.641736,8413,31630,39510,0,0,0,0,0,0,0,0,0,0,0,0,0,0
49.662235,8416,31634,39525,0,0,0,0,0,0,0,0,0,0,0,0,0,0
49.663251,8414,31639,39531,0,0,0,0,0,0,0,0,0,0,0,0,0,0
49.680079,8418,31640,39537,0,0,0,0,0,0,0,0,0,0,0,0,0,0
49.681089,8420,31644,39534,0,0,0,0,0,0,0,0,0,0,0,0,0,0
49.690235,8420,31642,39538,0,0,0,0,0,0,0,0,0,0,0,0,0,0
49.691292,8422,31642,39530,0,0,0,0,0,0,0,0,0,0,0,0,0,0
49.710463,8422,31638,39531,0,0,0,0,0,0,0,0,0,0,0,0,0,0
49.732103,8420,31638,39528,0,0,0,0,0,0,0,0,0,0,0,0,0,0
49.733131,8419,31640,39538,0,0,0,0,0,0,0,0,0,0,0,0,0,0
49.751142,8420,31646,39539,0,0,0,0,0,0,0,0,0,0,0,0,0,0
49.752171,8424,31650,39552,0,0,0,0,0,0,0,0,0,0,0,0,0,0
49.769691,8422,31654,39552,0,0,0,0,0,0,0,0,0,0,0,0,0,0
49.771722,8423,31654,39560,0,0,0,0,0,0,0,0,0,0,0,0,0,0
49.790292,8424,31655,39560,0,0,0,0,0,0,0,0,0,0,0,0,0,0
49.791305,8427,31654,39555,0,0,0,0,0,0,0,0,0,0,0,0,0,0
49.80974,8426,31651,39553,0,0,0,0,0,0,0,0,0,0,0,0,0,0
49.811769,8425,31648,39553,0,0,0,0,0,0,0,0,0,0,0,0,0,0
49.830466,8426,31651,39551,0,0,0,0,0,0,0,0,0,0,0,0,0,0
49.831496,8424,31649,39551,0,0,0,0,0,0,0,0,0,0,0,0,0,0
49.849673,8427,31650,39558,0,0,0,0,0,0,0,0,0,0,0,0,0,0
49.851725,8428,31653,39566,0,0,0,0,0,0,0,0,0,0,0,0,0,0
49.87208,8429,31655,39571,0,0,0,0,0,0,0,0,0,0,0,0,0,0
49.873096,8431,31657,39571,0,0,0,0,0,0,0,0,0,0,0,0,0,0
49.890033,8432,31656,39569,0,0,0,0,0,0,0,0,0,0,0,0,0,0
49.891043,8434,31649,39561,0,0,0,0,0,0,0,0,0,0,0,0,0,0
49.909545,8428,31642,39550,0,0,0,0,0,0,0,0,0,0,0,0,0,0
49.912589,8425,31635,39541,0,0,0,0,0,0,0,0,0,0,0,0,0,0
49.930951,8420,31625,39519,0,0,0,0,0,0,0,0,0,0,0,0,0,0
49.931966,8420,31614,39504,0,0,0,0,0,0,0,0,0,0,0,0,0,0
49.940137,8417,31610,39508,0,0,0,0,0,0,0,0,0,0,0,0,0,0
49.959939,8416,31610,39500,0,0,0,0,0,0,0,0,0,0,0,0,0,0
49.961965,8415,31608,39500,0,0,0,0,0,0,0,0,0,0,0,0,0,0
49.98102,8413,31606,39488,0,0,0,0,0,0,0,0,0,0,0,0,0,0
49.983054,8413,31600,39484,0,0,0,0,0,0,0,0,0,0,0,0,0,0
50.000546,8408,31593,39480,0,0,0,0,0,0,0,0,0,0,0,0,0,0
50.001553,8409,31594,39471,0,0,0,0,0,0,0,0,0,0,0,0,0,0
50.021868,8406,31586,39466,0,0,0,0,0,0,0,0,0,0,0,0,0,0
50.022891,8406,31585,39457,0,0,0,0,0,0,0,0,0,0,0,0,0,0
50.04021,8405,31581,39445,0,0,0,0,0,0,0,0,0,0,0,0,0,0
50.041243,8402,31579,39449,0,0,0,0,0,0,0,0,0,0,0,0,0,0
50.061314,8401,31579,39443,0,0,0,0,0,0,0,0,0,0,0,0,0,0
50.062322,8403,31583,39445,0,0,0,0,0,0,0,0,0,0,0,0,0,0
50.080317,8397,31588,39445,0,0,0,0,0,0,0,0,0,0,0,0,0,0
50.08133,8399,31583,39437,0,0,0,0,0,0,0,0,0,0,0,0,0,0
50.099717,8397,31588,39432,0,0,0,0,0,0,0,0,0,0,0,0,0,0
50.10175,8398,31586,39434,0,0,0,0,0,0,0,0,0,0,0,0,0,0
50.12031,8397,31589,39438,0,0,0,0,0,0,0,0,0,0,0,0,0,0
50.121332,8393,31589,39430,0,0,0,0,0,0,0,0,0,0,0,0,0,0
50.142462,8393,31582,39427,0,0,0,0,0,0,0,0,0,0,0,0,0,0
50.143498,8390,31579,39423,0,0,0,0,0,0,0,0,0,0,0,0,0,0
50.160268,8389,31577,39413,0,0,0,0,0,0,0,0,0,0,0,0,0,0
50.161293,8391,31570,39411,0,0,0,0,0,0,0,0,0,0,0,0,0,0
50.180822,8388,31574,39411,0,0,0,0,0,0,0,0,0,0,0,0,0,0
50.181931,8388,31575,39416,0,0,0,0,0,0,0,0,0,0,0,0,0,0
50.201499,8392,31579,39425,0,0,0,0,0,0,0,0,0,0,0,0,0,0
50.202518,8395,31584,39435,0,0,0,0,0,0,0,0,0,0,0,0,0,0
50.21997,8399,31590,39444,0,0,0,0,0,0,0,0,0,0,0,0,0,0
50.222006,8402,31587,39447,0,0,0,0,0,0,0,0,0,0,0,0,0,0
50.240294,8403,31592,39448,0,0,0,0,0,0,0,0,0,0,0,0,0,0
50.241306,8402,31584,39449,0,0,0,0,0,0,0,0,0,0,0,0,0,0
50.250314,8402,31588,39445,0,0,0,0,0,0,0,0,0,0,0,0,0,0
50.271908,8400,31580,39443,0,0,0,0,0,0,0,0,0,0,0,0,0,0
50.272923,8404,31582,39442,0,0,0,0,0,0,0,0,0,0,0,0,0,0
50.290932,8403,31584,39446,0,0,0,0,0,0,0,0,0,0,0,0,0,0
50.292036,8405,31588,39448,0,0,0,0,0,0,0,0,0,0,0,0,0,0
50.309672,8407,31583,39451,0,0,0,0,0,0,0,0,0,0,0,0,0,0
50.31269,8405,31588,39451,0,0,0,0,0,0,0,0,0,0,0,0,0,0
50.330918,8407,31584,39451,0,0,0,0,0,0,0,0,0,0,0,0,0,0
50.331933,8404,31582,39448,0,0,0,0,0,0,0,0,0,0,0,0,0,0
50.349433,8406,31584,39448,0,0,0,0,0,0,0,0,0,0,0,0,0,0
50.351539,8408,31583,39453,0,0,0,0,0,0,0,0,0,0,0,0,0,0
50.370333,8406,31591,39460,0,0,0,0,0,0,0,0,0,0,0,0,0,0
50.372358,8409,31596,39462,0,0,0,0,0,0,0,0,0,0,0,0,0,0
50.391932,8409,31596,39468,0,0,0,0,0,0,0,0,0,0,0,0,0,0
50.392973,8412,31591,39468,0,0,0,0,0,0,0,0,0,0,0,0,0,0
50.409394,8408,31591,39464,0,0,0,0,0,0,0,0,0,0,0,0,0,0
50.411416,8409,31589,39457,0,0,0,0,0,0,0,0,0,0,0,0,0,0
50.430873,8407,31587,39454,0,0,0,0,0,0,0,0,0,0,0,0,0,0
50.431927,8408,31587,39453,0,0,0,0,0,0,0,0,0,0,0,0,0,0
50.450912,8405,31587,39455,0,0,0,0,0,0,0,0,0,0,0,0,0,0
50.451917,8406,31591,39464,0,0,0,0,0,0,0,0,0,0,0,0,0,0
50.472257,8406,31595,39466,0,0,0,0,0,0,0,0,0,0,0,0,0,0
50.473269,8407,31593,39468,0,0,0,0,0,0,0,0,0,0,0,0,0,0
50.481874,8409,31593,39471,0,0,0,0,0,0,0,0,0,0,0,0,0,0
50.50026,8412,31594,39477,0,0,0,0,0,0,0,0,0,0,0,0,0,0
50.501364,8412,31592,39472,0,0,0,0,0,0,0,0,0,0,0,0,0,0
50.520826,8411,31588,39470,0,0,0,0,0,0,0,0,0,0,0,0,0,0
50.521894,8408,31588,39463,0,0,0,0,0,0,0,0,0,0,0,0,0,0
50.540428,8408,31584,39459,0,0,0,0,0,0,0,0,0,0,0,0,0,0
50.541443,8407,31576,39454,0,0,0,0,0,0,0,0,0,0,0,0,0,0
50.559467,8405,31570,39450,0,0,0,0,0,0,0,0,0,0,0,0,0,0
50.561507,8403,31571,39445,0,0,0,0,0,0,0,0,0,0,0,0,0,0
50.581335,8406,31570,39442,0,0,0,0,0,0,0,0,0,0,0,0,0,0
50.582348,8405,31569,39445,0,0,0,0,0,0,0,0,0,0,0,0,0,0
50.600675,8406,31571,39441,0,0,0,0,0,0,0,0,0,0,0,0,0,0
50.601683,8406,31570,39438,0,0,0,0,0,0,0,0,0,0,0,0,0,0
50.620343,8405,31566,39441,0,0,0,0,0,0,0,0,0,0,0,0,0,0
50.621354,8403,31563,39434,0,0,0,0,0,0,0,0,0,0,0,0,0,0
50.640187,8402,31556,39431,0,0,0,0,0,0,0,0,0,0,0,0,0,0
50.6413,8401,31554,39421,0,0,0,0,0,0,0,0,0,0,0,0,0,0
50.659555,8403,31545,39413,0,0,0,0,0,0,0,0,0,0,0,0,0,0
50.661608,8398,31537,39398,0,0,0,0,0,0,0,0,0,0,0,0,0,0
50.680686,8396,31528,39386,0,0,0,0,0,0,0,0,0,0,0,0,0,0
50.681721,8390,31521,39370,0,0,0,0,0,0,0,0,0,0,0,0,0,0
50.700375,8389,31514,39355,0,0,0,0,0,0,0,0,0,0,0,0,0,0
50.702441,8380,31505,39345,0,0,0,0,0,0,0,0,0,0,0,0,0,0
50.721777,8383,31497,39328,0,0,0,0,0,0,0,0,0,0,0,0,0,0
50.723855,8372,31492,39308,0,0,0,0,0,0,0,0,0,0,0,0,0,0
50.741174,8373,31480,39298,0,0,0,0,0,0,0,0,0,0,0,0,0,0
50.742187,8368,31475,39283,0,0,0,0,0,0,0,0,0,0,0,0,0,0
50.76019,8364,31471,39265,0,0,0,0,0,0,0,0,0,0,0,0,0,0
50.761228,8354,31461,39250,0,0,0,0,0,0,0,0,0,0,0,0,0,0
50.771623,8348,31454,39228,0,0,0,0,0,0,0,0,0,0,0,0,0,0
50.790486,8334,31450,39209,0,0,0,0,0,0,0,0,0,0,0,0,0,0
50.792531,8315,31437,39185,0,0,0,0,0,0,0,0,0,0,0,0,0,0
50.810044,8306,31429,39159,0,0,0,0,0,0,0,0,0,0,0,0,0,0
50.811081,8291,31415,39133,0,0,0,0,0,0,0,0,0,0,0,0,0,0
50.830479,8282,31403,39104,0,0,0,0,0,0,0,0,0,0,0,0,0,0
50.831643,8269,31390,39075,0,0,0,0,0,0,0,0,0,0,0,0,0,0
50.849665,8258,31379,39049,0,0,0,0,0,0,0,0,0,0,0,0,0,0
50.851689,8248,31372,39031,0,0,0,0,0,0,0,0,0,0,0,0,0,0
50.870421,8239,31370,39026,0,0,0,0,0,0,0,0,0,0,0,0,0,0
50.871551,8235,31372,39022,0,0,0,0,0,0,0,0,0,0,0,0,0,0
50.889758,8232,31373,39034,0,0,0,0,0,0,0,0,0,0,0,0,0,0
50.891794,8235,31382,39052,0,0,0,0,0,0,0,0,0,0,0,0,0,0
50.910343,8238,31392,39066,0,0,0,0,0,0,0,0,0,0,0,0,0,0
50.911349,8241,31394,39081,0,0,0,0,0,0,0,0,0,0,0,0,0,0
50.931551,8242,31401,39100,0,0,0,0,0,0,0,0,0,0,0,0,0,0
50.932556,8244,31401,39103,0,0,0,0,0,0,0,0,0,0,0,0,0,0
50.950319,8244,31402,39099,0,0,0,0,0,0,0,0,0,0,0,0,0,0
50.952335,8238,31398,39095,0,0,0,0,0,0,0,0,0,0,0,0,0,0
50.969569,8242,31398,39099,0,0,0,0,0,0,0,0,0,0,0,0,0,0
50.971645,8244,31403,39107,0,0,0,0,0,0,0,0,0,0,0,0,0,0
50.990518,8247,31408,39118,0,0,0,0,0,0,0,0,0,0,0,0,0,0
50.991525,8246,31409,39128,0,0,0,0,0,0,0,0,0,0,0,0,0,0
50.999722,8251,31411,39137,0,0,0,0,0,0,0,0,0,0,0,0,0,0
51.020234,8253,31415,39146,0,0,0,0,0,0,0,0,0,0,0,0,0,0
51.021245,8253,31419,39150,0,0,0,0,0,0,0,0,0,0,0,0,0,0
51.040687,8254,31418,39145,0,0,0,0,0,0,0,0,0,0,0,0,0,0
51.042733,8250,31421,39149,0,0,0,0,0,0,0,0,0,0,0,0,0,0
51.060516,8256,31415,39151,0,0,0,0,0,0,0,0,0,0,0,0,0,0
51.061593,8253,31416,39152,0,0,0,0,0,0,0,0,0,0,0,0,0,0
51.081714,8251,31413,39150,0,0,0,0,0,0,0,0,0,0,0,0,0,0
51.082735,8250,31412,39149,0,0,0,0,0,0,0,0,0,0,0,0,0,0
51.100094,8250,31416,39153,0,0,0,0,0,0,0,0,0,0,0,0,0,0
51.101106,8251,31415,39153,0,0,0,0,0,0,0,0,0,0,0,0,0,0
51.120538,8251,31416,39154,0,0,0,0,0,0,0,0,0,0,0,0,0,0
51.12156,8250,31412,39150,0,0,0,0,0,0,0,0,0,0,0,0,0,0
51.140738,8248,31416,39153,0,0,0,0,0,0,0,0,0,0,0,0,0,0
51.141751,8252,31414,39157,0,0,0,0,0,0,0,0,0,0,0,0,0,0
51.160052,8252,31416,39161,0,0,0,0,0,0,0,0,0,0,0,0,0,0
51.161076,8257,31418,39163,0,0,0,0,0,0,0,0,0,0,0,0,0,0
51.182278,8252,31416,39168,0,0,0,0,0,0,0,0,0,0,0,0,0,0
51.183306,8256,31420,39174,0,0,0,0,0,0,0,0,0,0,0,0,0,0
51.200913,8260,31426,39184,0,0,0,0,0,0,0,0,0,0,0,0,0,0
51.20301,8263,31432,39201,0,0,0,0,0,0,0,0,0,0,0,0,0,0
51.221286,8272,31436,39215,0,0,0,0,0,0,0,0,0,0,0,0,0,0
51.223318,8275,31441,39224,0,0,0,0,0,0,0,0,0,0,0,0,0,0
51.23143,8283,31450,39238,0,0,0,0,0,0,0,0,0,0,0,0,0,0
51.250555,8288,31457,39246,0,0,0,0,0,0,0,0,0,0,0,0,0,0
51.25166,8294,31462,39251,0,0,0,0,0,0,0,0,0,0,0,0,0,0
51.272031,8294,31461,39255,0,0,0,0,0,0,0,0,0,0,0,0,0,0
51.274122,8300,31464,39258,0,0,0,0,0,0,0,0,0,0,0,0,0,0
51.281082,8301,31466,39263,0,0,0,0,0,0,0,0,0,0,0,0,0,0
51.301569,8306,31464,39262,0,0,0,0,0,0,0,0,0,0,0,0,0,0
51.302584,8305,31459,39259,0,0,0,0,0,0,0,0,0,0,0,0,0,0
51.320331,8302,31453,39247,0,0,0,0,0,0,0,0,0,0,0,0,0,0
51.321354,8299,31443,39230,0,0,0,0,0,0,0,0,0,0,0,0,0,0
51.341915,8292,31434,39215,0,0,0,0,0,0,0,0,0,0,0,0,0,0
51.342929,8288,31429,39198,0,0,0,0,0,0,0,0,0,0,0,0,0,0
51.359982,8282,31413,39181,0,0,0,0,0,0,0,0,0,0,0,0,0,0
51.362015,8275,31408,39164,0,0,0,0,0,0,0,0,0,0,0,0,0,0
51.382031,8270,31401,39156,0,0,0,0,0,0,0,0,0,0,0,0,0,0
51.383047,8265,31390,39139,0,0,0,0,0,0,0,0,0,0,0,0,0,0
51.390294,8256,31385,39121,0,0,0,0,0,0,0,0,0,0,0,0,0,0
51.409734,8250,31368,39093,0,0,0,0,0,0,0,0,0,0,0,0,0,0
51.411756,8233,31356,39069,0,0,0,0,0,0,0,0,0,0,0,0,0,0
51.432101,8227,31342,39032,0,0,0,0,0,0,0,0,0,0,0,0,0,0
51.433115,8214,31333,38999,0,0,0,0,0,0,0,0,0,0,0,0,0,0
51.450992,8199,31321,38970,0,0,0,0,0,0,0,0,0,0,0,0,0,0
51.452023,8189,31307,38952,0,0,0,0,0,0,0,0,0,0,0,0,0,0
51.470459,8181,31299,38923,0,0,0,0,0,0,0,0,0,0,0,0,0,0
51.471485,8171,31288,38896,0,0,0,0,0,0,0,0,0,0,0,0,0,0
51.490333,8161,31274,38881,0,0,0,0,0,0,0,0,0,0,0,0,0,0
51.491345,8156,31265,38864,0,0,0,0,0,0,0,0,0,0,0,0,0,0
51.499496,8147,31256,38846,0,0,0,0,0,0,0,0,0,0,0,0,0,0
51.521901,8138,31248,38839,0,0,0,0,0,0,0,0,0,0,0,0,0,0
51.522918,8129,31242,38826,0,0,0,0,0,0,0,0,0,0,0,0,0,0
51.540419,8124,31240,38821,0,0,0,0,0,0,0,0,0,0,0,0,0,0
51.541466,8123,31238,38827,0,0,0,0,0,0,0,0,0,0,0,0,0,0
51.550155,8121,31238,38826,0,0,0,0,0,0,0,0,0,0,0,0,0,0
51.570424,8117,31241,38834,0,0,0,0,0,0,0,0,0,0,0,0,0,0
51.571433,8117,31242,38836,0,0,0,0,0,0,0,0,0,0,0,0,0,0
51.591334,8118,31246,38839,0,0,0,0,0,0,0,0,0,0,0,0,0,0
51.592342,8110,31244,38835,0,0,0,0,0,0,0,0,0,0,0,0,0,0
51.609658,8110,31243,38834,0,0,0,0,0,0,0,0,0,0,0,0,0,0
51.612676,8103,31240,38820,0,0,0,0,0,0,0,0,0,0,0,0,0,0
51.63095,8096,31230,38805,0,0,0,0,0,0,0,0,0,0,0,0,0,0
51.631959,8086,31220,38785,0,0,0,0,0,0,0,0,0,0,0,0,0,0
51.650416,8082,31214,38776,0,0,0,0,0,0,0,0,0,0,0,0,0,0
51.651462,8078,31216,38772,0,0,0,0,0,0,0,0,0,0,0,0,0,0
51.671721,8077,31220,38790,0,0,0,0,0,0,0,0,0,0,0,0,0,0
51.673751,8074,31225,38795,0,0,0,0,0,0,0,0,0,0,0,0,0,0
51.690445,8075,31233,38807,0,0,0,0,0,0,0,0,0,0,0,0,0,0
51.691454,8073,31232,38810,0,0,0,0,0,0,0,0,0,0,0,0,0,0
51.699656,8071,31232,38805,0,0,0,0,0,0,0,0,0,0,0,0,0,0
51.722155,8069,31228,38794,0,0,0,0,0,0,0,0,0,0,0,0,0,0
51.724217,8059,31221,38789,0,0,0,0,0,0,0,0,0,0,0,0,0,0
51.740466,8055,31212,38768,0,0,0,0,0,0,0,0,0,0,0,0,0,0
51.741509,8051,31203,38757,0,0,0,0,0,0,0,0,0,0,0,0,0,0
51.759529,8046,31198,38745,0,0,0,0,0,0,0,0,0,0,0,0,0,0
51.761577,8039,31194,38740,0,0,0,0,0,0,0,0,0,0,0,0,0,0
51.779614,8033,31189,38734,0,0,0,0,0,0,0,0,0,0,0,0,0,0
51.781659,8034,31192,38743,0,0,0,0,0,0,0,0,0,0,0,0,0,0
51.801234,8033,31196,38748,0,0,0,0,0,0,0,0,0,0,0,0,0,0
51.802246,8032,31200,38768,0,0,0,0,0,0,0,0,0,0,0,0,0,0
51.819556,8032,31204,38779,0,0,0,0,0,0,0,0,0,0,0,0,0,0
51.821666,8033,31208,38789,0,0,0,0,0,0,0,0,0,0,0,0,0,0
51.841043,8034,31211,38792,0,0,0,0,0,0,0,0,0,0,0,0,0,0
51.842055,8036,31208,38792,0,0,0,0,0,0,0,0,0,0,0,0,0,0
51.859879,8032,31207,38797,0,0,0,0,0,0,0,0,0,0,0,0,0,0
51.861949,8037,31206,38803,0,0,0,0,0,0,0,0,0,0,0,0,0,0
51.879991,8035,31209,38804,0,0,0,0,0,0,0,0,0,0,0,0,0,0
51.881033,8035,31208,38814,0,0,0,0,0,0,0,0,0,0,0,0,0,0
51.899524,8037,31210,38822,0,0,0,0,0,0,0,0,0,0,0,0,0,0
51.901547,8041,31213,38836,0,0,0,0,0,0,0,0,0,0,0,0,0,0
51.921893,8042,31214,38836,0,0,0,0,0,0,0,0,0,0,0,0,0,0
51.922911,8046,31205,38836,0,0,0,0,0,0,0,0,0,0,0,0,0,0
51.931025,8041,31201,38824,0,0,0,0,0,0,0,0,0,0,0,0,0,0
51.950427,8039,31181,38803,0,0,0,0,0,0,0,0,0,0,0,0,0,0
51.951475,8032,31173,38774,0,0,0,0,0,0,0,0,0,0,0,0,0,0
51.970903,8028,31153,38751,0,0,0,0,0,0,0,0,0,0,0,0,0,0
51.971922,8021,31146,38737,0,0,0,0,0,0,0,0,0,0,0,0,0,0
51.99095,8021,31141,38733,0,0,0,0,0,0,0,0,0,0,0,0,0,0
51.99196,8020,31147,38745,0,0,0,0,0,0,0,0,0,0,0,0,0,0
52.011567,8023,31145,38756,0,0,0,0,0,0,0,0,0,0,0,0,0,0
52.01267,8023,31154,38766,0,0,0,0,0,0,0,0,0,0,0,0,0,0
52.031363,8031,31160,38777,0,0,0,0,0,0,0,0,0,0,0,0,0,0
52.033406,8037,31161,38785,0,0,0,0,0,0,0,0,0,0,0,0,0,0
52.049642,8042,31161,38789,0,0,0,0,0,0,0,0,0,0,0,0,0,0
52.052156,8038,31158,38781,0,0,0,0,0,0,0,0,0,0,0,0,0,0
52.06968,8041,31147,38766,0,0,0,0,0,0,0,0,0,0,0,0,0,0
52.071714,8034,31136,38742,0,0,0,0,0,0,0,0,0,0,0,0,0,0
52.089718,8021,31122,38710,0,0,0,0,0,0,0,0,0,0,0,0,0,0
52.091746,8010,31107,38680,0,0,0,0,0,0,0,0,0,0,0,0,0,0
52.110259,8004,31105,38660,0,0,0,0,0,0,0,0,0,0,0,0,0,0
52.11128,7999,31106,38666,0,0,0,0,0,0,0,0,0,0,0,0,0,0
52.131164,7994,31118,38674,0,0,0,0,0,0,0,0,0,0,0,0,0,0
52.132198,7998,31127,38698,0,0,0,0,0,0,0,0,0,0,0,0,0,0
52.149737,8002,31146,38723,0,0,0,0,0,0,0,0,0,0,0,0,0,0
52.151256,8004,31155,38744,0,0,0,0,0,0,0,0,0,0,0,0,0,0
52.171867,8010,31168,38766,0,0,0,0,0,0,0,0,0,0,0,0,0,0
52.172878,8014,31183,38781,0,0,0,0,0,0,0,0,0,0,0,0,0,0
52.189542,8015,31196,38809,0,0,0,0,0,0,0,0,0,0,0,0,0,0
52.191668,8022,31200,38827,0,0,0,0,0,0,0,0,0,0,0,0,0,0
52.212147,8027,31214,38846,0,0,0,0,0,0,0,0,0,0,0,0,0,0
52.213154,8032,31217,38860,0,0,0,0,0,0,0,0,0,0,0,0,0,0
52.231575,8037,31227,38872,0,0,0,0,0,0,0,0,0,0,0,0,0,0
52.232597,8041,31229,38877,0,0,0,0,0,0,0,0,0,0,0,0,0,0
52.249965,8039,31239,38884,0,0,0,0,0,0,0,0,0,0,0,0,0,0
52.251473,8043,31231,38887,0,0,0,0,0,0,0,0,0,0,0,0,0,0
52.260005,8042,31241,38892,0,0,0,0,0,0,0,0,0,0,0,0,0,0
52.28065,8043,31237,38900,0,0,0,0,0,0,0,0,0,0,0,0,0,0
52.281683,8046,31242,38899,0,0,0,0,0,0,0,0,0,0,0,0,0,0
52.300351,8045,31233,38897,0,0,0,0,0,0,0,0,0,0,0,0,0,0
52.301405,8046,31230,38893,0,0,0,0,0,0,0,0,0,0,0,0,0,0
52.321699,8049,31218,38882,0,0,0,0,0,0,0,0,0,0,0,0,0,0
52.323714,8046,31209,38866,0,0,0,0,0,0,0,0,0,0,0,0,0,0
52.340898,8050,31194,38852,0,0,0,0,0,0,0,0,0,0,0,0,0,0
52.342914,8049,31185,38839,0,0,0,0,0,0,0,0,0,0,0,0,0,0
52.360466,8050,31175,38832,0,0,0,0,0,0,0,0,0,0,0,0,0,0
52.361589,8049,31173,38829,0,0,0,0,0,0,0,0,0,0,0,0,0,0
52.380784,8052,31173,38836,0,0,0,0,0,0,0,0,0,0,0,0,0,0
52.381801,8054,31176,38838,0,0,0,0,0,0,0,0,0,0,0,0,0,0
52.400522,8058,31181,38845,0,0,0,0,0,0,0,0,0,0,0,0,0,0
52.40155,8060,31192,38860,0,0,0,0,0,0,0,0,0,0,0,0,0,0
52.410238,8071,31200,38876,0,0,0,0,0,0,0,0,0,0,0,0,0,0
52.430013,8076,31203,38884,0,0,0,0,0,0,0,0,0,0,0,0,0,0
52.431127,8082,31212,38899,0,0,0,0,0,0,0,0,0,0,0,0,0,0
52.449729,8083,31219,38908,0,0,0,0,0,0,0,0,0,0,0,0,0,0
52.450748,8093,31225,38919,0,0,0,0,0,0,0,0,0,0,0,0,0,0
52.471685,8095,31230,38927,0,0,0,0,0,0,0,0,0,0,0,0,0,0
52.472698,8102,31230,38931,0,0,0,0,0,0,0,0,0,0,0,0,0,0
52.490507,8100,31229,38934,0,0,0,0,0,0,0,0,0,0,0,0,0,0
52.491518,8105,31237,38943,0,0,0,0,0,0,0,0,0,0,0,0,0,0
52.51109,8112,31241,38953,0,0,0,0,0,0,0,0,0,0,0,0,0,0
52.512117,8118,31246,38964,0,0,0,0,0,0,0,0,0,0,0,0,0,0
52.531098,8120,31254,38977,0,0,0,0,0,0,0,0,0,0,0,0,0,0
52.532121,8120,31255,38976,0,0,0,0,0,0,0,0,0,0,0,0,0,0
52.550714,8128,31252,38977,0,0,0,0,0,0,0,0,0,0,0,0,0,0
52.551745,8129,31256,38982,0,0,0,0,0,0,0,0,0,0,0,0,0,0
52.572119,8130,31265,38993,0,0,0,0,0,0,0,0,0,0,0,0,0,0
52.574191,8135,31271,38999,0,0,0,0,0,0,0,0,0,0,0,0,0,0
52.590783,8139,31271,39007,0,0,0,0,0,0,0,0,0,0,0,0,0,0
52.5918,8136,31275,39009,0,0,0,0,0,0,0,0,0,0,0,0,0,0
52.609451,8141,31272,39007,0,0,0,0,0,0,0,0,0,0,0,0,0,0
52.611637,8143,31269,39002,0,0,0,0,0,0,0,0,0,0,0,0,0,0
52.631869,8147,31265,38999,0,0,0,0,0,0,0,0,0,0,0,0,0,0
52.632874,8145,31264,38992,0,0,0,0,0,0,0,0,0,0,0,0,0,0
52.640925,8143,31262,38989,0,0,0,0,0,0,0,0,0,0,0,0,0,0
52.659855,8142,31261,38985,0,0,0,0,0,0,0,0,0,0,0,0,0,0
52.661986,8145,31264,38994,0,0,0,0,0,0,0,0,0,0,0,0,0,0
52.680488,8145,31266,38996,0,0,0,0,0,0,0,0,0,0,0,0,0,0
52.681499,8151,31268,39001,0,0,0,0,0,0,0,0,0,0,0,0,0,0
52.70245,8148,31270,38994,0,0,0,0,0,0,0,0,0,0,0,0,0,0
52.704552,8150,31265,38992,0,0,0,0,0,0,0,0,0,0,0,0,0,0
52.720767,8152,31258,38983,0,0,0,0,0,0,0,0,0,0,0,0,0,0
52.721889,8151,31251,38971,0,0,0,0,0,0,0,0,0,0,0,0,0,0
52.740394,8141,31247,38957,0,0,0,0,0,0,0,0,0,0,0,0,0,0
52.741423,8142,31242,38941,0,0,0,0,0,0,0,0,0,0,0,0,0,0
52.76037,8133,31240,38933,0,0,0,0,0,0,0,0,0,0,0,0,0,0
52.76138,8134,31241,38928,0,0,0,0,0,0,0,0,0,0,0,0,0,0
52.780406,8126,31240,38923,0,0,0,0,0,0,0,0,0,0,0,0,0,0
52.781472,8122,31244,38924,0,0,0,0,0,0,0,0,0,0,0,0,0,0
52.799737,8116,31249,38929,0,0,0,0,0,0,0,0,0,0,0,0,0,0
52.801826,8116,31251,38933,0,0,0,0,0,0,0,0,0,0,0,0,0,0
52.810965,8108,31254,38932,0,0,0,0,0,0,0,0,0,0,0,0,0,0
52.831577,8109,31255,38928,0,0,0,0,0,0,0,0,0,0,0,0,0,0
52.832675,8101,31252,38922,0,0,0,0,0,0,0,0,0,0,0,0,0,0
52.850194,8099,31251,38915,0,0,0,0,0,0,0,0,0,0,0,0,0,0
52.851221,8096,31249,38914,0,0,0,0,0,0,0,0,0,0,0,0,0,0
52.871285,8094,31248,38909,0,0,0,0,0,0,0,0,0,0,0,0,0,0
52.872312,8091,31247,38911,0,0,0,0,0,0,0,0,0,0,0,0,0,0
52.889997,8094,31248,38912,0,0,0,0,0,0,0,0,0,0,0,0,0,0
52.892023,8092,31246,38908,0,0,0,0,0,0,0,0,0,0,0,0,0,0
52.90954,8089,31244,38911,0,0,0,0,0,0,0,0,0,0,0,0,0,0
52.912569,8090,31245,38908,0,0,0,0,0,0,0,0,0,0,0,0,0,0
52.931139,8088,31244,38907,0,0,0,0,0,0,0,0,0,0,0,0,0,0
52.933166,8087,31243,38911,0,0,0,0,0,0,0,0,0,0,0,0,0,0
52.949696,8090,31248,38918,0,0,0,0,0,0,0,0,0,0,0,0,0,0
52.952845,8093,31251,38924,0,0,0,0,0,0,0,0,0,0,0,0,0,0
52.970941,8098,31252,38930,0,0,0,0,0,0,0,0,0,0,0,0,0,0
52.971962,8100,31254,38941,0,0,0,0,0,0,0,0,0,0,0,0,0,0
52.980575,8105,31251,38933,0,0,0,0,0,0,0,0,0,0,0,0,0,0
53.000085,8104,31243,38928,0,0,0,0,0,0,0,0,0,0,0,0,0,0
53.001122,8103,31238,38919,0,0,0,0,0,0,0,0,0,0,0,0,0,0
53.021592,8100,31228,38905,0,0,0,0,0,0,0,0,0,0,0,0,0,0
53.023626,8100,31223,38898,0,0,0,0,0,0,0,0,0,0,0,0,0,0
53.040125,8095,31220,38899,0,0,0,0,0,0,0,0,0,0,0,0,0,0
53.042159,8095,31226,38896,0,0,0,0,0,0,0,0,0,0,0,0,0,0
53.060409,8097,31228,38905,0,0,0,0,0,0,0,0,0,0,0,0,0,0
53.061451,8100,31232,38907,0,0,0,0,0,0,0,0,0,0,0,0,0,0
53.078964,8104,31233,38909,0,0,0,0,0,0,0,0,0,0,0,0,0,0
53.082643,8103,31232,38909,0,0,0,0,0,0,0,0,0,0,0,0,0,0
53.100057,8104,31233,38906,0,0,0,0,0,0,0,0,0,0,0,0,0,0
53.1021,8101,31230,38904,0,0,0,0,0,0,0,0,0,0,0,0,0,0
53.121755,8102,31228,38907,0,0,0,0,0,0,0,0,0,0,0,0,0,0
53.122862,8103,31235,38910,0,0,0,0,0,0,0,0,0,0,0,0,0,0
53.141166,8106,31232,38915,0,0,0,0,0,0,0,0,0,0,0,0,0,0
53.142202,8105,31236,38910,0,0,0,0,0,0,0,0,0,0,0,0,0,0
53.159344,8104,31230,38908,0,0,0,0,0,0,0,0,0,0,0,0,0,0
53.161576,8102,31229,38901,0,0,0,0,0,0,0,0,0,0,0,0,0,0
53.1814,8105,31223,38902,0,0,0,0,0,0,0,0,0,0,0,0,0,0
53.182501,8101,31226,38896,0,0,0,0,0,0,0,0,0,0,0,0,0,0
53.19976,8103,31222,38902,0,0,0,0,0,0,0,0,0,0,0,0,0,0
53.201775,8104,31224,38904,0,0,0,0,0,0,0,0,0,0,0,0,0,0
53.210326,8103,31228,38910,0,0,0,0,0,0,0,0,0,0,0,0,0,0
53.230309,8105,31231,38904,0,0,0,0,0,0,0,0,0,0,0,0,0,0
53.231325,8106,31223,38901,0,0,0,0,0,0,0,0,0,0,0,0,0,0
53.250224,8104,31218,38896,0,0,0,0,0,0,0,0,0,0,0,0,0,0
53.251337,8105,31217,38889,0,0,0,0,0,0,0,0,0,0,0,0,0,0
53.271476,8101,31213,38884,0,0,0,0,0,0,0,0,0,0,0,0,0,0
53.272483,8099,31213,38886,0,0,0,0,0,0,0,0,0,0,0,0,0,0
53.290657,8101,31214,38890,0,0,0,0,0,0,0,0,0,0,0,0,0,0
53.291749,8103,31218,38900,0,0,0,0,0,0,0,0,0,0,0,0,0,0
53.311705,8108,31220,38900,0,0,0,0,0,0,0,0,0,0,0,0,0,0
53.312733,8110,31218,38902,0,0,0,0,0,0,0,0,0,0,0,0,0,0
53.331146,8109,31217,38898,0,0,0,0,0,0,0,0,0,0,0,0,0,0
53.332159,8108,31210,38889,0,0,0,0,0,0,0,0,0,0,0,0,0,0
53.350505,8103,31201,38873,0,0,0,0,0,0,0,0,0,0,0,0,0,0
53.351514,8097,31197,38855,0,0,0,0,0,0,0,0,0,0,0,0,0,0
53.370479,8090,31187,38838,0,0,0,0,0,0,0,0,0,0,0,0,0,0
53.37149,8085,31185,38824,0,0,0,0,0,0,0,0,0,0,0,0,0,0
53.392466,8079,31180,38817,0,0,0,0,0,0,0,0,0,0,0,0,0,0
53.393488,8072,31178,38803,0,0,0,0,0,0,0,0,0,0,0,0,0,0
53.409986,8065,31180,38791,0,0,0,0,0,0,0,0,0,0,0,0,0,0
53.412036,8059,31179,38784,0,0,0,0,0,0,0,0,0,0,0,0,0,0
53.430656,8053,31181,38780,0,0,0,0,0,0,0,0,0,0,0,0,0,0
53.431685,8046,31182,38772,0,0,0,0,0,0,0,0,0,0,0,0,0,0
53.439912,8044,31188,38777,0,0,0,0,0,0,0,0,0,0,0,0,0,0
53.462035,8041,31195,38783,0,0,0,0,0,0,0,0,0,0,0,0,0,0
53.463067,8042,31196,38787,0,0,0,0,0,0,0,0,0,0,0,0,0,0
53.479477,8039,31197,38784,0,0,0,0,0,0,0,0,0,0,0,0,0,0
53.480993,8037,31198,38790,0,0,0,0,0,0,0,0,0,0,0,0,0,0
53.499464,8034,31196,38778,0,0,0,0,0,0,0,0,0,0,0,0,0,0
53.501503,8029,31192,38775,0,0,0,0,0,0,0,0,0,0,0,0,0,0
53.521746,8027,31186,38769,0,0,0,0,0,0,0,0,0,0,0,0,0,0
53.522774,8024,31184,38765,0,0,0,0,0,0,0,0,0,0,0,0,0,0
53.540203,8023,31183,38765,0,0,0,0,0,0,0,0,0,0,0,0,0,0
53.541308,8021,31188,38778,0,0,0,0,0,0,0,0,0,0,0,0,0,0
53.559503,8023,31192,38783,0,0,0,0,0,0,0,0,0,0,0,0,0,0
53.561625,8023,31194,38791,0,0,0,0,0,0,0,0,0,0,0,0,0,0
53.581141,8024,31199,38794,0,0,0,0,0,0,0,0,0,0,0,0,0,0
53.582181,8028,31198,38806,0,0,0,0,0,0,0,0,0,0,0,0,0,0
53.60038,8030,31201,38811,0,0,0,0,0,0,0,0,0,0,0,0,0,0
53.601394,8032,31203,38823,0,0,0,0,0,0,0,0,0,0,0,0,0,0
53.620967,8034,31212,38835,0,0,0,0,0,0,0,0,0,0,0,0,0,0
53.62199,8043,31214,38848,0,0,0,0,0,0,0,0,0,0,0,0,0,0
53.6404,8041,31218,38857,0,0,0,0,0,0,0,0,0,0,0,0,0,0
53.641416,8050,31218,38859,0,0,0,0,0,0,0,0,0,0,0,0,0,0
53.659717,8052,31223,38866,0,0,0,0,0,0,0,0,0,0,0,0,0,0
53.661797,8052,31219,38866,0,0,0,0,0,0,0,0,0,0,0,0,0,0
53.680202,8051,31227,38867,0,0,0,0,0,0,0,0,0,0,0,0,0,0
53.681822,8057,31224,38873,0,0,0,0,0,0,0,0,0,0,0,0,0,0
53.700542,8058,31233,38882,0,0,0,0,0,0,0,0,0,0,0,0,0,0
53.70269,8061,31236,38891,0,0,0,0,0,0,0,0,0,0,0,0,0,0
53.720226,8065,31244,38901,0,0,0,0,0,0,0,0,0,0,0,0,0,0
53.721249,8070,31244,38913,0,0,0,0,0,0,0,0,0,0,0,0,0,0
53.741542,8073,31245,38918,0,0,0,0,0,0,0,0,0,0,0,0,0,0
53.742549,8076,31257,38928,0,0,0,0,0,0,0,0,0,0,0,0,0,0
53.750611,8079,31257,38935,0,0,0,0,0,0,0,0,0,0,0,0,0,0
53.751617,8083,31259,38932,0,0,0,0,0,0,0,0,0,0,0,0,0,0
53.771558,8082,31260,38942,0,0,0,0,0,0,0,0,0,0,0,0,0,0
53.791897,8086,31264,38945,0,0,0,0,0,0,0,0,0,0,0,0,0,0
53.792924,8087,31264,38953,0,0,0,0,0,0,0,0,0,0,0,0,0,0
53.812309,8089,31267,38955,0,0,0,0,0,0,0,0,0,0,0,0,0,0
53.813363,8092,31268,38957,0,0,0,0,0,0,0,0,0,0,0,0,0,0
53.831505,8094,31273,38967,0,0,0,0,0,0,0,0,0,0,0,0,0,0
53.832613,8098,31272,38972,0,0,0,0,0,0,0,0,0,0,0,0,0,0
53.849891,8101,31276,38974,0,0,0,0,0,0,0,0,0,0,0,0,0,0
53.851921,8104,31278,38981,0,0,0,0,0,0,0,0,0,0,0,0,0,0
53.87205,8106,31284,38986,0,0,0,0,0,0,0,0,0,0,0,0,0,0
53.873099,8111,31285,38993,0,0,0,0,0,0,0,0,0,0,0,0,0,0
53.891947,8115,31286,39002,0,0,0,0,0,0,0,0,0,0,0,0,0,0
53.892984,8118,31287,39009,0,0,0,0,0,0,0,0,0,0,0,0,0,0
53.911376,8123,31293,39019,0,0,0,0,0,0,0,0,0,0,0,0,0,0
53.912398,8127,31300,39019,0,0,0,0,0,0,0,0,0,0,0,0,0,0
53.93128,8129,31303,39028,0,0,0,0,0,0,0,0,0,0,0,0,0,0
53.932285,8131,31303,39036,0,0,0,0,0,0,0,0,0,0,0,0,0,0
53.949817,8138,31306,39034,0,0,0,0,0,0,0,0,0,0,0,0,0,0
53.952006,8142,31302,39037,0,0,0,0,0,0,0,0,0,0,0,0,0,0
53.96977,8141,31306,39038,0,0,0,0,0,0,0,0,0,0,0,0,0,0
53.971871,8145,31298,39028,0,0,0,0,0,0,0,0,0,0,0,0,0,0
53.991197,8139,31293,39018,0,0,0,0,0,0,0,0,0,0,0,0,0,0
53.992207,8139,31286,39005,0,0,0,0,0,0,0,0,0,0,0,0,0,0
54.00038,8131,31285,38990,0,0,0,0,0,0,0,0,0,0,0,0,0,0
54.021856,8127,31272,38976,0,0,0,0,0,0,0,0,0,0,0,0,0,0
54.022863,8120,31272,38969,0,0,0,0,0,0,0,0,0,0,0,0,0,0
54.040489,8111,31272,38962,0,0,0,0,0,0,0,0,0,0,0,0,0,0
54.041605,8107,31273,38961,0,0,0,0,0,0,0,0,0,0,0,0,0,0
54.060317,8104,31281,38962,0,0,0,0,0,0,0,0,0,0,0,0,0,0
54.061422,8099,31283,38967,0,0,0,0,0,0,0,0,0,0,0,0,0,0
54.080344,8099,31291,38971,0,0,0,0,0,0,0,0,0,0,0,0,0,0
54.080344,8094,31296,38978,0,0,0,0,0,0,0,0,0,0,0,0,0,0
54.100259,8097,31299,38978,0,0,0,0,0,0,0,0,0,0,0,0,0,0
54.101296,8090,31301,38976,0,0,0,0,0,0,0,0,0,0,0,0,0,0
54.122031,8090,31297,38974,0,0,0,0,0,0,0,0,0,0,0,0,0,0
54.123146,8084,31296,38969,0,0,0,0,0,0,0,0,0,0,0,0,0,0
54.140763,8084,31291,38959,0,0,0,0,0,0,0,0,0,0,0,0,0,0
54.141769,8077,31293,38952,0,0,0,0,0,0,0,0,0,0,0,0,0,0
54.160414,8079,31290,38943,0,0,0,0,0,0,0,0,0,0,0,0,0,0
54.161417,8076,31288,38950,0,0,0,0,0,0,0,0,0,0,0,0,0,0
54.18084,8080,31291,38954,0,0,0,0,0,0,0,0,0,0,0,0,0,0
54.18234,8075,31294,38960,0,0,0,0,0,0,0,0,0,0,0,0,0,0
54.199499,8080,31299,38969,0,0,0,0,0,0,0,0,0,0,0,0,0,0
54.202625,8086,31304,38974,0,0,0,0,0,0,0,0,0,0,0,0,0,0
54.220827,8082,31307,38984,0,0,0,0,0,0,0,0,0,0,0,0,0,0
54.222857,8091,31311,38993,0,0,0,0,0,0,0,0,0,0,0,0,0,0
54.231134,8091,31311,38997,0,0,0,0,0,0,0,0,0,0,0,0,0,0
54.249693,8096,31310,38996,0,0,0,0,0,0,0,0,0,0,0,0,0,0
54.251756,8092,31308,38996,0,0,0,0,0,0,0,0,0,0,0,0,0,0
54.271911,8098,31312,39000,0,0,0,0,0,0,0,0,0,0,0,0,0,0
54.272933,8099,31307,39001,0,0,0,0,0,0,0,0,0,0,0,0,0,0
54.290224,8099,31310,39004,0,0,0,0,0,0,0,0,0,0,0,0,0,0
54.292458,8102,31311,39006,0,0,0,0,0,0,0,0,0,0,0,0,0,0
54.3102,8100,31310,39005,0,0,0,0,0,0,0,0,0,0,0,0,0,0
54.31131,8104,31312,39002,0,0,0,0,0,0,0,0,0,0,0,0,0,0
54.331893,8105,31309,39006,0,0,0,0,0,0,0,0,0,0,0,0,0,0
54.332999,8103,31309,39007,0,0,0,0,0,0,0,0,0,0,0,0,0,0
54.349946,8108,31309,39010,0,0,0,0,0,0,0,0,0,0,0,0,0,0
54.352014,8103,31314,39013,0,0,0,0,0,0,0,0,0,0,0,0,0,0
54.370036,8111,31319,39023,0,0,0,0,0,0,0,0,0,0,0,0,0,0
54.372086,8110,31322,39026,0,0,0,0,0,0,0,0,0,0,0,0,0,0
54.391603,8116,31324,39033,0,0,0,0,0,0,0,0,0,0,0,0,0,0
54.392707,8112,31325,39035,0,0,0,0,0,0,0,0,0,0,0,0,0,0
54.410008,8117,31325,39033,0,0,0,0,0,0,0,0,0,0,0,0,0,0
54.411037,8115,31320,39027,0,0,0,0,0,0,0,0,0,0,0,0,0,0
54.429633,8115,31320,39019,0,0,0,0,0,0,0,0,0,0,0,0,0,0
54.431682,8110,31312,39016,0,0,0,0,0,0,0,0,0,0,0,0,0,0
54.449778,8111,31310,39014,0,0,0,0,0,0,0,0,0,0,0,0,0,0
54.451865,8109,31310,39010,0,0,0,0,0,0,0,0,0,0,0,0,0,0
54.460109,8113,31311,39011,0,0,0,0,0,0,0,0,0,0,0,0,0,0
54.482045,8111,31310,39012,0,0,0,0,0,0,0,0,0,0,0,0,0,0
54.483115,8112,31310,39014,0,0,0,0,0,0,0,0,0,0,0,0,0,0
54.499514,8110,31305,39012,0,0,0,0,0,0,0,0,0,0,0,0,0,0
54.501546,8115,31305,39006,0,0,0,0,0,0,0,0,0,0,0,0,0,0
54.521526,8111,31299,39003,0,0,0,0,0,0,0,0,0,0,0,0,0,0
54.522534,8118,31301,39006,0,0,0,0,0,0,0,0,0,0,0,0,0,0
54.540917,8118,31300,39005,0,0,0,0,0,0,0,0,0,0,0,0,0,0
54.541932,8118,31302,39010,0,0,0,0,0,0,0,0,0,0,0,0,0,0
54.56024,8121,31301,39008,0,0,0,0,0,0,0,0,0,0,0,0,0,0
54.562807,8121,31303,39011,0,0,0,0,0,0,0,0,0,0,0,0,0,0
54.580812,8114,31300,39003,0,0,0,0,0,0,0,0,0,0,0,0,0,0
54.582345,8119,31296,39001,0,0,0,0,0,0,0,0,0,0,0,0,0,0
54.601022,8118,31289,38990,0,0,0,0,0,0,0,0,0,0,0,0,0,0
54.602027,8115,31284,38985,0,0,0,0,0,0,0,0,0,0,0,0,0,0
54.62036,8111,31279,38973,0,0,0,0,0,0,0,0,0,0,0,0,0,0
54.628607,8110,31275,38964,0,0,0,0,0,0,0,0,0,0,0,0,0,0
54.641012,8105,31265,38946,0,0,0,0,0,0,0,0,0,0,0,0,0,0
54.642047,8097,31260,38927,0,0,0,0,0,0,0,0,0,0,0,0,0,0
54.659517,8085,31247,38896,0,0,0,0,0,0,0,0,0,0,0,0,0,0
54.66103,8075,31234,38864,0,0,0,0,0,0,0,0,0,0,0,0,0,0
54.679728,8060,31224,38835,0,0,0,0,0,0,0,0,0,0,0,0,0,0
54.680787,8048,31215,38814,0,0,0,0,0,0,0,0,0,0,0,0,0,0
54.691478,8036,31211,38796,0,0,0,0,0,0,0,0,0,0,0,0,0,0
54.692507,8032,31212,38782,0,0,0,0,0,0,0,0,0,0,0,0,0,0
54.712382,8018,31204,38773,0,0,0,0,0,0,0,0,0,0,0,0,0,0
54.730962,8010,31204,38764,0,0,0,0,0,0,0,0,0,0,0,0,0,0
54.733033,8002,31202,38757,0,0,0,0,0,0,0,0,0,0,0,0,0,0
54.749439,7993,31199,38741,0,0,0,0,0,0,0,0,0,0,0,0,0,0
54.751466,7981,31191,38725,0,0,0,0,0,0,0,0,0,0,0,0,0,0
54.770689,7973,31185,38705,0,0,0,0,0,0,0,0,0,0,0,0,0,0
54.771715,7957,31175,38688,0,0,0,0,0,0,0,0,0,0,0,0,0,0
54.791891,7949,31166,38669,0,0,0,0,0,0,0,0,0,0,0,0,0,0
54.792914,7938,31158,38653,0,0,0,0,0,0,0,0,0,0,0,0,0,0
54.80965,7928,31150,38631,0,0,0,0,0,0,0,0,0,0,0,0,0,0
54.81185,7916,31146,38617,0,0,0,0,0,0,0,0,0,0,0,0,0,0
54.829532,7908,31138,38605,0,0,0,0,0,0,0,0,0,0,0,0,0,0
54.831557,7896,31135,38599,0,0,0,0,0,0,0,0,0,0,0,0,0,0
54.85046,7888,31131,38594,0,0,0,0,0,0,0,0,0,0,0,0,0,0
54.85157,7884,31135,38603,0,0,0,0,0,0,0,0,0,0,0,0,0,0
54.869411,7878,31141,38608,0,0,0,0,0,0,0,0,0,0,0,0,0,0
54.871434,7878,31145,38623,0,0,0,0,0,0,0,0,0,0,0,0,0,0
54.890413,7875,31148,38629,0,0,0,0,0,0,0,0,0,0,0,0,0,0
54.891512,7874,31149,38641,0,0,0,0,0,0,0,0,0,0,0,0,0,0
54.909446,7877,31150,38643,0,0,0,0,0,0,0,0,0,0,0,0,0,0
54.911488,7873,31151,38646,0,0,0,0,0,0,0,0,0,0,0,0,0,0
54.930429,7874,31152,38654,0,0,0,0,0,0,0,0,0,0,0,0,0,0
54.931437,7871,31155,38660,0,0,0,0,0,0,0,0,0,0,0,0,0,0
54.939527,7874,31156,38667,0,0,0,0,0,0,0,0,0,0,0,0,0,0
54.959615,7875,31155,38672,0,0,0,0,0,0,0,0,0,0,0,0,0,0
54.962233,7871,31157,38677,0,0,0,0,0,0,0,0,0,0,0,0,0,0
54.979877,7871,31159,38683,0,0,0,0,0,0,0,0,0,0,0,0,0,0
54.981925,7871,31165,38691,0,0,0,0,0,0,0,0,0,0,0,0,0,0
54.99985,7871,31170,38701,0,0,0,0,0,0,0,0,0,0,0,0,0,0
55.001887,7875,31174,38711,0,0,0,0,0,0,0,0,0,0,0,0,0,0
55.019611,7872,31179,38714,0,0,0,0,0,0,0,0,0,0,0,0,0,0
55.021641,7874,31179,38726,0,0,0,0,0,0,0,0,0,0,0,0,0,0
55.04136,7875,31180,38726,0,0,0,0,0,0,0,0,0,0,0,0,0,0
55.042367,7876,31180,38730,0,0,0,0,0,0,0,0,0,0,0,0,0,0
55.059784,7875,31179,38733,0,0,0,0,0,0,0,0,0,0,0,0,0,0
55.061808,7874,31177,38734,0,0,0,0,0,0,0,0,0,0,0,0,0,0
55.080846,7876,31180,38735,0,0,0,0,0,0,0,0,0,0,0,0,0,0
55.082357,7876,31180,38746,0,0,0,0,0,0,0,0,0,0,0,0,0,0
55.099936,7881,31184,38753,0,0,0,0,0,0,0,0,0,0,0,0,0,0
55.101983,7880,31188,38767,0,0,0,0,0,0,0,0,0,0,0,0,0,0
55.121514,7886,31188,38783,0,0,0,0,0,0,0,0,0,0,0,0,0,0
55.122524,7887,31196,38791,0,0,0,0,0,0,0,0,0,0,0,0,0,0
55.14053,7894,31204,38805,0,0,0,0,0,0,0,0,0,0,0,0,0,0
55.141638,7895,31207,38821,0,0,0,0,0,0,0,0,0,0,0,0,0,0
55.16027,7904,31215,38829,0,0,0,0,0,0,0,0,0,0,0,0,0,0
55.161294,7909,31218,38842,0,0,0,0,0,0,0,0,0,0,0,0,0,0
55.172059,7913,31220,38844,0,0,0,0,0,0,0,0,0,0,0,0,0,0
55.190327,7918,31222,38857,0,0,0,0,0,0,0,0,0,0,0,0,0,0
55.191428,7923,31226,38854,0,0,0,0,0,0,0,0,0,0,0,0,0,0
55.209763,7927,31227,38862,0,0,0,0,0,0,0,0,0,0,0,0,0,0
55.211811,7928,31233,38868,0,0,0,0,0,0,0,0,0,0,0,0,0,0
55.230031,7933,31235,38875,0,0,0,0,0,0,0,0,0,0,0,0,0,0
55.232075,7938,31243,38881,0,0,0,0,0,0,0,0,0,0,0,0,0,0
55.249608,7944,31244,38894,0,0,0,0,0,0,0,0,0,0,0,0,0,0
55.251648,7950,31252,38903,0,0,0,0,0,0,0,0,0,0,0,0,0,0
55.270371,7955,31249,38911,0,0,0,0,0,0,0,0,0,0,0,0,0,0
55.272416,7957,31253,38908,0,0,0,0,0,0,0,0,0,0,0,0,0,0
55.290386,7960,31245,38904,0,0,0,0,0,0,0,0,0,0,0,0,0,0
55.291396,7960,31243,38897,0,0,0,0,0,0,0,0,0,0,0,0,0,0
55.311838,7957,31238,38881,0,0,0,0,0,0,0,0,0,0,0,0,0,0
55.312853,7951,31235,38872,0,0,0,0,0,0,0,0,0,0,0,0,0,0
55.331057,7948,31223,38848,0,0,0,0,0,0,0,0,0,0,0,0,0,0
55.333195,7937,31224,38836,0,0,0,0,0,0,0,0,0,0,0,0,0,0
55.350994,7928,31215,38817,0,0,0,0,0,0,0,0,0,0,0,0,0,0
55.353162,7920,31216,38808,0,0,0,0,0,0,0,0,0,0,0,0,0,0
55.371943,7911,31214,38796,0,0,0,0,0,0,0,0,0,0,0,0,0,0
55.373054,7906,31220,38794,0,0,0,0,0,0,0,0,0,0,0,0,0,0
55.389982,7901,31214,38786,0,0,0,0,0,0,0,0,0,0,0,0,0,0
55.392207,7893,31217,38777,0,0,0,0,0,0,0,0,0,0,0,0,0,0
55.401032,7885,31213,38765,0,0,0,0,0,0,0,0,0,0,0,0,0,0
55.419701,7881,31206,38754,0,0,0,0,0,0,0,0,0,0,0,0,0,0
55.422761,7871,31200,38740,0,0,0,0,0,0,0,0,0,0,0,0,0,0
55.440187,7863,31193,38725,0,0,0,0,0,0,0,0,0,0,0,0,0,0
55.44121,7856,31186,38710,0,0,0,0,0,0,0,0,0,0,0,0,0,0
55.459502,7850,31178,38698,0,0,0,0,0,0,0,0,0,0,0,0,0,0
55.461552,7839,31179,38695,0,0,0,0,0,0,0,0,0,0,0,0,0,0
55.480391,7835,31178,38692,0,0,0,0,0,0,0,0,0,0,0,0,0,0
55.481511,7829,31175,38686,0,0,0,0,0,0,0,0,0,0,0,0,0,0
55.500546,7826,31177,38687,0,0,0,0,0,0,0,0,0,0,0,0,0,0
55.501647,7820,31178,38686,0,0,0,0,0,0,0,0,0,0,0,0,0,0
55.522316,7819,31179,38693,0,0,0,0,0,0,0,0,0,0,0,0,0,0
55.523323,7819,31184,38703,0,0,0,0,0,0,0,0,0,0,0,0,0,0
55.541205,7818,31188,38712,0,0,0,0,0,0,0,0,0,0,0,0,0,0
55.543239,7818,31189,38712,0,0,0,0,0,0,0,0,0,0,0,0,0,0
55.559614,7821,31189,38723,0,0,0,0,0,0,0,0,0,0,0,0,0,0
55.56165,7818,31193,38728,0,0,0,0,0,0,0,0,0,0,0,0,0,0
55.579762,7821,31192,38734,0,0,0,0,0,0,0,0,0,0,0,0,0,0
55.581794,7823,31194,38740,0,0,0,0,0,0,0,0,0,0,0,0,0,0
55.600975,7821,31192,38743,0,0,0,0,0,0,0,0,0,0,0,0,0,0
55.602015,7825,31201,38754,0,0,0,0,0,0,0,0,0,0,0,0,0,0
55.621503,7824,31199,38766,0,0,0,0,0,0,0,0,0,0,0,0,0,0
55.62251,7829,31211,38783,0,0,0,0,0,0,0,0,0,0,0,0,0,0
55.631857,7835,31215,38802,0,0,0,0,0,0,0,0,0,0,0,0,0,0
55.632869,7838,31230,38823,0,0,0,0,0,0,0,0,0,0,0,0,0,0
55.649942,7847,31237,38842,0,0,0,0,0,0,0,0,0,0,0,0,0,0
55.669979,7852,31247,38851,0,0,0,0,0,0,0,0,0,0,0,0,0,0
55.671006,7857,31245,38858,0,0,0,0,0,0,0,0,0,0,0,0,0,0
55.689981,7858,31254,38869,0,0,0,0,0,0,0,0,0,0,0,0,0,0
55.692022,7864,31253,38871,0,0,0,0,0,0,0,0,0,0,0,0,0,0
55.712119,7868,31259,38879,0,0,0,0,0,0,0,0,0,0,0,0,0,0
55.713146,7872,31259,38881,0,0,0,0,0,0,0,0,0,0,0,0,0,0
55.730853,7873,31261,38890,0,0,0,0,0,0,0,0,0,0,0,0,0,0
55.731955,7884,31266,38895,0,0,0,0,0,0,0,0,0,0,0,0,0,0
55.752082,7886,31267,38898,0,0,0,0,0,0,0,0,0,0,0,0,0,0
55.75312,7890,31269,38898,0,0,0,0,0,0,0,0,0,0,0,0,0,0
55.77132,7890,31268,38901,0,0,0,0,0,0,0,0,0,0,0,0,0,0
55.773343,7896,31266,38904,0,0,0,0,0,0,0,0,0,0,0,0,0,0
55.791253,7899,31270,38910,0,0,0,0,0,0,0,0,0,0,0,0,0,0
55.792287,7904,31269,38914,0,0,0,0,0,0,0,0,0,0,0,0,0,0
55.809667,7906,31270,38918,0,0,0,0,0,0,0,0,0,0,0,0,0,0
55.811811,7915,31275,38925,0,0,0,0,0,0,0,0,0,0,0,0,0,0
55.831395,7916,31277,38927,0,0,0,0,0,0,0,0,0,0,0,0,0,0
55.832411,7921,31278,38930,0,0,0,0,0,0,0,0,0,0,0,0,0,0
55.849743,7924,31282,38939,0,0,0,0,0,0,0,0,0,0,0,0,0,0
55.851805,7930,31285,38945,0,0,0,0,0,0,0,0,0,0,0,0,0,0
55.8706,7933,31284,38951,0,0,0,0,0,0,0,0,0,0,0,0,0,0
55.871605,7933,31288,38952,0,0,0,0,0,0,0,0,0,0,0,0,0,0
55.88237,7936,31293,38959,0,0,0,0,0,0,0,0,0,0,0,0,0,0
55.900517,7945,31292,38966,0,0,0,0,0,0,0,0,0,0,0,0,0,0
55.901557,7948,31298,38974,0,0,0,0,0,0,0,0,0,0,0,0,0,0
55.921925,7948,31301,38985,0,0,0,0,0,0,0,0,0,0,0,0,0,0
55.922944,7955,31306,38992,0,0,0,0,0,0,0,0,0,0,0,0,0,0
55.940327,7958,31310,39003,0,0,0,0,0,0,0,0,0,0,0,0,0,0
55.941339,7964,31313,39007,0,0,0,0,0,0,0,0,0,0,0,0,0,0
55.961662,7969,31315,39016,0,0,0,0,0,0,0,0,0,0,0,0,0,0
55.962667,7973,31318,39019,0,0,0,0,0,0,0,0,0,0,0,0,0,0
55.981505,7976,31321,39023,0,0,0,0,0,0,0,0,0,0,0,0,0,0
55.982533,7978,31323,39030,0,0,0,0,0,0,0,0,0,0,0,0,0,0
56.000391,7977,31330,39032,0,0,0,0,0,0,0,0,0,0,0,0,0,0
56.001399,7981,31329,39034,0,0,0,0,0,0,0,0,0,0,0,0,0,0
56.020685,7979,31334,39034,0,0,0,0,0,0,0,0,0,0,0,0,0,0
56.02171,7983,31338,39035,0,0,0,0,0,0,0,0,0,0,0,0,0,0
56.040174,7977,31340,39037,0,0,0,0,0,0,0,0,0,0,0,0,0,0
56.041184,7976,31346,39037,0,0,0,0,0,0,0,0,0,0,0,0,0,0
56.059628,7974,31348,39036,0,0,0,0,0,0,0,0,0,0,0,0,0,0
56.061662,7973,31351,39035,0,0,0,0,0,0,0,0,0,0,0,0,0,0
56.080603,7967,31346,39022,0,0,0,0,0,0,0,0,0,0,0,0,0,0
56.081669,7961,31347,39018,0,0,0,0,0,0,0,0,0,0,0,0,0,0
56.09029,7960,31344,39011,0,0,0,0,0,0,0,0,0,0,0,0,0,0
56.111722,7959,31339,38998,0,0,0,0,0,0,0,0,0,0,0,0,0,0
56.112738,7946,31324,38977,0,0,0,0,0,0,0,0,0,0,0,0,0,0
56.131064,0,0,0,0,0,0,0,0,0,0,0,0,0,0,0,0,0
56.132074,7940,31313,38947,0,0,0,0,0,0,0,0,0,0,0,0,0,0
56.150373,7929,31294,38915,0,0,0,0,0,0,0,0,0,0,0,0,0,0
56.151388,7917,31282,38890,0,0,0,0,0,0,0,0,0,0,0,0,0,0
56.170437,7909,31272,38866,0,0,0,0,0,0,0,0,0,0,0,0,0,0
56.171458,7901,31265,38852,0,0,0,0,0,0,0,0,0,0,0,0,0,0
56.192191,7895,31261,38843,0,0,0,0,0,0,0,0,0,0,0,0,0,0
56.193196,7892,31260,38850,0,0,0,0,0,0,0,0,0,0,0,0,0,0
56.210385,7893,31260,38851,0,0,0,0,0,0,0,0,0,0,0,0,0,0
56.211393,7895,31267,38859,0,0,0,0,0,0,0,0,0,0,0,0,0,0
56.220498,7897,31275,38871,0,0,0,0,0,0,0,0,0,0,0,0,0,0
56.241019,7901,31281,38889,0,0,0,0,0,0,0,0,0,0,0,0,0,0
56.242026,7905,31288,38912,0,0,0,0,0,0,0,0,0,0,0,0,0,0
56.26037,7914,31301,38937,0,0,0,0,0,0,0,0,0,0,0,0,0,0
56.261384,7923,31310,38959,0,0,0,0,0,0,0,0,0,0,0,0,0,0
56.272155,7933,31318,38973,0,0,0,0,0,0,0,0,0,0,0,0,0,0
56.291022,7941,31327,38988,0,0,0,0,0,0,0,0,0,0,0,0,0,0
56.292057,7946,31331,38997,0,0,0,0,0,0,0,0,0,0,0,0,0,0
56.310506,7952,31331,39000,0,0,0,0,0,0,0,0,0,0,0,0,0,0
56.311513,7955,31339,39012,0,0,0,0,0,0,0,0,0,0,0,0,0,0
56.331838,7960,31343,39019,0,0,0,0,0,0,0,0,0,0,0,0,0,0
56.332842,7968,31353,39036,0,0,0,0,0,0,0,0,0,0,0,0,0,0
56.350756,7973,31356,39044,0,0,0,0,0,0,0,0,0,0,0,0,0,0
56.351765,7982,31366,39059,0,0,0,0,0,0,0,0,0,0,0,0,0,0
56.369709,7990,31372,39072,0,0,0,0,0,0,0,0,0,0,0,0,0,0
56.371741,7997,31377,39083,0,0,0,0,0,0,0,0,0,0,0,0,0,0
56.390782,8004,31387,39095,0,0,0,0,0,0,0,0,0,0,0,0,0,0
56.391793,8011,31396,39113,0,0,0,0,0,0,0,0,0,0,0,0,0,0
56.399988,8015,31404,39122,0,0,0,0,0,0,0,0,0,0,0,0,0,0
56.419453,8022,31404,39126,0,0,0,0,0,0,0,0,0,0,0,0,0,0
56.421602,8018,31402,39112,0,0,0,0,0,0,0,0,0,0,0,0,0,0
56.440059,8019,31386,39092,0,0,0,0,0,0,0,0,0,0,0,0,0,0
56.442108,8007,31361,39047,0,0,0,0,0,0,0,0,0,0,0,0,0,0
56.459493,7989,31331,39000,0,0,0,0,0,0,0,0,0,0,0,0,0,0
56.462625,7972,31296,38937,0,0,0,0,0,0,0,0,0,0,0,0,0,0
56.479782,7954,31269,38885,0,0,0,0,0,0,0,0,0,0,0,0,0,0
56.481943,7936,31245,38837,0,0,0,0,0,0,0,0,0,0,0,0,0,0
56.502171,7926,31230,38809,0,0,0,0,0,0,0,0,0,0,0,0,0,0
56.503195,7915,31213,38780,0,0,0,0,0,0,0,0,0,0,0,0,0,0
56.520245,7904,31204,38764,0,0,0,0,0,0,0,0,0,0,0,0,0,0
56.521302,7897,31194,38747,0,0,0,0,0,0,0,0,0,0,0,0,0,0
56.540837,7891,31186,38734,0,0,0,0,0,0,0,0,0,0,0,0,0,0
56.541842,7881,31183,38736,0,0,0,0,0,0,0,0,0,0,0,0,0,0
56.562225,7883,31192,38750,0,0,0,0,0,0,0,0,0,0,0,0,0,0
56.563234,7885,31205,38774,0,0,0,0,0,0,0,0,0,0,0,0,0,0
56.582174,7893,31223,38813,0,0,0,0,0,0,0,0,0,0,0,0,0,0
56.5832,7905,31240,38853,0,0,0,0,0,0,0,0,0,0,0,0,0,0
56.600153,7908,31249,38867,0,0,0,0,0,0,0,0,0,0,0,0,0,0
56.601173,7911,31244,38868,0,0,0,0,0,0,0,0,0,0,0,0,0,0
56.620956,7912,31232,38841,0,0,0,0,0,0,0,0,0,0,0,0,0,0
56.622062,7902,31213,38806,0,0,0,0,0,0,0,0,0,0,0,0,0,0
56.630732,7891,31185,38749,0,0,0,0,0,0,0,0,0,0,0,0,0,0
56.632773,7879,31159,38710,0,0,0,0,0,0,0,0,0,0,0,0,0,0
56.649949,7863,31136,38669,0,0,0,0,0,0,0,0,0,0,0,0,0,0
56.660299,7858,31121,38642,0,0,0,0,0,0,0,0,0,0,0,0,0,0
56.68083,7851,31114,38624,0,0,0,0,0,0,0,0,0,0,0,0,0,0
56.681859,7845,31111,38617,0,0,0,0,0,0,0,0,0,0,0,0,0,0
56.699806,7837,31104,38606,0,0,0,0,0,0,0,0,0,0,0,0,0,0
56.701901,7833,31095,38590,0,0,0,0,0,0,0,0,0,0,0,0,0,0
56.719454,7821,31084,38548,0,0,0,0,0,0,0,0,0,0,0,0,0,0
56.721482,7801,31059,38500,0,0,0,0,0,0,0,0,0,0,0,0,0,0
56.740921,7780,31030,38431,0,0,0,0,0,0,0,0,0,0,0,0,0,0
56.741955,7748,31000,38357,0,0,0,0,0,0,0,0,0,0,0,0,0,0
56.76182,7712,30972,38287,0,0,0,0,0,0,0,0,0,0,0,0,0,0
56.762872,7677,30947,38232,0,0,0,0,0,0,0,0,0,0,0,0,0,0
56.781867,7645,30931,38183,0,0,0,0,0,0,0,0,0,0,0,0,0,0
56.78292,7609,30922,38152,0,0,0,0,0,0,0,0,0,0,0,0,0,0
56.800779,7578,30913,38125,0,0,0,0,0,0,0,0,0,0,0,0,0,0
56.801806,7547,30907,38100,0,0,0,0,0,0,0,0,0,0,0,0,0,0
56.820483,7518,30903,38081,0,0,0,0,0,0,0,0,0,0,0,0,0,0
56.821506,7487,30897,38064,0,0,0,0,0,0,0,0,0,0,0,0,0,0
56.841915,7458,30893,38040,0,0,0,0,0,0,0,0,0,0,0,0,0,0
56.84293,7431,30879,38018,0,0,0,0,0,0,0,0,0,0,0,0,0,0
56.860241,7397,30875,37993,0,0,0,0,0,0,0,0,0,0,0,0,0,0
56.861255,7363,30858,37962,0,0,0,0,0,0,0,0,0,0,0,0,0,0
56.881731,7327,30846,37932,0,0,0,0,0,0,0,0,0,0,0,0,0,0
56.883769,7297,30826,37898,0,0,0,0,0,0,0,0,0,0,0,0,0,0
56.901066,7257,30813,37857,0,0,0,0,0,0,0,0,0,0,0,0,0,0
56.902132,7223,30792,37819,0,0,0,0,0,0,0,0,0,0,0,0,0,0
56.921764,7187,30779,37783,0,0,0,0,0,0,0,0,0,0,0,0,0,0
56.922777,7150,30765,37760,0,0,0,0,0,0,0,0,0,0,0,0,0,0
56.940226,7118,30756,37731,0,0,0,0,0,0,0,0,0,0,0,0,0,0
56.942349,7086,30743,37712,0,0,0,0,0,0,0,0,0,0,0,0,0,0
56.96209,7055,30734,37690,0,0,0,0,0,0,0,0,0,0,0,0,0,0
56.963134,7028,30724,37677,0,0,0,0,0,0,0,0,0,0,0,0,0,0
56.980865,7005,30720,37668,0,0,0,0,0,0,0,0,0,0,0,0,0,0
56.981877,6982,30711,37660,0,0,0,0,0,0,0,0,0,0,0,0,0,0
57.001331,6962,30712,37656,0,0,0,0,0,0,0,0,0,0,0,0,0,0
57.002446,6939,30708,37659,0,0,0,0,0,0,0,0,0,0,0,0,0,0
57.021995,6925,30707,37657,0,0,0,0,0,0,0,0,0,0,0,0,0,0
57.02301,6909,30705,37656,0,0,0,0,0,0,0,0,0,0,0,0,0,0
57.031213,6892,30706,37654,0,0,0,0,0,0,0,0,0,0,0,0,0,0
57.049476,6877,30700,37649,0,0,0,0,0,0,0,0,0,0,0,0,0,0
57.051491,6861,30697,37647,0,0,0,0,0,0,0,0,0,0,0,0,0,0
57.072683,6852,30702,37653,0,0,0,0,0,0,0,0,0,0,0,0,0,0
57.074709,6844,30703,37661,0,0,0,0,0,0,0,0,0,0,0,0,0,0
57.09139,6837,30712,37680,0,0,0,0,0,0,0,0,0,0,0,0,0,0
57.092405,6831,30715,37691,0,0,0,0,0,0,0,0,0,0,0,0,0,0
57.111902,6825,30721,37711,0,0,0,0,0,0,0,0,0,0,0,0,0,0
57.112932,6819,30729,37722,0,0,0,0,0,0,0,0,0,0,0,0,0,0
57.131229,6818,30735,37736,0,0,0,0,0,0,0,0,0,0,0,0,0,0
57.132236,6813,30743,37751,0,0,0,0,0,0,0,0,0,0,0,0,0,0
57.150341,6811,30748,37767,0,0,0,0,0,0,0,0,0,0,0,0,0,0
57.151345,6812,30753,37787,0,0,0,0,0,0,0,0,0,0,0,0,0,0
57.171167,6814,30766,37808,0,0,0,0,0,0,0,0,0,0,0,0,0,0
57.173223,6816,30769,37829,0,0,0,0,0,0,0,0,0,0,0,0,0,0
57.190202,6820,30785,37851,0,0,0,0,0,0,0,0,0,0,0,0,0,0
57.192283,6823,30789,37877,0,0,0,0,0,0,0,0,0,0,0,0,0,0
57.209748,6828,30795,37897,0,0,0,0,0,0,0,0,0,0,0,0,0,0
57.211806,6831,30800,37918,0,0,0,0,0,0,0,0,0,0,0,0,0,0
57.230267,6836,30807,37934,0,0,0,0,0,0,0,0,0,0,0,0,0,0
57.231312,6842,30812,37953,0,0,0,0,0,0,0,0,0,0,0,0,0,0
57.249905,6847,30821,37971,0,0,0,0,0,0,0,0,0,0,0,0,0,0
57.251952,6856,30828,37995,0,0,0,0,0,0,0,0,0,0,0,0,0,0
57.260311,6863,30844,38024,0,0,0,0,0,0,0,0,0,0,0,0,0,0
57.280323,6875,30854,38055,0,0,0,0,0,0,0,0,0,0,0,0,0,0
57.281329,6877,30863,38081,0,0,0,0,0,0,0,0,0,0,0,0,0,0
57.30004,6890,30871,38106,0,0,0,0,0,0,0,0,0,0,0,0,0,0
57.302056,6892,30875,38116,0,0,0,0,0,0,0,0,0,0,0,0,0,0
57.321346,6903,30876,38127,0,0,0,0,0,0,0,0,0,0,0,0,0,0
57.323395,6907,30879,38135,0,0,0,0,0,0,0,0,0,0,0,0,0,0
57.340954,6917,30881,38152,0,0,0,0,0,0,0,0,0,0,0,0,0,0
57.341962,6922,30890,38172,0,0,0,0,0,0,0,0,0,0,0,0,0,0
57.361337,6935,30902,38201,0,0,0,0,0,0,0,0,0,0,0,0,0,0
57.362348,6938,30914,38225,0,0,0,0,0,0,0,0,0,0,0,0,0,0
57.379417,6946,30924,38250,0,0,0,0,0,0,0,0,0,0,0,0,0,0
57.381449,6963,30934,38272,0,0,0,0,0,0,0,0,0,0,0,0,0,0
57.401589,6969,30937,38283,0,0,0,0,0,0,0,0,0,0,0,0,0,0
57.403662,6976,30939,38283,0,0,0,0,0,0,0,0,0,0,0,0,0,0
57.420001,6985,30933,38280,0,0,0,0,0,0,0,0,0,0,0,0,0,0
57.422032,6985,30932,38279,0,0,0,0,0,0,0,0,0,0,0,0,0,0
57.441511,6990,30927,38270,0,0,0,0,0,0,0,0,0,0,0,0,0,0
57.442523,6990,30926,38265,0,0,0,0,0,0,0,0,0,0,0,0,0,0
57.450718,6989,30924,38247,0,0,0,0,0,0,0,0,0,0,0,0,0,0
57.470136,6990,30920,38230,0,0,0,0,0,0,0,0,0,0,0,0,0,0
57.472592,6987,30914,38207,0,0,0,0,0,0,0,0,0,0,0,0,0,0
57.490582,6982,30907,38189,0,0,0,0,0,0,0,0,0,0,0,0,0,0
57.491626,6970,30903,38167,0,0,0,0,0,0,0,0,0,0,0,0,0,0
57.512274,6966,30899,38149,0,0,0,0,0,0,0,0,0,0,0,0,0,0
57.5133,6958,30895,38133,0,0,0,0,0,0,0,0,0,0,0,0,0,0
57.531062,6953,30893,38118,0,0,0,0,0,0,0,0,0,0,0,0,0,0
57.532171,6940,30890,38105,0,0,0,0,0,0,0,0,0,0,0,0,0,0
57.549772,6934,30888,38093,0,0,0,0,0,0,0,0,0,0,0,0,0,0
57.551817,6923,30886,38083,0,0,0,0,0,0,0,0,0,0,0,0,0,0
57.571765,6915,30879,38073,0,0,0,0,0,0,0,0,0,0,0,0,0,0
57.572782,6908,30876,38060,0,0,0,0,0,0,0,0,0,0,0,0,0,0
57.589651,6902,30872,38052,0,0,0,0,0,0,0,0,0,0,0,0,0,0
57.591671,6891,30868,38035,0,0,0,0,0,0,0,0,0,0,0,0,0,0
57.612246,6884,30861,38028,0,0,0,0,0,0,0,0,0,0,0,0,0,0
57.613261,6879,30860,38019,0,0,0,0,0,0,0,0,0,0,0,0,0,0
57.630964,6872,30856,38020,0,0,0,0,0,0,0,0,0,0,0,0,0,0
57.631974,6870,30857,38021,0,0,0,0,0,0,0,0,0,0,0,0,0,0
57.650301,6867,30858,38021,0,0,0,0,0,0,0,0,0,0,0,0,0,0
57.651329,6862,30861,38019,0,0,0,0,0,0,0,0,0,0,0,0,0,0
57.671507,6860,30860,38026,0,0,0,0,0,0,0,0,0,0,0,0,0,0
57.67361,6858,30861,38023,0,0,0,0,0,0,0,0,0,0,0,0,0,0
57.680809,6855,30858,38020,0,0,0,0,0,0,0,0,0,0,0,0,0,0
57.681832,6849,30852,38016,0,0,0,0,0,0,0,0,0,0,0,0,0,0
57.700494,6848,30845,38004,0,0,0,0,0,0,0,0,0,0,0,0,0,0
57.72215,6844,30842,37996,0,0,0,0,0,0,0,0,0,0,0,0,0,0
57.723171,6842,30837,37991,0,0,0,0,0,0,0,0,0,0,0,0,0,0
57.740744,6836,30836,37989,0,0,0,0,0,0,0,0,0,0,0,0,0,0
57.741776,6836,30839,37999,0,0,0,0,0,0,0,0,0,0,0,0,0,0
57.760468,6836,30845,38013,0,0,0,0,0,0,0,0,0,0,0,0,0,0
57.761474,6838,30856,38033,0,0,0,0,0,0,0,0,0,0,0,0,0,0
57.780899,6840,30867,38057,0,0,0,0,0,0,0,0,0,0,0,0,0,0
57.783041,6843,30876,38076,0,0,0,0,0,0,0,0,0,0,0,0,0,0
57.799785,6848,30888,38101,0,0,0,0,0,0,0,0,0,0,0,0,0,0
57.80185,6855,30897,38122,0,0,0,0,0,0,0,0,0,0,0,0,0,0
57.82143,6861,30909,38143,0,0,0,0,0,0,0,0,0,0,0,0,0,0
57.822538,6868,30915,38158,0,0,0,0,0,0,0,0,0,0,0,0,0,0
57.841089,6867,30918,38169,0,0,0,0,0,0,0,0,0,0,0,0,0,0
57.8432,6873,30919,38170,0,0,0,0,0,0,0,0,0,0,0,0,0,0
57.85968,6875,30924,38177,0,0,0,0,0,0,0,0,0,0,0,0,0,0
57.861758,6879,30920,38183,0,0,0,0,0,0,0,0,0,0,0,0,0,0
57.881825,6880,30923,38185,0,0,0,0,0,0,0,0,0,0,0,0,0,0
57.882832,6887,30925,38192,0,0,0,0,0,0,0,0,0,0,0,0,0,0
57.900126,6890,30930,38206,0,0,0,0,0,0,0,0,0,0,0,0,0,0
57.901155,6896,30933,38215,0,0,0,0,0,0,0,0,0,0,0,0,0,0
57.921639,6897,30938,38224,0,0,0,0,0,0,0,0,0,0,0,0,0,0
57.922657,6903,30942,38232,0,0,0,0,0,0,0,0,0,0,0,0,0,0
57.930809,6905,30944,38247,0,0,0,0,0,0,0,0,0,0,0,0,0,0
57.950197,6911,30949,38246,0,0,0,0,0,0,0,0,0,0,0,0,0,0
57.951363,6913,30950,38256,0,0,0,0,0,0,0,0,0,0,0,0,0,0
57.961577,6919,30948,38256,0,0,0,0,0,0,0,0,0,0,0,0,0,0
57.981712,6918,30953,38258,0,0,0,0,0,0,0,0,0,0,0,0,0,0
57.982718,6922,30949,38255,0,0,0,0,0,0,0,0,0,0,0,0,0,0
57.999727,6924,30950,38257,0,0,0,0,0,0,0,0,0,0,0,0,0,0
58.001763,6927,30947,38256,0,0,0,0,0,0,0,0,0,0,0,0,0,0
58.020255,6927,30944,38258,0,0,0,0,0,0,0,0,0,0,0,0,0,0
58.021278,6931,30948,38258,0,0,0,0,0,0,0,0,0,0,0,0,0,0
58.040845,6934,30951,38269,0,0,0,0,0,0,0,0,0,0,0,0,0,0
58.041878,6941,30958,38288,0,0,0,0,0,0,0,0,0,0,0,0,0,0
58.060282,6947,30968,38306,0,0,0,0,0,0,0,0,0,0,0,0,0,0
58.061292,6953,30979,38344,0,0,0,0,0,0,0,0,0,0,0,0,0,0
58.081203,6966,30993,38371,0,0,0,0,0,0,0,0,0,0,0,0,0,0
58.082215,6978,31010,38412,0,0,0,0,0,0,0,0,0,0,0,0,0,0
58.090889,6991,31031,38456,0,0,0,0,0,0,0,0,0,0,0,0,0,0
58.11025,7008,31052,38498,0,0,0,0,0,0,0,0,0,0,0,0,0,0
58.111274,7024,31071,38533,0,0,0,0,0,0,0,0,0,0,0,0,0,0
58.131794,7038,31086,38572,0,0,0,0,0,0,0,0,0,0,0,0,0,0
58.132833,7056,31096,38585,0,0,0,0,0,0,0,0,0,0,0,0,0,0
58.150339,7062,31098,38594,0,0,0,0,0,0,0,0,0,0,0,0,0,0
58.151427,7072,31103,38592,0,0,0,0,0,0,0,0,0,0,0,0,0,0
58.171897,7078,31098,38586,0,0,0,0,0,0,0,0,0,0,0,0,0,0
58.173407,7079,31094,38568,0,0,0,0,0,0,0,0,0,0,0,0,0,0
58.189755,7074,31086,38549,0,0,0,0,0,0,0,0,0,0,0,0,0,0
58.191969,7070,31084,38527,0,0,0,0,0,0,0,0,0,0,0,0,0,0
58.210723,7062,31077,38503,0,0,0,0,0,0,0,0,0,0,0,0,0,0
58.211833,7061,31078,38500,0,0,0,0,0,0,0,0,0,0,0,0,0,0
58.230649,7064,31092,38514,0,0,0,0,0,0,0,0,0,0,0,0,0,0
58.231734,7071,31109,38541,0,0,0,0,0,0,0,0,0,0,0,0,0,0
58.250242,7082,31133,38579,0,0,0,0,0,0,0,0,0,0,0,0,0,0
58.251255,7093,31158,38611,0,0,0,0,0,0,0,0,0,0,0,0,0,0
58.27161,7108,31177,38649,0,0,0,0,0,0,0,0,0,0,0,0,0,0
58.273625,7117,31194,38669,0,0,0,0,0,0,0,0,0,0,0,0,0,0
58.291142,7130,31203,38689,0,0,0,0,0,0,0,0,0,0,0,0,0,0
58.292149,7136,31209,38693,0,0,0,0,0,0,0,0,0,0,0,0,0,0
58.311162,7141,31210,38704,0,0,0,0,0,0,0,0,0,0,0,0,0,0
58.312267,7150,31218,38713,0,0,0,0,0,0,0,0,0,0,0,0,0,0
58.321757,7159,31226,38725,0,0,0,0,0,0,0,0,0,0,0,0,0,0
58.322766,7168,31235,38737,0,0,0,0,0,0,0,0,0,0,0,0,0,0
58.339986,7176,31239,38748,0,0,0,0,0,0,0,0,0,0,0,0,0,0
58.3607,7184,31244,38745,0,0,0,0,0,0,0,0,0,0,0,0,0,0
58.361728,7191,31238,38750,0,0,0,0,0,0,0,0,0,0,0,0,0,0
58.381634,7190,31240,38742,0,0,0,0,0,0,0,0,0,0,0,0,0,0
58.382689,7192,31229,38735,0,0,0,0,0,0,0,0,0,0,0,0,0,0
58.400412,7195,31227,38728,0,0,0,0,0,0,0,0,0,0,0,0,0,0
58.401443,7196,31222,38717,0,0,0,0,0,0,0,0,0,0,0,0,0,0
58.422038,7193,31213,38697,0,0,0,0,0,0,0,0,0,0,0,0,0,0
58.423057,7192,31200,38678,0,0,0,0,0,0,0,0,0,0,0,0,0,0
58.440454,7187,31189,38651,0,0,0,0,0,0,0,0,0,0,0,0,0,0
58.441467,7181,31174,38629,0,0,0,0,0,0,0,0,0,0,0,0,0,0
58.462113,7176,31169,38609,0,0,0,0,0,0,0,0,0,0,0,0,0,0
58.463119,7168,31161,38597,0,0,0,0,0,0,0,0,0,0,0,0,0,0
58.480047,7169,31158,38589,0,0,0,0,0,0,0,0,0,0,0,0,0,0
58.481073,7169,31158,38583,0,0,0,0,0,0,0,0,0,0,0,0,0,0
58.499887,7168,31168,38600,0,0,0,0,0,0,0,0,0,0,0,0,0,0
58.501898,7176,31186,38633,0,0,0,0,0,0,0,0,0,0,0,0,0,0
58.520429,7189,31205,38675,0,0,0,0,0,0,0,0,0,0,0,0,0,0
58.5215,7204,31223,38717,0,0,0,0,0,0,0,0,0,0,0,0,0,0
58.542101,7216,31244,38741,0,0,0,0,0,0,0,0,0,0,0,0,0,0
58.543141,7220,31247,38749,0,0,0,0,0,0,0,0,0,0,0,0,0,0
58.56048,7229,31241,38741,0,0,0,0,0,0,0,0,0,0,0,0,0,0
58.561587,7229,31231,38722,0,0,0,0,0,0,0,0,0,0,0,0,0,0
58.572004,7224,31218,38693,0,0,0,0,0,0,0,0,0,0,0,0,0,0
58.591178,7221,31203,38665,0,0,0,0,0,0,0,0,0,0,0,0,0,0
58.592184,7219,31187,38641,0,0,0,0,0,0,0,0,0,0,0,0,0,0
58.610367,7215,31184,38619,0,0,0,0,0,0,0,0,0,0,0,0,0,0
58.611371,7215,31171,38611,0,0,0,0,0,0,0,0,0,0,0,0,0,0
58.631304,7210,31171,38600,0,0,0,0,0,0,0,0,0,0,0,0,0,0
58.632334,7208,31162,38585,0,0,0,0,0,0,0,0,0,0,0,0,0,0
58.650897,7203,31154,38567,0,0,0,0,0,0,0,0,0,0,0,0,0,0
58.651932,7194,31141,38549,0,0,0,0,0,0,0,0,0,0,0,0,0,0
58.670576,7192,31143,38540,0,0,0,0,0,0,0,0,0,0,0,0,0,0
58.671602,7190,31143,38539,0,0,0,0,0,0,0,0,0,0,0,0,0,0
58.691314,7188,31140,38531,0,0,0,0,0,0,0,0,0,0,0,0,0,0
58.692323,7187,31131,38523,0,0,0,0,0,0,0,0,0,0,0,0,0,0
58.710935,7182,31125,38505,0,0,0,0,0,0,0,0,0,0,0,0,0,0
58.712559,7178,31111,38486,0,0,0,0,0,0,0,0,0,0,0,0,0,0
58.73161,7168,31094,38453,0,0,0,0,0,0,0,0,0,0,0,0,0,0
58.732637,7160,31071,38421,0,0,0,0,0,0,0,0,0,0,0,0,0,0
58.751316,7146,31056,38382,0,0,0,0,0,0,0,0,0,0,0,0,0,0
58.752376,7132,31033,38339,0,0,0,0,0,0,0,0,0,0,0,0,0,0
58.769666,7115,31013,38298,0,0,0,0,0,0,0,0,0,0,0,0,0,0
58.771691,7104,30993,38260,0,0,0,0,0,0,0,0,0,0,0,0,0,0
58.791227,7086,30979,38240,0,0,0,0,0,0,0,0,0,0,0,0,0,0
58.792256,7079,30971,38228,0,0,0,0,0,0,0,0,0,0,0,0,0,0
58.811278,7070,30985,38249,0,0,0,0,0,0,0,0,0,0,0,0,0,0
58.812292,7072,31004,38292,0,0,0,0,0,0,0,0,0,0,0,0,0,0
58.821455,7078,31033,38358,0,0,0,0,0,0,0,0,0,0,0,0,0,0
58.840706,7090,31062,38420,0,0,0,0,0,0,0,0,0,0,0,0,0,0
58.841814,7094,31085,38454,0,0,0,0,0,0,0,0,0,0,0,0,0,0
58.859559,7104,31086,38463,0,0,0,0,0,0,0,0,0,0,0,0,0,0
58.861645,7099,31080,38446,0,0,0,0,0,0,0,0,0,0,0,0,0,0
58.881296,7097,31068,38419,0,0,0,0,0,0,0,0,0,0,0,0,0,0
58.882322,7084,31054,38388,0,0,0,0,0,0,0,0,0,0,0,0,0,0
58.901156,7076,31038,38351,0,0,0,0,0,0,0,0,0,0,0,0,0,0
58.903202,7061,31028,38321,0,0,0,0,0,0,0,0,0,0,0,0,0,0
58.919777,7051,31020,38296,0,0,0,0,0,0,0,0,0,0,0,0,0,0
58.921873,7035,31014,38282,0,0,0,0,0,0,0,0,0,0,0,0,0,0
58.941205,7025,31007,38261,0,0,0,0,0,0,0,0,0,0,0,0,0,0
58.942217,7012,31001,38246,0,0,0,0,0,0,0,0,0,0,0,0,0,0
58.959478,6998,30997,38244,0,0,0,0,0,0,0,0,0,0,0,0,0,0
58.961517,6996,31002,38255,0,0,0,0,0,0,0,0,0,0,0,0,0,0
58.980509,6993,31013,38276,0,0,0,0,0,0,0,0,0,0,0,0,0,0
58.981515,6995,31029,38305,0,0,0,0,0,0,0,0,0,0,0,0,0,0
59.000473,7001,31055,38357,0,0,0,0,0,0,0,0,0,0,0,0,0,0
59.001484,7016,31094,38426,0,0,0,0,0,0,0,0,0,0,0,0,0,0
59.022106,7031,31132,38513,0,0,0,0,0,0,0,0,0,0,0,0,0,0
59.024137,7054,31172,38583,0,0,0,0,0,0,0,0,0,0,0,0,0,0
59.040648,7071,31198,38633,0,0,0,0,0,0,0,0,0,0,0,0,0,0
59.042678,7087,31211,38665,0,0,0,0,0,0,0,0,0,0,0,0,0,0
59.049829,7100,31221,38684,0,0,0,0,0,0,0,0,0,0,0,0,0,0
59.051858,7120,31230,38705,0,0,0,0,0,0,0,0,0,0,0,0,0,0
59.071829,7121,31232,38714,0,0,0,0,0,0,0,0,0,0,0,0,0,0
59.090099,7138,31233,38714,0,0,0,0,0,0,0,0,0,0,0,0,0,0
59.092131,7138,31231,38724,0,0,0,0,0,0,0,0,0,0,0,0,0,0
59.109894,7152,31238,38731,0,0,0,0,0,0,0,0,0,0,0,0,0,0
59.111929,7163,31238,38738,0,0,0,0,0,0,0,0,0,0,0,0,0,0
59.130859,7172,31235,38741,0,0,0,0,0,0,0,0,0,0,0,0,0,0
59.131883,7174,31236,38748,0,0,0,0,0,0,0,0,0,0,0,0,0,0
59.151355,7185,31243,38763,0,0,0,0,0,0,0,0,0,0,0,0,0,0
59.152362,7199,31253,38784,0,0,0,0,0,0,0,0,0,0,0,0,0,0
59.169598,7210,31261,38805,0,0,0,0,0,0,0,0,0,0,0,0,0,0
59.171662,7217,31259,38807,0,0,0,0,0,0,0,0,0,0,0,0,0,0
59.192196,7224,31258,38798,0,0,0,0,0,0,0,0,0,0,0,0,0,0
59.194278,7223,31250,38791,0,0,0,0,0,0,0,0,0,0,0,0,0,0
59.201492,7230,31247,38786,0,0,0,0,0,0,0,0,0,0,0,0,0,0
59.220719,7230,31247,38789,0,0,0,0,0,0,0,0,0,0,0,0,0,0
59.222785,7235,31242,38784,0,0,0,0,0,0,0,0,0,0,0,0,0,0
59.240052,7242,31237,38771,0,0,0,0,0,0,0,0,0,0,0,0,0,0
59.242281,7235,31213,38729,0,0,0,0,0,0,0,0,0,0,0,0,0,0
59.260269,7219,31169,38645,0,0,0,0,0,0,0,0,0,0,0,0,0,0
59.261368,7197,31108,38528,0,0,0,0,0,0,0,0,0,0,0,0,0,0
59.280593,7172,31052,38418,0,0,0,0,0,0,0,0,0,0,0,0,0,0
59.281618,7147,31007,38332,0,0,0,0,0,0,0,0,0,0,0,0,0,0
59.300926,7124,30978,38280,0,0,0,0,0,0,0,0,0,0,0,0,0,0
59.301931,7115,30970,38264,0,0,0,0,0,0,0,0,0,0,0,0,0,0
59.322125,7105,30973,38275,0,0,0,0,0,0,0,0,0,0,0,0,0,0
59.323142,7106,30998,38322,0,0,0,0,0,0,0,0,0,0,0,0,0,0
59.340588,7119,31024,38386,0,0,0,0,0,0,0,0,0,0,0,0,0,0
59.341594,7133,31056,38452,0,0,0,0,0,0,0,0,0,0,0,0,0,0
59.349818,7143,31073,38496,0,0,0,0,0,0,0,0,0,0,0,0,0,0
59.370473,7153,31084,38522,0,0,0,0,0,0,0,0,0,0,0,0,0,0
59.372555,7163,31092,38552,0,0,0,0,0,0,0,0,0,0,0,0,0,0
59.392072,7174,31107,38586,0,0,0,0,0,0,0,0,0,0,0,0,0,0
59.393078,7187,31125,38625,0,0,0,0,0,0,0,0,0,0,0,0,0,0
59.409886,7208,31152,38679,0,0,0,0,0,0,0,0,0,0,0,0,0,0
59.411934,7228,31187,38743,0,0,0,0,0,0,0,0,0,0,0,0,0,0
59.431916,7257,31218,38796,0,0,0,0,0,0,0,0,0,0,0,0,0,0
59.432971,7272,31232,38828,0,0,0,0,0,0,0,0,0,0,0,0,0,0
59.450322,7279,31234,38834,0,0,0,0,0,0,0,0,0,0,0,0,0,0
59.451351,7288,31226,38834,0,0,0,0,0,0,0,0,0,0,0,0,0,0
59.471972,7290,31227,38831,0,0,0,0,0,0,0,0,0,0,0,0,0,0
59.474022,7297,31227,38844,0,0,0,0,0,0,0,0,0,0,0,0,0,0
59.491056,7304,31237,38855,0,0,0,0,0,0,0,0,0,0,0,0,0,0
59.492181,7313,31245,38883,0,0,0,0,0,0,0,0,0,0,0,0,0,0
59.512011,7323,31259,38900,0,0,0,0,0,0,0,0,0,0,0,0,0,0
59.513048,7331,31266,38915,0,0,0,0,0,0,0,0,0,0,0,0,0,0
59.529539,7334,31265,38919,0,0,0,0,0,0,0,0,0,0,0,0,0,0
59.531563,7337,31262,38915,0,0,0,0,0,0,0,0,0,0,0,0,0,0
59.550025,7342,31259,38914,0,0,0,0,0,0,0,0,0,0,0,0,0,0
59.552066,7345,31253,38913,0,0,0,0,0,0,0,0,0,0,0,0,0,0
59.570324,7350,31259,38913,0,0,0,0,0,0,0,0,0,0,0,0,0,0
59.572373,7357,31264,38929,0,0,0,0,0,0,0,0,0,0,0,0,0,0
59.579922,7368,31282,38953,0,0,0,0,0,0,0,0,0,0,0,0,0,0
59.59979,7376,31291,38958,0,0,0,0,0,0,0,0,0,0,0,0,0,0
59.601899,7383,31294,38967,0,0,0,0,0,0,0,0,0,0,0,0,0,0
59.620459,7387,31302,38970,0,0,0,0,0,0,0,0,0,0,0,0,0,0
59.621467,7392,31306,38969,0,0,0,0,0,0,0,0,0,0,0,0,0,0
59.641943,7398,31308,38964,0,0,0,0,0,0,0,0,0,0,0,0,0,0
59.642955,7402,31314,38976,0,0,0,0,0,0,0,0,0,0,0,0,0,0
59.660347,7405,31323,38982,0,0,0,0,0,0,0,0,0,0,0,0,0,0
59.661374,7411,31332,38994,0,0,0,0,0,0,0,0,0,0,0,0,0,0
59.681253,7417,31336,38998,0,0,0,0,0,0,0,0,0,0,0,0,0,0
59.682283,7421,31344,39007,0,0,0,0,0,0,0,0,0,0,0,0,0,0
59.700447,7426,31352,39019,0,0,0,0,0,0,0,0,0,0,0,0,0,0
59.70145,7432,31358,39028,0,0,0,0,0,0,0,0,0,0,0,0,0,0
59.721694,7436,31359,39027,0,0,0,0,0,0,0,0,0,0,0,0,0,0
59.723708,7437,31361,39029,0,0,0,0,0,0,0,0,0,0,0,0,0,0
59.741117,7439,31360,39025,0,0,0,0,0,0,0,0,0,0,0,0,0,0
59.742126,7443,31363,39027,0,0,0,0,0,0,0,0,0,0,0,0,0,0
59.759486,7443,31362,39030,0,0,0,0,0,0,0,0,0,0,0,0,0,0
59.761524,7445,31358,39028,0,0,0,0,0,0,0,0,0,0,0,0,0,0
59.779627,7452,31348,39010,0,0,0,0,0,0,0,0,0,0,0,0,0,0
59.782693,7448,31332,38995,0,0,0,0,0,0,0,0,0,0,0,0,0,0
59.799741,7447,31325,38981,0,0,0,0,0,0,0,0,0,0,0,0,0,0
59.801784,7450,31320,38979,0,0,0,0,0,0,0,0,0,0,0,0,0,0
59.812052,7450,31320,38975,0,0,0,0,0,0,0,0,0,0,0,0,0,0
59.813082,7453,31321,38982,0,0,0,0,0,0,0,0,0,0,0,0,0,0
59.829535,7452,31317,38974,0,0,0,0,0,0,0,0,0,0,0,0,0,0
59.850188,7454,31301,38958,0,0,0,0,0,0,0,0,0,0,0,0,0,0
59.851236,7453,31287,38932,0,0,0,0,0,0,0,0,0,0,0,0,0,0
59.87148,7450,31261,38892,0,0,0,0,0,0,0,0,0,0,0,0,0,0
59.872489,7440,31246,38860,0,0,0,0,0,0,0,0,0,0,0,0,0,0
59.89151,7432,31227,38827,0,0,0,0,0,0,0,0,0,0,0,0,0,0
59.892522,7424,31221,38811,0,0,0,0,0,0,0,0,0,0,0,0,0,0
59.91049,7423,31219,38815,0,0,0,0,0,0,0,0,0,0,0,0,0,0
59.911534,7425,31232,38833,0,0,0,0,0,0,0,0,0,0,0,0,0,0
59.931889,7433,31239,38854,0,0,0,0,0,0,0,0,0,0,0,0,0,0
59.933904,7437,31249,38860,0,0,0,0,0,0,0,0,0,0,0,0,0,0
59.950099,7442,31249,38863,0,0,0,0,0,0,0,0,0,0,0,0,0,0
59.951114,7442,31249,38865,0,0,0,0,0,0,0,0,0,0,0,0,0,0
59.970662,7447,31251,38867,0,0,0,0,0,0,0,0,0,0,0,0,0,0
59.971687,7449,31255,38874,0,0,0,0,0,0,0,0,0,0,0,0,0,0
59.991301,7455,31261,38885,0,0,0,0,0,0,0,0,0,0,0,0,0,0
59.993384,7454,31255,38888,0,0,0,0,0,0,0,0,0,0,0,0,0,0
60.011866,7458,31268,38897,0,0,0,0,0,0,0,0,0,0,0,0,0,0
60.012887,7461,31265,38904,0,0,0,0,0,0,0,0,0,0,0,0,0,0
60.031321,7468,31276,38918,0,0,0,0,0,0,0,0,0,0,0,0,0,0
60.032337,7476,31281,38933,0,0,0,0,0,0,0,0,0,0,0,0,0,0
60.049767,7479,31287,38945,0,0,0,0,0,0,0,0,0,0,0,0,0,0
60.05179,7486,31288,38961,0,0,0,0,0,0,0,0,0,0,0,0,0,0
60.061877,7496,31304,38975,0,0,0,0,0,0,0,0,0,0,0,0,0,0
60.080765,7501,31305,38987,0,0,0,0,0,0,0,0,0,0,0,0,0,0
60.0818,7507,31312,38995,0,0,0,0,0,0,0,0,0,0,0,0,0,0
60.100794,7510,31307,39001,0,0,0,0,0,0,0,0,0,0,0,0,0,0
60.101822,7511,31316,39012,0,0,0,0,0,0,0,0,0,0,0,0,0,0
60.122301,7515,31319,39016,0,0,0,0,0,0,0,0,0,0,0,0,0,0
60.123336,7523,31324,39030,0,0,0,0,0,0,0,0,0,0,0,0,0,0
60.140807,7529,31323,39033,0,0,0,0,0,0,0,0,0,0,0,0,0,0
60.141874,7526,31330,39037,0,0,0,0,0,0,0,0,0,0,0,0,0,0
60.162228,7531,31325,39035,0,0,0,0,0,0,0,0,0,0,0,0,0,0
60.163242,7530,31324,39031,0,0,0,0,0,0,0,0,0,0,0,0,0,0
60.181154,7529,31318,39020,0,0,0,0,0,0,0,0,0,0,0,0,0,0
60.182169,7531,31316,39016,0,0,0,0,0,0,0,0,0,0,0,0,0,0
60.200056,7534,31313,39016,0,0,0,0,0,0,0,0,0,0,0,0,0,0
60.201084,7533,31315,39014,0,0,0,0,0,0,0,0,0,0,0,0,0,0
60.220762,7537,31311,39006,0,0,0,0,0,0,0,0,0,0,0,0,0,0
60.221787,7534,31313,38996,0,0,0,0,0,0,0,0,0,0,0,0,0,0
60.240245,7531,31296,38972,0,0,0,0,0,0,0,0,0,0,0,0,0,0
60.241271,7525,31284,38937,0,0,0,0,0,0,0,0,0,0,0,0,0,0
60.259623,7517,31264,38886,0,0,0,0,0,0,0,0,0,0,0,0,0,0
60.261636,7493,31245,38833,0,0,0,0,0,0,0,0,0,0,0,0,0,0
60.281203,7472,31223,38774,0,0,0,0,0,0,0,0,0,0,0,0,0,0
60.282226,7451,31209,38731,0,0,0,0,0,0,0,0,0,0,0,0,0,0
60.289818,7438,31197,38708,0,0,0,0,0,0,0,0,0,0,0,0,0,0
60.309878,7426,31200,38704,0,0,0,0,0,0,0,0,0,0,0,0,0,0
60.31193,7424,31204,38708,0,0,0,0,0,0,0,0,0,0,0,0,0,0
60.331487,7422,31215,38730,0,0,0,0,0,0,0,0,0,0,0,0,0,0
60.333529,7430,31231,38758,0,0,0,0,0,0,0,0,0,0,0,0,0,0
60.350078,7431,31249,38791,0,0,0,0,0,0,0,0,0,0,0,0,0,0
60.352141,7446,31269,38834,0,0,0,0,0,0,0,0,0,0,0,0,0,0
60.371655,7452,31285,38873,0,0,0,0,0,0,0,0,0,0,0,0,0,0
60.372667,7468,31301,38903,0,0,0,0,0,0,0,0,0,0,0,0,0,0
60.391055,7476,31315,38932,0,0,0,0,0,0,0,0,0,0,0,0,0,0
60.392084,7490,31324,38951,0,0,0,0,0,0,0,0,0,0,0,0,0,0
60.409505,7497,31329,38964,0,0,0,0,0,0,0,0,0,0,0,0,0,0
60.411628,7503,31332,38976,0,0,0,0,0,0,0,0,0,0,0,0,0,0
60.431856,7514,31338,38987,0,0,0,0,0,0,0,0,0,0,0,0,0,0
60.432918,7520,31342,39005,0,0,0,0,0,0,0,0,0,0,0,0,0,0
60.45008,7532,31350,39026,0,0,0,0,0,0,0,0,0,0,0,0,0,0
60.451087,7544,31357,39046,0,0,0,0,0,0,0,0,0,0,0,0,0,0
60.470305,7554,31370,39067,0,0,0,0,0,0,0,0,0,0,0,0,0,0
60.472333,7564,31384,39100,0,0,0,0,0,0,0,0,0,0,0,0,0,0
60.490173,7578,31403,39130,0,0,0,0,0,0,0,0,0,0,0,0,0,0
60.492707,7590,31418,39161,0,0,0,0,0,0,0,0,0,0,0,0,0,0
60.512107,7598,31434,39189,0,0,0,0,0,0,0,0,0,0,0,0,0,0
60.513139,7605,31447,39207,0,0,0,0,0,0,0,0,0,0,0,0,0,0
60.520359,7614,31453,39214,0,0,0,0,0,0,0,0,0,0,0,0,0,0
60.54203,7615,31449,39219,0,0,0,0,0,0,0,0,0,0,0,0,0,0
60.543047,7622,31447,39205,0,0,0,0,0,0,0,0,0,0,0,0,0,0
60.560405,7622,31441,39195,0,0,0,0,0,0,0,0,0,0,0,0,0,0
60.561417,7622,31435,39185,0,0,0,0,0,0,0,0,0,0,0,0,0,0
60.582667,7620,31423,39172,0,0,0,0,0,0,0,0,0,0,0,0,0,0
60.583684,7622,31416,39158,0,0,0,0,0,0,0,0,0,0,0,0,0,0
60.600849,7614,31408,39136,0,0,0,0,0,0,0,0,0,0,0,0,0,0
60.601874,7615,31394,39120,0,0,0,0,0,0,0,0,0,0,0,0,0,0
60.620358,7609,31385,39105,0,0,0,0,0,0,0,0,0,0,0,0,0,0
60.621374,7615,31371,39077,0,0,0,0,0,0,0,0,0,0,0,0,0,0
60.641934,7602,31347,39038,0,0,0,0,0,0,0,0,0,0,0,0,0,0
60.642959,7590,31314,38972,0,0,0,0,0,0,0,0,0,0,0,0,0,0
60.659792,7568,31279,38896,0,0,0,0,0,0,0,0,0,0,0,0,0,0
60.661806,7546,31243,38827,0,0,0,0,0,0,0,0,0,0,0,0,0,0
60.68063,7522,31216,38768,0,0,0,0,0,0,0,0,0,0,0,0,0,0
60.681661,7505,31198,38734,0,0,0,0,0,0,0,0,0,0,0,0,0,0
60.700171,7496,31188,38718,0,0,0,0,0,0,0,0,0,0,0,0,0,0
60.701179,7487,31194,38727,0,0,0,0,0,0,0,0,0,0,0,0,0,0
60.721478,7492,31204,38754,0,0,0,0,0,0,0,0,0,0,0,0,0,0
60.722486,7499,31226,38800,0,0,0,0,0,0,0,0,0,0,0,0,0,0
60.740136,7513,31253,38864,0,0,0,0,0,0,0,0,0,0,0,0,0,0
60.741204,7531,31278,38921,0,0,0,0,0,0,0,0,0,0,0,0,0,0
60.749593,7545,31300,38960,0,0,0,0,0,0,0,0,0,0,0,0,0,0
60.751754,7556,31314,38993,0,0,0,0,0,0,0,0,0,0,0,0,0,0
60.770558,7571,31326,39004,0,0,0,0,0,0,0,0,0,0,0,0,0,0
60.790659,7578,31328,39014,0,0,0,0,0,0,0,0,0,0,0,0,0,0
60.791683,7583,31325,39013,0,0,0,0,0,0,0,0,0,0,0,0,0,0
60.811543,7585,31323,39016,0,0,0,0,0,0,0,0,0,0,0,0,0,0
60.812565,7593,31330,39022,0,0,0,0,0,0,0,0,0,0,0,0,0,0
60.830347,7599,31337,39036,0,0,0,0,0,0,0,0,0,0,0,0,0,0
60.831375,7608,31344,39053,0,0,0,0,0,0,0,0,0,0,0,0,0,0
60.850379,7615,31355,39070,0,0,0,0,0,0,0,0,0,0,0,0,0,0
60.851902,7619,31360,39085,0,0,0,0,0,0,0,0,0,0,0,0,0,0
60.870748,7627,31371,39089,0,0,0,0,0,0,0,0,0,0,0,0,0,0
60.871761,7632,31371,39093,0,0,0,0,0,0,0,0,0,0,0,0,0,0
60.889687,7633,31367,39078,0,0,0,0,0,0,0,0,0,0,0,0,0,0
60.891123,7629,31363,39060,0,0,0,0,0,0,0,0,0,0,0,0,0,0
60.909657,7626,31353,39037,0,0,0,0,0,0,0,0,0,0,0,0,0,0
60.911667,7616,31343,39010,0,0,0,0,0,0,0,0,0,0,0,0,0,0
60.930475,7603,31331,38976,0,0,0,0,0,0,0,0,0,0,0,0,0,0
60.931521,7593,31316,38947,0,0,0,0,0,0,0,0,0,0,0,0,0,0
60.951755,7583,31306,38918,0,0,0,0,0,0,0,0,0,0,0,0,0,0
60.952781,7570,31302,38904,0,0,0,0,0,0,0,0,0,0,0,0,0,0
60.970481,7568,31297,38889,0,0,0,0,0,0,0,0,0,0,0,0,0,0
60.972574,7561,31296,38882,0,0,0,0,0,0,0,0,0,0,0,0,0,0
60.989246,7557,31294,38876,0,0,0,0,0,0,0,0,0,0,0,0,0,0
60.991835,7554,31287,38865,0,0,0,0,0,0,0,0,0,0,0,0,0,0
61.000765,7550,31272,38845,0,0,0,0,0,0,0,0,0,0,0,0,0,0
61.02088,7542,31264,38830,0,0,0,0,0,0,0,0,0,0,0,0,0,0
61.022994,7539,31253,38814,0,0,0,0,0,0,0,0,0,0,0,0,0,0
61.040159,7532,31243,38800,0,0,0,0,0,0,0,0,0,0,0,0,0,0
61.041163,7529,31234,38786,0,0,0,0,0,0,0,0,0,0,0,0,0,0
61.059655,7526,31223,38770,0,0,0,0,0,0,0,0,0,0,0,0,0,0
61.061831,7522,31220,38772,0,0,0,0,0,0,0,0,0,0,0,0,0,0
61.080268,7526,31217,38771,0,0,0,0,0,0,0,0,0,0,0,0,0,0
61.082403,7533,31224,38804,0,0,0,0,0,0,0,0,0,0,0,0,0,0
61.100736,7540,31243,38848,0,0,0,0,0,0,0,0,0,0,0,0,0,0
61.101759,7557,31271,38909,0,0,0,0,0,0,0,0,0,0,0,0,0,0
61.121666,7578,31303,38975,0,0,0,0,0,0,0,0,0,0,0,0,0,0
61.123706,7606,31340,39042,0,0,0,0,0,0,0,0,0,0,0,0,0,0
61.141442,7626,31376,39093,0,0,0,0,0,0,0,0,0,0,0,0,0,0
61.14249,7648,31403,39151,0,0,0,0,0,0,0,0,0,0,0,0,0,0
61.159989,7660,31423,39180,0,0,0,0,0,0,0,0,0,0,0,0,0,0
61.160998,7671,31439,39207,0,0,0,0,0,0,0,0,0,0,0,0,0,0
61.182021,7677,31438,39204,0,0,0,0,0,0,0,0,0,0,0,0,0,0
61.183028,7680,31431,39195,0,0,0,0,0,0,0,0,0,0,0,0,0,0
61.199814,7679,31423,39185,0,0,0,0,0,0,0,0,0,0,0,0,0,0
61.201842,7681,31423,39190,0,0,0,0,0,0,0,0,0,0,0,0,0,0
61.22119,7687,31431,39203,0,0,0,0,0,0,0,0,0,0,0,0,0,0
61.222241,7697,31448,39234,0,0,0,0,0,0,0,0,0,0,0,0,0,0
61.230813,7708,31473,39269,0,0,0,0,0,0,0,0,0,0,0,0,0,0
61.250086,7720,31494,39299,0,0,0,0,0,0,0,0,0,0,0,0,0,0
61.252097,7731,31516,39332,0,0,0,0,0,0,0,0,0,0,0,0,0,0
61.270271,7739,31532,39363,0,0,0,0,0,0,0,0,0,0,0,0,0,0
61.271296,7754,31550,39373,0,0,0,0,0,0,0,0,0,0,0,0,0,0
61.291193,7755,31544,39370,0,0,0,0,0,0,0,0,0,0,0,0,0,0
61.292706,7759,31539,39354,0,0,0,0,0,0,0,0,0,0,0,0,0,0
61.312119,7762,31529,39345,0,0,0,0,0,0,0,0,0,0,0,0,0,0
61.313124,7759,31523,39329,0,0,0,0,0,0,0,0,0,0,0,0,0,0
61.331327,7762,31513,39321,0,0,0,0,0,0,0,0,0,0,0,0,0,0
61.332333,7764,31510,39313,0,0,0,0,0,0,0,0,0,0,0,0,0,0
61.349823,7770,31507,39313,0,0,0,0,0,0,0,0,0,0,0,0,0,0
61.351851,7773,31510,39317,0,0,0,0,0,0,0,0,0,0,0,0,0,0
61.372187,7782,31499,39301,0,0,0,0,0,0,0,0,0,0,0,0,0,0
61.373197,7779,31479,39272,0,0,0,0,0,0,0,0,0,0,0,0,0,0
61.391128,7775,31462,39243,0,0,0,0,0,0,0,0,0,0,0,0,0,0
61.393655,7762,31449,39208,0,0,0,0,0,0,0,0,0,0,0,0,0,0
61.410042,7761,31432,39182,0,0,0,0,0,0,0,0,0,0,0,0,0,0
61.411048,7754,31421,39160,0,0,0,0,0,0,0,0,0,0,0,0,0,0
61.431604,7749,31409,39133,0,0,0,0,0,0,0,0,0,0,0,0,0,0
61.432633,7740,31392,39106,0,0,0,0,0,0,0,0,0,0,0,0,0,0
61.450242,7734,31375,39083,0,0,0,0,0,0,0,0,0,0,0,0,0,0
61.451263,7724,31358,39058,0,0,0,0,0,0,0,0,0,0,0,0,0,0
61.459522,7721,31348,39047,0,0,0,0,0,0,0,0,0,0,0,0,0,0
61.482134,7721,31350,39059,0,0,0,0,0,0,0,0,0,0,0,0,0,0
61.483157,7727,31367,39093,0,0,0,0,0,0,0,0,0,0,0,0,0,0
61.500438,7745,31389,39144,0,0,0,0,0,0,0,0,0,0,0,0,0,0
61.501451,7759,31423,39191,0,0,0,0,0,0,0,0,0,0,0,0,0,0
61.519875,7769,31435,39211,0,0,0,0,0,0,0,0,0,0,0,0,0,0
61.521934,7769,31436,39202,0,0,0,0,0,0,0,0,0,0,0,0,0,0
61.540428,7765,31422,39175,0,0,0,0,0,0,0,0,0,0,0,0,0,0
61.541457,7757,31408,39138,0,0,0,0,0,0,0,0,0,0,0,0,0,0
61.561919,7742,31386,39089,0,0,0,0,0,0,0,0,0,0,0,0,0,0
61.56405,7724,31372,39044,0,0,0,0,0,0,0,0,0,0,0,0,0,0
61.58026,7707,31350,39000,0,0,0,0,0,0,0,0,0,0,0,0,0,0
61.581368,7693,31337,38965,0,0,0,0,0,0,0,0,0,0,0,0,0,0
61.600387,7681,31324,38942,0,0,0,0,0,0,0,0,0,0,0,0,0,0
61.601415,7676,31326,38937,0,0,0,0,0,0,0,0,0,0,0,0,0,0
61.621985,7670,31323,38925,0,0,0,0,0,0,0,0,0,0,0,0,0,0
61.623097,7662,31316,38910,0,0,0,0,0,0,0,0,0,0,0,0,0,0
61.640524,7648,31305,38882,0,0,0,0,0,0,0,0,0,0,0,0,0,0
61.642559,7633,31296,38861,0,0,0,0,0,0,0,0,0,0,0,0,0,0
61.659883,7624,31285,38841,0,0,0,0,0,0,0,0,0,0,0,0,0,0
61.661914,7615,31288,38832,0,0,0,0,0,0,0,0,0,0,0,0,0,0
61.681389,7613,31283,38835,0,0,0,0,0,0,0,0,0,0,0,0,0,0
61.682403,7610,31290,38852,0,0,0,0,0,0,0,0,0,0,0,0,0,0
61.690118,7618,31297,38865,0,0,0,0,0,0,0,0,0,0,0,0,0,0
61.691624,7621,31301,38880,0,0,0,0,0,0,0,0,0,0,0,0,0,0
61.710255,7625,31296,38880,0,0,0,0,0,0,0,0,0,0,0,0,0,0
61.729929,7622,31295,38880,0,0,0,0,0,0,0,0,0,0,0,0,0,0
61.731973,7629,31298,38885,0,0,0,0,0,0,0,0,0,0,0,0,0,0
61.751708,7629,31303,38898,0,0,0,0,0,0,0,0,0,0,0,0,0,0
61.752815,7635,31313,38913,0,0,0,0,0,0,0,0,0,0,0,0,0,0
61.772144,7640,31311,38927,0,0,0,0,0,0,0,0,0,0,0,0,0,0
61.773158,7636,31301,38899,0,0,0,0,0,0,0,0,0,0,0,0,0,0
61.789985,7626,31274,38857,0,0,0,0,0,0,0,0,0,0,0,0,0,0
61.791577,7618,31244,38791,0,0,0,0,0,0,0,0,0,0,0,0,0,0
61.812076,7601,31204,38723,0,0,0,0,0,0,0,0,0,0,0,0,0,0
61.813097,7586,31174,38671,0,0,0,0,0,0,0,0,0,0,0,0,0,0
61.830597,7574,31154,38636,0,0,0,0,0,0,0,0,0,0,0,0,0,0
61.831629,7565,31146,38623,0,0,0,0,0,0,0,0,0,0,0,0,0,0
61.852034,7567,31150,38636,0,0,0,0,0,0,0,0,0,0,0,0,0,0
61.853137,7573,31166,38676,0,0,0,0,0,0,0,0,0,0,0,0,0,0
61.869687,7584,31192,38725,0,0,0,0,0,0,0,0,0,0,0,0,0,0
61.871722,7591,31203,38749,0,0,0,0,0,0,0,0,0,0,0,0,0,0
61.890512,7592,31207,38754,0,0,0,0,0,0,0,0,0,0,0,0,0,0
61.89202,7587,31207,38753,0,0,0,0,0,0,0,0,0,0,0,0,0,0
61.910807,7589,31208,38753,0,0,0,0,0,0,0,0,0,0,0,0,0,0
61.911819,7585,31210,38756,0,0,0,0,0,0,0,0,0,0,0,0,0,0
61.931809,7590,31215,38773,0,0,0,0,0,0,0,0,0,0,0,0,0,0
61.932817,7590,31227,38803,0,0,0,0,0,0,0,0,0,0,0,0,0,0
61.949466,7605,31248,38850,0,0,0,0,0,0,0,0,0,0,0,0,0,0
61.95148,7617,31271,38902,0,0,0,0,0,0,0,0,0,0,0,0,0,0
61.971237,7633,31292,38950,0,0,0,0,0,0,0,0,0,0,0,0,0,0
61.973249,7649,31312,38995,0,0,0,0,0,0,0,0,0,0,0,0,0,0
61.990037,7669,31330,39036,0,0,0,0,0,0,0,0,0,0,0,0,0,0
61.991552,7680,31349,39075,0,0,0,0,0,0,0,0,0,0,0,0,0,0
62.012013,7695,31369,39101,0,0,0,0,0,0,0,0,0,0,0,0,0,0
62.013019,7701,31385,39131,0,0,0,0,0,0,0,0,0,0,0,0,0,0
62.031483,7711,31397,39159,0,0,0,0,0,0,0,0,0,0,0,0,0,0
62.032512,7716,31414,39187,0,0,0,0,0,0,0,0,0,0,0,0,0,0
62.04071,7728,31429,39214,0,0,0,0,0,0,0,0,0,0,0,0,0,0
62.04175,7733,31443,39236,0,0,0,0,0,0,0,0,0,0,0,0,0,0
62.060277,7742,31459,39259,0,0,0,0,0,0,0,0,0,0,0,0,0,0
62.080831,7743,31464,39266,0,0,0,0,0,0,0,0,0,0,0,0,0,0
62.081881,7749,31458,39263,0,0,0,0,0,0,0,0,0,0,0,0,0,0
62.101458,7748,31443,39240,0,0,0,0,0,0,0,0,0,0,0,0,0,0
62.103507,7742,31428,39207,0,0,0,0,0,0,0,0,0,0,0,0,0,0
62.122201,7737,31404,39168,0,0,0,0,0,0,0,0,0,0,0,0,0,0
62.124287,7730,31383,39129,0,0,0,0,0,0,0,0,0,0,0,0,0,0
62.14069,7719,31357,39087,0,0,0,0,0,0,0,0,0,0,0,0,0,0
62.141702,7710,31333,39039,0,0,0,0,0,0,0,0,0,0,0,0,0,0
62.149935,7700,31307,38988,0,0,0,0,0,0,0,0,0,0,0,0,0,0
62.170393,7687,31279,38927,0,0,0,0,0,0,0,0,0,0,0,0,0,0
62.171399,7664,31242,38852,0,0,0,0,0,0,0,0,0,0,0,0,0,0
62.190493,7639,31211,38778,0,0,0,0,0,0,0,0,0,0,0,0,0,0
62.192004,7616,31182,38711,0,0,0,0,0,0,0,0,0,0,0,0,0,0
62.20974,7591,31153,38655,0,0,0,0,0,0,0,0,0,0,0,0,0,0
62.211771,7571,31133,38603,0,0,0,0,0,0,0,0,0,0,0,0,0,0
62.230101,7550,31117,38560,0,0,0,0,0,0,0,0,0,0,0,0,0,0
62.231111,7531,31108,38529,0,0,0,0,0,0,0,0,0,0,0,0,0,0
62.249679,7517,31098,38514,0,0,0,0,0,0,0,0,0,0,0,0,0,0
62.251725,7506,31087,38489,0,0,0,0,0,0,0,0,0,0,0,0,0,0
62.27161,7490,31072,38458,0,0,0,0,0,0,0,0,0,0,0,0,0,0
62.272622,7473,31049,38416,0,0,0,0,0,0,0,0,0,0,0,0,0,0
62.289935,7454,31030,38379,0,0,0,0,0,0,0,0,0,0,0,0,0,0
62.291538,7434,31015,38338,0,0,0,0,0,0,0,0,0,0,0,0,0,0
62.312243,7415,31001,38318,0,0,0,0,0,0,0,0,0,0,0,0,0,0
62.313247,7397,30998,38304,0,0,0,0,0,0,0,0,0,0,0,0,0,0
62.330516,7384,30991,38304,0,0,0,0,0,0,0,0,0,0,0,0,0,0
62.331561,7372,30999,38311,0,0,0,0,0,0,0,0,0,0,0,0,0,0
62.350081,7370,31008,38338,0,0,0,0,0,0,0,0,0,0,0,0,0,0
62.351087,7370,31029,38379,0,0,0,0,0,0,0,0,0,0,0,0,0,0
62.371778,7379,31050,38440,0,0,0,0,0,0,0,0,0,0,0,0,0,0
62.373792,7387,31078,38498,0,0,0,0,0,0,0,0,0,0,0,0,0,0
62.389815,7400,31105,38559,0,0,0,0,0,0,0,0,0,0,0,0,0,0
62.39182,7413,31126,38612,0,0,0,0,0,0,0,0,0,0,0,0,0,0
62.400553,7422,31149,38651,0,0,0,0,0,0,0,0,0,0,0,0,0,0
62.42216,7431,31162,38686,0,0,0,0,0,0,0,0,0,0,0,0,0,0
62.423205,7439,31179,38716,0,0,0,0,0,0,0,0,0,0,0,0,0,0
62.440528,7447,31185,38739,0,0,0,0,0,0,0,0,0,0,0,0,0,0
62.441557,7455,31196,38762,0,0,0,0,0,0,0,0,0,0,0,0,0,0
62.459803,7459,31205,38782,0,0,0,0,0,0,0,0,0,0,0,0,0,0
62.461864,7474,31215,38802,0,0,0,0,0,0,0,0,0,0,0,0,0,0
62.481225,7482,31225,38824,0,0,0,0,0,0,0,0,0,0,0,0,0,0
62.482231,7491,31233,38839,0,0,0,0,0,0,0,0,0,0,0,0,0,0
62.500569,7496,31232,38845,0,0,0,0,0,0,0,0,0,0,0,0,0,0
62.501612,7502,31230,38846,0,0,0,0,0,0,0,0,0,0,0,0,0,0
62.522087,7506,31228,38844,0,0,0,0,0,0,0,0,0,0,0,0,0,0
62.523129,7509,31222,38835,0,0,0,0,0,0,0,0,0,0,0,0,0,0
62.540482,7512,31222,38842,0,0,0,0,0,0,0,0,0,0,0,0,0,0
62.541488,7515,31226,38845,0,0,0,0,0,0,0,0,0,0,0,0,0,0
62.561773,7521,31231,38859,0,0,0,0,0,0,0,0,0,0,0,0,0,0
62.562778,7529,31236,38867,0,0,0,0,0,0,0,0,0,0,0,0,0,0
62.581235,7532,31235,38872,0,0,0,0,0,0,0,0,0,0,0,0,0,0
62.582257,7535,31231,38869,0,0,0,0,0,0,0,0,0,0,0,0,0,0
62.600131,7540,31225,38870,0,0,0,0,0,0,0,0,0,0,0,0,0,0
62.601143,7544,31224,38866,0,0,0,0,0,0,0,0,0,0,0,0,0,0
62.621898,7545,31222,38872,0,0,0,0,0,0,0,0,0,0,0,0,0,0
62.623986,7550,31221,38873,0,0,0,0,0,0,0,0,0,0,0,0,0,0
62.631091,7553,31219,38871,0,0,0,0,0,0,0,0,0,0,0,0,0,0
62.632108,7556,31219,38877,0,0,0,0,0,0,0,0,0,0,0,0,0,0
62.65025,7562,31218,38883,0,0,0,0,0,0,0,0,0,0,0,0,0,0
62.671638,7565,31226,38888,0,0,0,0,0,0,0,0,0,0,0,0,0,0
62.672655,7574,31224,38900,0,0,0,0,0,0,0,0,0,0,0,0,0,0
62.690722,7581,31239,38921,0,0,0,0,0,0,0,0,0,0,0,0,0,0
62.69224,7586,31244,38941,0,0,0,0,0,0,0,0,0,0,0,0,0,0
62.709653,7593,31257,38967,0,0,0,0,0,0,0,0,0,0,0,0,0,0
62.711684,7600,31271,38991,0,0,0,0,0,0,0,0,0,0,0,0,0,0
62.731383,7608,31286,39013,0,0,0,0,0,0,0,0,0,0,0,0,0,0
62.732428,7617,31291,39030,0,0,0,0,0,0,0,0,0,0,0,0,0,0
62.750694,7620,31302,39048,0,0,0,0,0,0,0,0,0,0,0,0,0,0
62.751714,7624,31303,39060,0,0,0,0,0,0,0,0,0,0,0,0,0,0
62.772265,7631,31310,39066,0,0,0,0,0,0,0,0,0,0,0,0,0,0
62.773279,7633,31312,39073,0,0,0,0,0,0,0,0,0,0,0,0,0,0
62.791058,7638,31311,39072,0,0,0,0,0,0,0,0,0,0,0,0,0,0
62.792352,7640,31312,39065,0,0,0,0,0,0,0,0,0,0,0,0,0,0
62.809675,7640,31303,39051,0,0,0,0,0,0,0,0,0,0,0,0,0,0
62.811697,7638,31295,39033,0,0,0,0,0,0,0,0,0,0,0,0,0,0
62.830283,7636,31301,39020,0,0,0,0,0,0,0,0,0,0,0,0,0,0
62.831313,7636,31298,39016,0,0,0,0,0,0,0,0,0,0,0,0,0,0
62.850745,7638,31307,39019,0,0,0,0,0,0,0,0,0,0,0,0,0,0
62.851756,7639,31324,39029,0,0,0,0,0,0,0,0,0,0,0,0,0,0
62.872109,7643,31331,39050,0,0,0,0,0,0,0,0,0,0,0,0,0,0
62.873115,7649,31344,39065,0,0,0,0,0,0,0,0,0,0,0,0,0,0
62.881173,7656,31352,39070,0,0,0,0,0,0,0,0,0,0,0,0,0,0
62.899642,7659,31355,39077,0,0,0,0,0,0,0,0,0,0,0,0,0,0
62.901662,7661,31353,39072,0,0,0,0,0,0,0,0,0,0,0,0,0,0
62.92023,7664,31357,39068,0,0,0,0,0,0,0,0,0,0,0,0,0,0
62.922251,7663,31348,39060,0,0,0,0,0,0,0,0,0,0,0,0,0,0
62.939554,7658,31349,39053,0,0,0,0,0,0,0,0,0,0,0,0,0,0
62.941593,7657,31346,39047,0,0,0,0,0,0,0,0,0,0,0,0,0,0
62.960346,7656,31343,39040,0,0,0,0,0,0,0,0,0,0,0,0,0,0
62.961408,7655,31335,39034,0,0,0,0,0,0,0,0,0,0,0,0,0,0
62.980646,7652,31332,39027,0,0,0,0,0,0,0,0,0,0,0,0,0,0
62.98165,7650,31320,39011,0,0,0,0,0,0,0,0,0,0,0,0,0,0
63.002347,7648,31311,38992,0,0,0,0,0,0,0,0,0,0,0,0,0,0
63.003445,7641,31299,38969,0,0,0,0,0,0,0,0,0,0,0,0,0,0
63.021846,7635,31285,38947,0,0,0,0,0,0,0,0,0,0,0,0,0,0
63.022992,7627,31270,38924,0,0,0,0,0,0,0,0,0,0,0,0,0,0
63.040498,7616,31256,38885,0,0,0,0,0,0,0,0,0,0,0,0,0,0
63.041515,7607,31230,38834,0,0,0,0,0,0,0,0,0,0,0,0,0,0
63.060995,7587,31200,38773,0,0,0,0,0,0,0,0,0,0,0,0,0,0
63.062017,7569,31166,38707,0,0,0,0,0,0,0,0,0,0,0,0,0,0
63.080347,7545,31136,38634,0,0,0,0,0,0,0,0,0,0,0,0,0,0
63.081355,7528,31106,38582,0,0,0,0,0,0,0,0,0,0,0,0,0,0
63.100349,7512,31090,38548,0,0,0,0,0,0,0,0,0,0,0,0,0,0
63.101355,7505,31084,38546,0,0,0,0,0,0,0,0,0,0,0,0,0,0
63.110415,7499,31088,38555,0,0,0,0,0,0,0,0,0,0,0,0,0,0
63.131633,7501,31095,38576,0,0,0,0,0,0,0,0,0,0,0,0,0,0
63.132647,7506,31107,38598,0,0,0,0,0,0,0,0,0,0,0,0,0,0
63.149624,7509,31118,38625,0,0,0,0,0,0,0,0,0,0,0,0,0,0
63.151664,7513,31131,38653,0,0,0,0,0,0,0,0,0,0,0,0,0,0
63.171894,7520,31140,38672,0,0,0,0,0,0,0,0,0,0,0,0,0,0
63.173911,7519,31153,38691,0,0,0,0,0,0,0,0,0,0,0,0,0,0
63.190794,7526,31160,38712,0,0,0,0,0,0,0,0,0,0,0,0,0,0
63.191865,7530,31174,38735,0,0,0,0,0,0,0,0,0,0,0,0,0,0
63.209705,7534,31191,38774,0,0,0,0,0,0,0,0,0,0,0,0,0,0
63.21176,7548,31205,38813,0,0,0,0,0,0,0,0,0,0,0,0,0,0
63.231206,7560,31223,38847,0,0,0,0,0,0,0,0,0,0,0,0,0,0
63.232213,7567,31240,38880,0,0,0,0,0,0,0,0,0,0,0,0,0,0
63.249465,7578,31255,38909,0,0,0,0,0,0,0,0,0,0,0,0,0,0
63.251485,7591,31268,38938,0,0,0,0,0,0,0,0,0,0,0,0,0,0
63.271767,7599,31280,38961,0,0,0,0,0,0,0,0,0,0,0,0,0,0
63.272772,7614,31299,38991,0,0,0,0,0,0,0,0,0,0,0,0,0,0
63.290244,7627,31318,39029,0,0,0,0,0,0,0,0,0,0,0,0,0,0
63.291263,7644,31333,39063,0,0,0,0,0,0,0,0,0,0,0,0,0,0
63.30969,7649,31350,39086,0,0,0,0,0,0,0,0,0,0,0,0,0,0
63.311728,7653,31354,39103,0,0,0,0,0,0,0,0,0,0,0,0,0,0
63.330371,7666,31360,39112,0,0,0,0,0,0,0,0,0,0,0,0,0,0
63.331383,7670,31366,39128,0,0,0,0,0,0,0,0,0,0,0,0,0,0
63.340606,7673,31371,39140,0,0,0,0,0,0,0,0,0,0,0,0,0,0
63.361298,7678,31382,39162,0,0,0,0,0,0,0,0,0,0,0,0,0,0
63.362303,7691,31398,39184,0,0,0,0,0,0,0,0,0,0,0,0,0,0
63.381818,7694,31410,39214,0,0,0,0,0,0,0,0,0,0,0,0,0,0
63.383965,7705,31424,39236,0,0,0,0,0,0,0,0,0,0,0,0,0,0
63.399901,7710,31440,39260,0,0,0,0,0,0,0,0,0,0,0,0,0,0
63.401933,7720,31455,39284,0,0,0,0,0,0,0,0,0,0,0,0,0,0
63.419487,7725,31470,39304,0,0,0,0,0,0,0,0,0,0,0,0,0,0
63.421526,7735,31479,39322,0,0,0,0,0,0,0,0,0,0,0,0,0,0
63.440035,7746,31494,39337,0,0,0,0,0,0,0,0,0,0,0,0,0,0
63.442074,7755,31505,39360,0,0,0,0,0,0,0,0,0,0,0,0,0,0
63.460333,7764,31521,39370,0,0,0,0,0,0,0,0,0,0,0,0,0,0
63.461359,7776,31537,39390,0,0,0,0,0,0,0,0,0,0,0,0,0,0
63.482015,7789,31553,39408,0,0,0,0,0,0,0,0,0,0,0,0,0,0
63.483027,7796,31570,39421,0,0,0,0,0,0,0,0,0,0,0,0,0,0
63.500194,7804,31585,39432,0,0,0,0,0,0,0,0,0,0,0,0,0,0
63.501251,7811,31590,39432,0,0,0,0,0,0,0,0,0,0,0,0,0,0
63.52211,7821,31595,39424,0,0,0,0,0,0,0,0,0,0,0,0,0,0
63.523127,7817,31585,39407,0,0,0,0,0,0,0,0,0,0,0,0,0,0
63.540404,7819,31572,39381,0,0,0,0,0,0,0,0,0,0,0,0,0,0
63.541421,7819,31559,39355,0,0,0,0,0,0,0,0,0,0,0,0,0,0
63.561889,7819,31544,39334,0,0,0,0,0,0,0,0,0,0,0,0,0,0
63.562894,7821,31537,39326,0,0,0,0,0,0,0,0,0,0,0,0,0,0
63.570557,7825,31535,39327,0,0,0,0,0,0,0,0,0,0,0,0,0,0
63.571585,7833,31541,39333,0,0,0,0,0,0,0,0,0,0,0,0,0,0
63.591324,7838,31547,39338,0,0,0,0,0,0,0,0,0,0,0,0,0,0
63.610955,7837,31549,39342,0,0,0,0,0,0,0,0,0,0,0,0,0,0
63.61198,7838,31548,39328,0,0,0,0,0,0,0,0,0,0,0,0,0,0
63.630746,7838,31541,39315,0,0,0,0,0,0,0,0,0,0,0,0,0,0
63.631752,7833,31529,39290,0,0,0,0,0,0,0,0,0,0,0,0,0,0
63.650561,7827,31504,39253,0,0,0,0,0,0,0,0,0,0,0,0,0,0
63.651585,7812,31475,39198,0,0,0,0,0,0,0,0,0,0,0,0,0,0
63.672302,7801,31437,39145,0,0,0,0,0,0,0,0,0,0,0,0,0,0
63.673328,7783,31404,39084,0,0,0,0,0,0,0,0,0,0,0,0,0,0
63.692158,7768,31378,39051,0,0,0,0,0,0,0,0,0,0,0,0,0,0
63.693623,7761,31370,39041,0,0,0,0,0,0,0,0,0,0,0,0,0,0
63.710593,7759,31376,39052,0,0,0,0,0,0,0,0,0,0,0,0,0,0
63.7116,7765,31387,39082,0,0,0,0,0,0,0,0,0,0,0,0,0,0
63.730399,7781,31404,39118,0,0,0,0,0,0,0,0,0,0,0,0,0,0
63.731411,7800,31416,39149,0,0,0,0,0,0,0,0,0,0,0,0,0,0
63.750917,7810,31418,39156,0,0,0,0,0,0,0,0,0,0,0,0,0,0
63.751925,7816,31412,39148,0,0,0,0,0,0,0,0,0,0,0,0,0,0
63.770295,7818,31402,39138,0,0,0,0,0,0,0,0,0,0,0,0,0,0
63.771324,0,0,0,0,0,0,0,0,0,0,0,0,0,0,0,0,0
63.791801,7820,31403,39145,0,0,0,0,0,0,0,0,0,0,0,0,0,0
63.792807,7821,31419,39165,0,0,0,0,0,0,0,0,0,0,0,0,0,0
63.810026,7829,31440,39197,0,0,0,0,0,0,0,0,0,0,0,0,0,0
63.811037,7840,31467,39234,0,0,0,0,0,0,0,0,0,0,0,0,0,0
63.822278,7849,31489,39279,0,0,0,0,0,0,0,0,0,0,0,0,0,0
63.840766,7863,31513,39308,0,0,0,0,0,0,0,0,0,0,0,0,0,0
63.841773,7870,31521,39329,0,0,0,0,0,0,0,0,0,0,0,0,0,0
63.849347,7872,31520,39327,0,0,0,0,0,0,0,0,0,0,0,0,0,0
63.872129,7877,31515,39322,0,0,0,0,0,0,0,0,0,0,0,0,0,0
63.874195,7875,31498,39307,0,0,0,0,0,0,0,0,0,0,0,0,0,0
63.889768,7875,31490,39291,0,0,0,0,0,0,0,0,0,0,0,0,0,0
63.891789,7868,31478,39268,0,0,0,0,0,0,0,0,0,0,0,0,0,0
63.909993,7860,31462,39246,0,0,0,0,0,0,0,0,0,0,0,0,0,0
63.912059,7853,31446,39218,0,0,0,0,0,0,0,0,0,0,0,0,0,0
63.930392,7848,31436,39203,0,0,0,0,0,0,0,0,0,0,0,0,0,0
63.931397,7845,31428,39179,0,0,0,0,0,0,0,0,0,0,0,0,0,0
63.949567,7838,31416,39173,0,0,0,0,0,0,0,0,0,0,0,0,0,0
63.951579,7836,31407,39152,0,0,0,0,0,0,0,0,0,0,0,0,0,0
63.97147,7835,31397,39150,0,0,0,0,0,0,0,0,0,0,0,0,0,0
63.972486,7834,31403,39158,0,0,0,0,0,0,0,0,0,0,0,0,0,0
63.990482,7843,31417,39190,0,0,0,0,0,0,0,0,0,0,0,0,0,0
63.991558,7853,31444,39234,0,0,0,0,0,0,0,0,0,0,0,0,0,0
64.000762,7864,31469,39283,0,0,0,0,0,0,0,0,0,0,0,0,0,0
64.019336,7876,31495,39319,0,0,0,0,0,0,0,0,0,0,0,0,0,0
64.021517,7888,31507,39346,0,0,0,0,0,0,0,0,0,0,0,0,0,0
64.040261,7892,31523,39369,0,0,0,0,0,0,0,0,0,0,0,0,0,0
64.041268,7899,31528,39385,0,0,0,0,0,0,0,0,0,0,0,0,0,0
64.061978,7905,31534,39399,0,0,0,0,0,0,0,0,0,0,0,0,0,0
64.06309,7913,31548,39419,0,0,0,0,0,0,0,0,0,0,0,0,0,0
64.079957,7917,31562,39441,0,0,0,0,0,0,0,0,0,0,0,0,0,0
64.08152,7924,31570,39456,0,0,0,0,0,0,0,0,0,0,0,0,0,0
64.100297,7925,31566,39449,0,0,0,0,0,0,0,0,0,0,0,0,0,0
64.101319,7921,31557,39416,0,0,0,0,0,0,0,0,0,0,0,0,0,0
64.121185,7913,31529,39363,0,0,0,0,0,0,0,0,0,0,0,0,0,0
64.123234,7900,31495,39287,0,0,0,0,0,0,0,0,0,0,0,0,0,0
64.140646,7882,31455,39208,0,0,0,0,0,0,0,0,0,0,0,0,0,0
64.142678,7853,31419,39112,0,0,0,0,0,0,0,0,0,0,0,0,0,0
64.160094,7818,31376,39026,0,0,0,0,0,0,0,0,0,0,0,0,0,0
64.162152,7781,31357,38957,0,0,0,0,0,0,0,0,0,0,0,0,0,0
64.170261,7751,31327,38884,0,0,0,0,0,0,0,0,0,0,0,0,0,0
64.191097,7716,31287,38798,0,0,0,0,0,0,0,0,0,0,0,0,0,0
64.192111,7678,31242,38704,0,0,0,0,0,0,0,0,0,0,0,0,0,0
64.20021,7638,31194,38597,0,0,0,0,0,0,0,0,0,0,0,0,0,0
64.221643,7595,31140,38498,0,0,0,0,0,0,0,0,0,0,0,0,0,0
64.222665,7555,31106,38410,0,0,0,0,0,0,0,0,0,0,0,0,0,0
64.239907,7513,31070,38349,0,0,0,0,0,0,0,0,0,0,0,0,0,0
64.241958,7480,31053,38310,0,0,0,0,0,0,0,0,0,0,0,0,0,0
64.260214,7454,31047,38303,0,0,0,0,0,0,0,0,0,0,0,0,0,0
64.261223,7436,31055,38320,0,0,0,0,0,0,0,0,0,0,0,0,0,0
64.281393,7427,31071,38354,0,0,0,0,0,0,0,0,0,0,0,0,0,0
64.282398,7426,31097,38396,0,0,0,0,0,0,0,0,0,0,0,0,0,0
64.299616,7428,31119,38442,0,0,0,0,0,0,0,0,0,0,0,0,0,0
64.301667,7428,31133,38477,0,0,0,0,0,0,0,0,0,0,0,0,0,0
64.322214,7429,31137,38494,0,0,0,0,0,0,0,0,0,0,0,0,0,0
64.32324,7424,31140,38501,0,0,0,0,0,0,0,0,0,0,0,0,0,0
64.339946,7426,31138,38505,0,0,0,0,0,0,0,0,0,0,0,0,0,0
64.341062,7426,31138,38514,0,0,0,0,0,0,0,0,0,0,0,0,0,0
64.361498,7424,31142,38524,0,0,0,0,0,0,0,0,0,0,0,0,0,0
64.362508,7424,31148,38545,0,0,0,0,0,0,0,0,0,0,0,0,0,0
64.37175,7430,31161,38583,0,0,0,0,0,0,0,0,0,0,0,0,0,0
64.389806,7437,31182,38629,0,0,0,0,0,0,0,0,0,0,0,0,0,0
64.391879,7449,31199,38680,0,0,0,0,0,0,0,0,0,0,0,0,0,0
64.410344,7457,31214,38723,0,0,0,0,0,0,0,0,0,0,0,0,0,0
64.411373,7473,31230,38763,0,0,0,0,0,0,0,0,0,0,0,0,0,0
64.430293,7484,31240,38785,0,0,0,0,0,0,0,0,0,0,0,0,0,0
64.4313,7494,31242,38805,0,0,0,0,0,0,0,0,0,0,0,0,0,0
64.450861,7499,31246,38812,0,0,0,0,0,0,0,0,0,0,0,0,0,0
64.45196,7503,31249,38818,0,0,0,0,0,0,0,0,0,0,0,0,0,0
64.470456,7505,31246,38823,0,0,0,0,0,0,0,0,0,0,0,0,0,0
64.472546,7518,31258,38846,0,0,0,0,0,0,0,0,0,0,0,0,0,0
64.49113,7524,31272,38874,0,0,0,0,0,0,0,0,0,0,0,0,0,0
64.492182,7535,31288,38906,0,0,0,0,0,0,0,0,0,0,0,0,0,0
64.50958,7553,31304,38940,0,0,0,0,0,0,0,0,0,0,0,0,0,0
64.511621,7563,31317,38965,0,0,0,0,0,0,0,0,0,0,0,0,0,0
64.531296,7576,31323,38983,0,0,0,0,0,0,0,0,0,0,0,0,0,0
64.532301,7585,31327,38996,0,0,0,0,0,0,0,0,0,0,0,0,0,0
64.549721,7591,31333,39008,0,0,0,0,0,0,0,0,0,0,0,0,0,0
64.551759,7590,31336,39018,0,0,0,0,0,0,0,0,0,0,0,0,0,0
64.571495,7602,31345,39030,0,0,0,0,0,0,0,0,0,0,0,0,0,0
64.572555,7606,31344,39037,0,0,0,0,0,0,0,0,0,0,0,0,0,0
64.591074,7611,31344,39047,0,0,0,0,0,0,0,0,0,0,0,0,0,0
64.592113,7611,31349,39053,0,0,0,0,0,0,0,0,0,0,0,0,0,0
64.612192,7623,31353,39069,0,0,0,0,0,0,0,0,0,0,0,0,0,0
64.613198,7624,31362,39079,0,0,0,0,0,0,0,0,0,0,0,0,0,0
64.630655,7641,31372,39110,0,0,0,0,0,0,0,0,0,0,0,0,0,0
64.632787,7649,31397,39143,0,0,0,0,0,0,0,0,0,0,0,0,0,0
64.651377,7664,31420,39185,0,0,0,0,0,0,0,0,0,0,0,0,0,0
64.652381,7676,31442,39217,0,0,0,0,0,0,0,0,0,0,0,0,0,0
64.669751,7685,31450,39232,0,0,0,0,0,0,0,0,0,0,0,0,0,0
64.671773,7683,31439,39223,0,0,0,0,0,0,0,0,0,0,0,0,0,0
64.681173,7682,31424,39190,0,0,0,0,0,0,0,0,0,0,0,0,0,0
64.682194,7683,31403,39154,0,0,0,0,0,0,0,0,0,0,0,0,0,0
64.700719,7677,31374,39105,0,0,0,0,0,0,0,0,0,0,0,0,0,0
64.720265,7665,31343,39053,0,0,0,0,0,0,0,0,0,0,0,0,0,0
64.722304,7655,31308,38992,0,0,0,0,0,0,0,0,0,0,0,0,0,0
64.740362,7641,31274,38920,0,0,0,0,0,0,0,0,0,0,0,0,0,0
64.742409,7618,31225,38833,0,0,0,0,0,0,0,0,0,0,0,0,0,0
64.760285,7593,31179,38730,0,0,0,0,0,0,0,0,0,0,0,0,0,0
64.761383,7568,31142,38655,0,0,0,0,0,0,0,0,0,0,0,0,0,0
64.781718,7545,31115,38590,0,0,0,0,0,0,0,0,0,0,0,0,0,0
64.78278,7524,31103,38554,0,0,0,0,0,0,0,0,0,0,0,0,0,0
64.801093,7507,31101,38540,0,0,0,0,0,0,0,0,0,0,0,0,0,0
64.802123,7496,31110,38538,0,0,0,0,0,0,0,0,0,0,0,0,0,0
64.819695,7486,31117,38546,0,0,0,0,0,0,0,0,0,0,0,0,0,0
64.821773,7483,31126,38555,0,0,0,0,0,0,0,0,0,0,0,0,0,0
64.840483,7476,31134,38567,0,0,0,0,0,0,0,0,0,0,0,0,0,0
64.841501,7474,31141,38577,0,0,0,0,0,0,0,0,0,0,0,0,0,0
64.862031,7473,31148,38592,0,0,0,0,0,0,0,0,0,0,0,0,0,0
64.863061,7473,31155,38609,0,0,0,0,0,0,0,0,0,0,0,0,0,0
64.881809,7475,31162,38633,0,0,0,0,0,0,0,0,0,0,0,0,0,0
64.882915,7481,31171,38652,0,0,0,0,0,0,0,0,0,0,0,0,0,0
64.90139,7481,31180,38676,0,0,0,0,0,0,0,0,0,0,0,0,0,0
64.902398,7485,31192,38693,0,0,0,0,0,0,0,0,0,0,0,0,0,0
64.920251,7490,31200,38727,0,0,0,0,0,0,0,0,0,0,0,0,0,0
64.922275,7496,31214,38754,0,0,0,0,0,0,0,0,0,0,0,0,0,0
64.929462,7507,31233,38797,0,0,0,0,0,0,0,0,0,0,0,0,0,0
64.951219,7518,31251,38835,0,0,0,0,0,0,0,0,0,0,0,0,0,0
64.95233,7535,31279,38897,0,0,0,0,0,0,0,0,0,0,0,0,0,0
64.971054,7552,31309,38948,0,0,0,0,0,0,0,0,0,0,0,0,0,0
64.972078,7569,31330,38991,0,0,0,0,0,0,0,0,0,0,0,0,0,0
64.990302,7584,31344,39015,0,0,0,0,0,0,0,0,0,0,0,0,0,0
64.991307,7589,31342,39019,0,0,0,0,0,0,0,0,0,0,0,0,0,0
65.010751,7591,31342,39011,0,0,0,0,0,0,0,0,0,0,0,0,0,0
65.011763,7593,31331,39008,0,0,0,0,0,0,0,0,0,0,0,0,0,0
65.030363,7594,31327,39000,0,0,0,0,0,0,0,0,0,0,0,0,0,0
65.031383,7593,31321,38994,0,0,0,0,0,0,0,0,0,0,0,0,0,0
65.049738,7604,31327,39013,0,0,0,0,0,0,0,0,0,0,0,0,0,0
65.051778,7606,31335,39029,0,0,0,0,0,0,0,0,0,0,0,0,0,0
65.07234,7618,31347,39055,0,0,0,0,0,0,0,0,0,0,0,0,0,0
65.073353,7625,31357,39075,0,0,0,0,0,0,0,0,0,0,0,0,0,0
65.090862,7628,31364,39085,0,0,0,0,0,0,0,0,0,0,0,0,0,0
65.091868,7632,31363,39076,0,0,0,0,0,0,0,0,0,0,0,0,0,0
65.110035,7633,31357,39075,0,0,0,0,0,0,0,0,0,0,0,0,0,0
65.111042,7635,31350,39063,0,0,0,0,0,0,0,0,0,0,0,0,0,0
65.131288,7633,31344,39057,0,0,0,0,0,0,0,0,0,0,0,0,0,0
65.132331,7635,31339,39045,0,0,0,0,0,0,0,0,0,0,0,0,0,0
65.149699,7635,31329,39040,0,0,0,0,0,0,0,0,0,0,0,0,0,0
65.151719,7637,31329,39041,0,0,0,0,0,0,0,0,0,0,0,0,0,0
65.16101,7641,31327,39040,0,0,0,0,0,0,0,0,0,0,0,0,0,0
65.180298,7638,31309,39010,0,0,0,0,0,0,0,0,0,0,0,0,0,0
65.181319,7634,31300,38999,0,0,0,0,0,0,0,0,0,0,0,0,0,0
65.199245,7635,31308,39008,0,0,0,0,0,0,0,0,0,0,0,0,0,0
65.201775,7642,31315,39030,0,0,0,0,0,0,0,0,0,0,0,0,0,0
65.220272,7643,31314,39034,0,0,0,0,0,0,0,0,0,0,0,0,0,0
65.221285,7648,31317,39037,0,0,0,0,0,0,0,0,0,0,0,0,0,0
65.240314,7653,31330,39052,0,0,0,0,0,0,0,0,0,0,0,0,0,0
65.241313,7661,31349,39091,0,0,0,0,0,0,0,0,0,0,0,0,0,0
65.260239,7669,31366,39123,0,0,0,0,0,0,0,0,0,0,0,0,0,0
65.261293,7676,31373,39139,0,0,0,0,0,0,0,0,0,0,0,0,0,0
65.281218,7682,31391,39164,0,0,0,0,0,0,0,0,0,0,0,0,0,0
65.283427,7692,31404,39197,0,0,0,0,0,0,0,0,0,0,0,0,0,0
65.29984,7700,31430,39229,0,0,0,0,0,0,0,0,0,0,0,0,0,0
65.302349,7706,31438,39254,0,0,0,0,0,0,0,0,0,0,0,0,0,0
65.320502,7714,31455,39274,0,0,0,0,0,0,0,0,0,0,0,0,0,0
65.32174,7721,31458,39293,0,0,0,0,0,0,0,0,0,0,0,0,0,0
65.339992,7727,31474,39307,0,0,0,0,0,0,0,0,0,0,0,0,0,0
65.341053,7728,31474,39314,0,0,0,0,0,0,0,0,0,0,0,0,0,0
65.360031,7730,31466,39311,0,0,0,0,0,0,0,0,0,0,0,0,0,0
65.361264,7731,31466,39302,0,0,0,0,0,0,0,0,0,0,0,0,0,0
65.38119,7732,31458,39289,0,0,0,0,0,0,0,0,0,0,0,0,0,0
65.382217,7735,31449,39276,0,0,0,0,0,0,0,0,0,0,0,0,0,0
65.390574,7732,31435,39260,0,0,0,0,0,0,0,0,0,0,0,0,0,0
65.409482,7730,31427,39242,0,0,0,0,0,0,0,0,0,0,0,0,0,0
65.411622,7733,31409,39217,0,0,0,0,0,0,0,0,0,0,0,0,0,0
65.432222,7728,31399,39192,0,0,0,0,0,0,0,0,0,0,0,0,0,0
65.433333,7726,31392,39161,0,0,0,0,0,0,0,0,0,0,0,0,0,0
65.450587,7722,31376,39128,0,0,0,0,0,0,0,0,0,0,0,0,0,0
65.451728,7718,31362,39096,0,0,0,0,0,0,0,0,0,0,0,0,0,0
65.460728,7713,31355,39071,0,0,0,0,0,0,0,0,0,0,0,0,0,0
65.48145,7700,31348,39052,0,0,0,0,0,0,0,0,0,0,0,0,0,0
65.482468,7690,31345,39033,0,0,0,0,0,0,0,0,0,0,0,0,0,0
65.502117,7683,31342,39025,0,0,0,0,0,0,0,0,0,0,0,0,0,0
65.50412,7677,31348,39022,0,0,0,0,0,0,0,0,0,0,0,0,0,0
65.521002,7676,31347,39025,0,0,0,0,0,0,0,0,0,0,0,0,0,0
65.522027,7676,31354,39030,0,0,0,0,0,0,0,0,0,0,0,0,0,0
65.539861,7678,31351,39042,0,0,0,0,0,0,0,0,0,0,0,0,0,0
65.542064,7683,31361,39052,0,0,0,0,0,0,0,0,0,0,0,0,0,0
65.559874,7687,31361,39067,0,0,0,0,0,0,0,0,0,0,0,0,0,0
65.562096,7694,31369,39081,0,0,0,0,0,0,0,0,0,0,0,0,0,0
65.580463,7700,31365,39080,0,0,0,0,0,0,0,0,0,0,0,0,0,0
65.581463,7701,31364,39076,0,0,0,0,0,0,0,0,0,0,0,0,0,0
65.590463,7707,31363,39077,0,0,0,0,0,0,0,0,0,0,0,0,0,0
65.610726,7703,31365,39081,0,0,0,0,0,0,0,0,0,0,0,0,0,0
65.611747,7712,31365,39088,0,0,0,0,0,0,0,0,0,0,0,0,0,0
65.629522,7714,31366,39094,0,0,0,0,0,0,0,0,0,0,0,0,0,0
65.631534,7719,31368,39099,0,0,0,0,0,0,0,0,0,0,0,0,0,0
65.65165,7721,31365,39105,0,0,0,0,0,0,0,0,0,0,0,0,0,0
65.65275,7729,31366,39102,0,0,0,0,0,0,0,0,0,0,0,0,0,0
65.670897,7726,31361,39103,0,0,0,0,0,0,0,0,0,0,0,0,0,0
65.672812,7732,31355,39096,0,0,0,0,0,0,0,0,0,0,0,0,0,0
65.690812,7728,31352,39091,0,0,0,0,0,0,0,0,0,0,0,0,0,0
65.692021,7732,31351,39088,0,0,0,0,0,0,0,0,0,0,0,0,0,0
65.71127,7730,31348,39087,0,0,0,0,0,0,0,0,0,0,0,0,0,0
65.712337,7732,31347,39084,0,0,0,0,0,0,0,0,0,0,0,0,0,0
65.730819,7731,31343,39083,0,0,0,0,0,0,0,0,0,0,0,0,0,0
65.732839,7736,31343,39080,0,0,0,0,0,0,0,0,0,0,0,0,0,0
65.749974,7734,31340,39080,0,0,0,0,0,0,0,0,0,0,0,0,0,0
65.751987,7734,31340,39080,0,0,0,0,0,0,0,0,0,0,0,0,0,0
65.770829,7737,31345,39091,0,0,0,0,0,0,0,0,0,0,0,0,0,0
65.772076,7742,31353,39105,0,0,0,0,0,0,0,0,0,0,0,0,0,0
65.790395,7745,31358,39116,0,0,0,0,0,0,0,0,0,0,0,0,0,0
65.791434,7746,31368,39126,0,0,0,0,0,0,0,0,0,0,0,0,0,0
65.809836,7755,31375,39142,0,0,0,0,0,0,0,0,0,0,0,0,0,0
65.810859,7755,31382,39158,0,0,0,0,0,0,0,0,0,0,0,0,0,0
65.822185,7766,31393,39173,0,0,0,0,0,0,0,0,0,0,0,0,0,0
65.823202,7765,31396,39181,0,0,0,0,0,0,0,0,0,0,0,0,0,0
65.83971,7773,31406,39201,0,0,0,0,0,0,0,0,0,0,0,0,0,0
65.86191,7776,31415,39218,0,0,0,0,0,0,0,0,0,0,0,0,0,0
65.863178,7787,31426,39239,0,0,0,0,0,0,0,0,0,0,0,0,0,0
65.88132,7787,31432,39248,0,0,0,0,0,0,0,0,0,0,0,0,0,0
65.882321,7789,31432,39250,0,0,0,0,0,0,0,0,0,0,0,0,0,0
65.899826,7793,31427,39248,0,0,0,0,0,0,0,0,0,0,0,0,0,0
65.901826,7792,31424,39242,0,0,0,0,0,0,0,0,0,0,0,0,0,0
65.920334,7788,31418,39229,0,0,0,0,0,0,0,0,0,0,0,0,0,0
65.921334,7790,31410,39222,0,0,0,0,0,0,0,0,0,0,0,0,0,0
65.939322,7787,31409,39216,0,0,0,0,0,0,0,0,0,0,0,0,0,0
65.941473,7791,31407,39217,0,0,0,0,0,0,0,0,0,0,0,0,0,0
65.959664,7788,31404,39220,0,0,0,0,0,0,0,0,0,0,0,0,0,0
65.961684,7791,31410,39223,0,0,0,0,0,0,0,0,0,0,0,0,0,0
65.979534,7791,31409,39233,0,0,0,0,0,0,0,0,0,0,0,0,0,0
65.981563,7797,31414,39237,0,0,0,0,0,0,0,0,0,0,0,0,0,0
66.000567,7800,31415,39239,0,0,0,0,0,0,0,0,0,0,0,0,0,0
66.002567,7800,31417,39238,0,0,0,0,0,0,0,0,0,0,0,0,0,0
66.020321,7800,31416,39236,0,0,0,0,0,0,0,0,0,0,0,0,0,0
66.022322,7798,31413,39236,0,0,0,0,0,0,0,0,0,0,0,0,0,0
66.041322,7802,31412,39237,0,0,0,0,0,0,0,0,0,0,0,0,0,0
66.043322,7799,31413,39238,0,0,0,0,0,0,0,0,0,0,0,0,0,0
66.059479,7805,31415,39235,0,0,0,0,0,0,0,0,0,0,0,0,0,0
66.061513,7804,31414,39241,0,0,0,0,0,0,0,0,0,0,0,0,0,0
66.081722,7809,31422,39242,0,0,0,0,0,0,0,0,0,0,0,0,0,0
66.082746,7813,31429,39244,0,0,0,0,0,0,0,0,0,0,0,0,0,0
66.091547,7815,31429,39240,0,0,0,0,0,0,0,0,0,0,0,0,0,0
66.092578,7813,31433,39239,0,0,0,0,0,0,0,0,0,0,0,0,0,0
66.111103,7812,31433,39234,0,0,0,0,0,0,0,0,0,0,0,0,0,0
66.130961,7813,31434,39227,0,0,0,0,0,0,0,0,0,0,0,0,0,0
66.131987,7812,31428,39215,0,0,0,0,0,0,0,0,0,0,0,0,0,0
66.149666,7809,31426,39203,0,0,0,0,0,0,0,0,0,0,0,0,0,0
66.151667,7813,31420,39192,0,0,0,0,0,0,0,0,0,0,0,0,0,0
66.170273,7807,31412,39180,0,0,0,0,0,0,0,0,0,0,0,0,0,0
66.171337,7804,31412,39176,0,0,0,0,0,0,0,0,0,0,0,0,0,0
66.190614,7800,31410,39170,0,0,0,0,0,0,0,0,0,0,0,0,0,0
66.191637,7800,31411,39173,0,0,0,0,0,0,0,0,0,0,0,0,0,0
66.210231,7797,31409,39169,0,0,0,0,0,0,0,0,0,0,0,0,0,0
66.212231,7794,31409,39168,0,0,0,0,0,0,0,0,0,0,0,0,0,0
66.230533,7796,31404,39164,0,0,0,0,0,0,0,0,0,0,0,0,0,0
66.231538,7793,31407,39169,0,0,0,0,0,0,0,0,0,0,0,0,0,0
66.250118,7796,31405,39168,0,0,0,0,0,0,0,0,0,0,0,0,0,0
66.251148,7797,31405,39175,0,0,0,0,0,0,0,0,0,0,0,0,0,0
66.269726,7798,31405,39179,0,0,0,0,0,0,0,0,0,0,0,0,0,0
66.271726,7803,31406,39194,0,0,0,0,0,0,0,0,0,0,0,0,0,0
66.292027,7810,31412,39202,0,0,0,0,0,0,0,0,0,0,0,0,0,0
66.293027,7811,31421,39218,0,0,0,0,0,0,0,0,0,0,0,0,0,0
66.310936,7819,31429,39228,0,0,0,0,0,0,0,0,0,0,0,0,0,0
66.311941,7822,31435,39242,0,0,0,0,0,0,0,0,0,0,0,0,0,0
66.329998,7826,31441,39261,0,0,0,0,0,0,0,0,0,0,0,0,0,0
66.331024,7832,31447,39263,0,0,0,0,0,0,0,0,0,0,0,0,0,0
66.340093,7831,31449,39267,0,0,0,0,0,0,0,0,0,0,0,0,0,0
66.360281,7836,31454,39280,0,0,0,0,0,0,0,0,0,0,0,0,0,0
66.3613,7838,31455,39284,0,0,0,0,0,0,0,0,0,0,0,0,0,0
66.381069,7844,31465,39291,0,0,0,0,0,0,0,0,0,0,0,0,0,0
66.382279,7846,31469,39299,0,0,0,0,0,0,0,0,0,0,0,0,0,0
66.399579,7850,31473,39309,0,0,0,0,0,0,0,0,0,0,0,0,0,0
66.401605,7851,31475,39315,0,0,0,0,0,0,0,0,0,0,0,0,0,0
66.422121,7854,31480,39318,0,0,0,0,0,0,0,0,0,0,0,0,0,0
66.423146,7857,31482,39330,0,0,0,0,0,0,0,0,0,0,0,0,0,0
66.441012,7859,31482,39329,0,0,0,0,0,0,0,0,0,0,0,0,0,0
66.442004,7860,31482,39330,0,0,0,0,0,0,0,0,0,0,0,0,0,0
66.461635,7861,31485,39329,0,0,0,0,0,0,0,0,0,0,0,0,0,0
66.462667,7868,31488,39343,0,0,0,0,0,0,0,0,0,0,0,0,0,0
66.481788,7868,31493,39343,0,0,0,0,0,0,0,0,0,0,0,0,0,0
66.482816,7869,31489,39345,0,0,0,0,0,0,0,0,0,0,0,0,0,0
66.500095,7871,31485,39340,0,0,0,0,0,0,0,0,0,0,0,0,0,0
66.501155,7871,31481,39340,0,0,0,0,0,0,0,0,0,0,0,0,0,0
66.520558,7871,31483,39335,0,0,0,0,0,0,0,0,0,0,0,0,0,0
66.52183,7873,31477,39338,0,0,0,0,0,0,0,0,0,0,0,0,0,0
66.540957,7872,31477,39335,0,0,0,0,0,0,0,0,0,0,0,0,0,0
66.54234,7872,31472,39335,0,0,0,0,0,0,0,0,0,0,0,0,0,0
66.561671,7874,31474,39337,0,0,0,0,0,0,0,0,0,0,0,0,0,0
66.562702,7880,31474,39344,0,0,0,0,0,0,0,0,0,0,0,0,0,0
66.57217,7882,31483,39349,0,0,0,0,0,0,0,0,0,0,0,0,0,0
66.589598,7885,31488,39367,0,0,0,0,0,0,0,0,0,0,0,0,0,0
66.591699,7891,31499,39382,0,0,0,0,0,0,0,0,0,0,0,0,0,0
66.601308,7891,31502,39384,0,0,0,0,0,0,0,0,0,0,0,0,0,0
66.619343,7896,31501,39384,0,0,0,0,0,0,0,0,0,0,0,0,0,0
66.62138,7897,31498,39384,0,0,0,0,0,0,0,0,0,0,0,0,0,0
66.639825,7899,31502,39398,0,0,0,0,0,0,0,0,0,0,0,0,0,0
66.641901,7902,31506,39397,0,0,0,0,0,0,0,0,0,0,0,0,0,0
66.660249,7904,31507,39400,0,0,0,0,0,0,0,0,0,0,0,0,0,0
66.661155,7902,31501,39397,0,0,0,0,0,0,0,0,0,0,0,0,0,0
66.681084,7902,31494,39379,0,0,0,0,0,0,0,0,0,0,0,0,0,0
66.683256,7905,31487,39359,0,0,0,0,0,0,0,0,0,0,0,0,0,0
66.70206,7901,31470,39327,0,0,0,0,0,0,0,0,0,0,0,0,0,0
66.70309,7895,31460,39295,0,0,0,0,0,0,0,0,0,0,0,0,0,0
66.721692,7888,31448,39270,0,0,0,0,0,0,0,0,0,0,0,0,0,0
66.722692,7882,31445,39246,0,0,0,0,0,0,0,0,0,0,0,0,0,0
66.74067,7875,31434,39222,0,0,0,0,0,0,0,0,0,0,0,0,0,0
66.741697,7863,31429,39198,0,0,0,0,0,0,0,0,0,0,0,0,0,0
66.751541,7853,31411,39172,0,0,0,0,0,0,0,0,0,0,0,0,0,0
66.769244,7838,31411,39143,0,0,0,0,0,0,0,0,0,0,0,0,0,0
66.771321,7826,31392,39113,0,0,0,0,0,0,0,0,0,0,0,0,0,0
66.791741,7814,31387,39091,0,0,0,0,0,0,0,0,0,0,0,0,0,0
66.792746,7802,31376,39061,0,0,0,0,0,0,0,0,0,0,0,0,0,0
66.809639,7791,31368,39044,0,0,0,0,0,0,0,0,0,0,0,0,0,0
66.811666,7784,31360,39029,0,0,0,0,0,0,0,0,0,0,0,0,0,0
66.831371,7776,31357,39018,0,0,0,0,0,0,0,0,0,0,0,0,0,0
66.832611,7775,31355,39016,0,0,0,0,0,0,0,0,0,0,0,0,0,0
66.85047,7775,31356,39022,0,0,0,0,0,0,0,0,0,0,0,0,0,0
66.851493,7777,31357,39027,0,0,0,0,0,0,0,0,0,0,0,0,0,0
66.869492,7778,31361,39037,0,0,0,0,0,0,0,0,0,0,0,0,0,0
66.871492,7778,31361,39051,0,0,0,0,0,0,0,0,0,0,0,0,0,0
66.889831,7784,31371,39077,0,0,0,0,0,0,0,0,0,0,0,0,0,0
66.892906,7793,31377,39093,0,0,0,0,0,0,0,0,0,0,0,0,0,0
66.909863,7797,31383,39114,0,0,0,0,0,0,0,0,0,0,0,0,0,0
66.911863,7810,31389,39131,0,0,0,0,0,0,0,0,0,0,0,0,0,0
66.931211,7815,31393,39151,0,0,0,0,0,0,0,0,0,0,0,0,0,0
66.932324,7828,31400,39163,0,0,0,0,0,0,0,0,0,0,0,0,0,0
66.952103,7833,31403,39175,0,0,0,0,0,0,0,0,0,0,0,0,0,0
66.95313,7843,31408,39183,0,0,0,0,0,0,0,0,0,0,0,0,0,0
66.97134,7843,31413,39194,0,0,0,0,0,0,0,0,0,0,0,0,0,0
66.973339,7849,31417,39205,0,0,0,0,0,0,0,0,0,0,0,0,0,0
66.98034,7856,31418,39210,0,0,0,0,0,0,0,0,0,0,0,0,0,0
67.000398,7858,31421,39215,0,0,0,0,0,0,0,0,0,0,0,0,0,0
67.001416,7861,31425,39219,0,0,0,0,0,0,0,0,0,0,0,0,0,0
67.021794,7862,31422,39216,0,0,0,0,0,0,0,0,0,0,0,0,0,0
67.023065,7863,31414,39207,0,0,0,0,0,0,0,0,0,0,0,0,0,0
67.041455,7865,31410,39196,0,0,0,0,0,0,0,0,0,0,0,0,0,0
67.042468,7861,31406,39178,0,0,0,0,0,0,0,0,0,0,0,0,0,0
67.060198,7858,31394,39168,0,0,0,0,0,0,0,0,0,0,0,0,0,0
67.061226,7859,31396,39168,0,0,0,0,0,0,0,0,0,0,0,0,0,0
67.080715,7855,31394,39164,0,0,0,0,0,0,0,0,0,0,0,0,0,0
67.081827,7855,31392,39164,0,0,0,0,0,0,0,0,0,0,0,0,0,0
67.100988,7856,31395,39168,0,0,0,0,0,0,0,0,0,0,0,0,0,0
67.102208,7854,31392,39166,0,0,0,0,0,0,0,0,0,0,0,0,0,0
67.121964,7854,31391,39170,0,0,0,0,0,0,0,0,0,0,0,0,0,0
67.123077,7860,31391,39175,0,0,0,0,0,0,0,0,0,0,0,0,0,0
67.139391,7859,31395,39181,0,0,0,0,0,0,0,0,0,0,0,0,0,0
67.14167,7869,31402,39196,0,0,0,0,0,0,0,0,0,0,0,0,0,0
67.159938,7868,31409,39210,0,0,0,0,0,0,0,0,0,0,0,0,0,0
67.16097,7880,31418,39231,0,0,0,0,0,0,0,0,0,0,0,0,0,0
67.181696,7880,31423,39245,0,0,0,0,0,0,0,0,0,0,0,0,0,0
67.182703,7886,31427,39250,0,0,0,0,0,0,0,0,0,0,0,0,0,0
67.190276,7888,31429,39255,0,0,0,0,0,0,0,0,0,0,0,0,0,0
67.212257,7889,31428,39262,0,0,0,0,0,0,0,0,0,0,0,0,0,0
67.213277,7888,31427,39256,0,0,0,0,0,0,0,0,0,0,0,0,0,0
67.230328,7889,31422,39254,0,0,0,0,0,0,0,0,0,0,0,0,0,0
67.231356,7889,31421,39252,0,0,0,0,0,0,0,0,0,0,0,0,0,0
67.250004,7890,31423,39253,0,0,0,0,0,0,0,0,0,0,0,0,0,0
67.251018,7893,31421,39256,0,0,0,0,0,0,0,0,0,0,0,0,0,0
67.271763,7896,31418,39255,0,0,0,0,0,0,0,0,0,0,0,0,0,0
67.273288,7895,31418,39255,0,0,0,0,0,0,0,0,0,0,0,0,0,0
67.289559,7897,31419,39252,0,0,0,0,0,0,0,0,0,0,0,0,0,0
67.291778,7895,31412,39237,0,0,0,0,0,0,0,0,0,0,0,0,0,0
67.309624,7892,31400,39218,0,0,0,0,0,0,0,0,0,0,0,0,0,0
67.311843,7891,31395,39193,0,0,0,0,0,0,0,0,0,0,0,0,0,0
67.329981,7883,31387,39169,0,0,0,0,0,0,0,0,0,0,0,0,0,0
67.331487,7877,31380,39144,0,0,0,0,0,0,0,0,0,0,0,0,0,0
67.351015,7868,31372,39119,0,0,0,0,0,0,0,0,0,0,0,0,0,0
67.352464,7856,31370,39104,0,0,0,0,0,0,0,0,0,0,0,0,0,0
67.370392,7849,31363,39091,0,0,0,0,0,0,0,0,0,0,0,0,0,0
67.371474,7840,31364,39078,0,0,0,0,0,0,0,0,0,0,0,0,0,0
67.390072,7832,31360,39066,0,0,0,0,0,0,0,0,0,0,0,0,0,0
67.391081,7824,31356,39053,0,0,0,0,0,0,0,0,0,0,0,0,0,0
67.40997,7824,31354,39039,0,0,0,0,0,0,0,0,0,0,0,0,0,0
67.41101,7815,31357,39039,0,0,0,0,0,0,0,0,0,0,0,0,0,0
67.420685,7816,31356,39045,0,0,0,0,0,0,0,0,0,0,0,0,0,0
67.441688,7815,31357,39048,0,0,0,0,0,0,0,0,0,0,0,0,0,0
67.442721,7819,31357,39058,0,0,0,0,0,0,0,0,0,0,0,0,0,0
67.461106,7816,31362,39064,0,0,0,0,0,0,0,0,0,0,0,0,0,0
67.462111,7821,31364,39072,0,0,0,0,0,0,0,0,0,0,0,0,0,0
67.482051,7824,31363,39078,0,0,0,0,0,0,0,0,0,0,0,0,0,0
67.483382,7822,31362,39079,0,0,0,0,0,0,0,0,0,0,0,0,0,0
67.499915,7823,31360,39081,0,0,0,0,0,0,0,0,0,0,0,0,0,0
67.500997,7827,31358,39090,0,0,0,0,0,0,0,0,0,0,0,0,0,0
67.521844,7829,31363,39100,0,0,0,0,0,0,0,0,0,0,0,0,0,0
67.523199,7835,31365,39107,0,0,0,0,0,0,0,0,0,0,0,0,0,0
67.540331,7837,31367,39113,0,0,0,0,0,0,0,0,0,0,0,0,0,0
67.54168,7839,31361,39111,0,0,0,0,0,0,0,0,0,0,0,0,0,0
67.560309,7840,31354,39093,0,0,0,0,0,0,0,0,0,0,0,0,0,0
67.56131,7831,31344,39072,0,0,0,0,0,0,0,0,0,0,0,0,0,0
67.58064,7821,31327,39039,0,0,0,0,0,0,0,0,0,0,0,0,0,0
67.58164,7812,31318,39004,0,0,0,0,0,0,0,0,0,0,0,0,0,0
67.600529,7802,31302,38979,0,0,0,0,0,0,0,0,0,0,0,0,0,0
67.601551,7793,31305,38965,0,0,0,0,0,0,0,0,0,0,0,0,0,0
67.620277,7789,31304,38962,0,0,0,0,0,0,0,0,0,0,0,0,0,0
67.622304,7786,31306,38955,0,0,0,0,0,0,0,0,0,0,0,0,0,0
67.640126,7782,31308,38951,0,0,0,0,0,0,0,0,0,0,0,0,0,0
67.641378,7775,31302,38942,0,0,0,0,0,0,0,0,0,0,0,0,0,0
67.650013,7770,31296,38920,0,0,0,0,0,0,0,0,0,0,0,0,0,0
67.672171,7762,31282,38892,0,0,0,0,0,0,0,0,0,0,0,0,0,0
67.673173,7755,31279,38879,0,0,0,0,0,0,0,0,0,0,0,0,0,0
67.689752,7749,31276,38871,0,0,0,0,0,0,0,0,0,0,0,0,0,0
67.691779,7744,31276,38864,0,0,0,0,0,0,0,0,0,0,0,0,0,0
67.71115,7742,31277,38864,0,0,0,0,0,0,0,0,0,0,0,0,0,0
67.712259,7743,31277,38869,0,0,0,0,0,0,0,0,0,0,0,0,0,0
67.731805,7737,31279,38860,0,0,0,0,0,0,0,0,0,0,0,0,0,0
67.732908,7734,31275,38855,0,0,0,0,0,0,0,0,0,0,0,0,0,0
67.75022,7730,31266,38835,0,0,0,0,0,0,0,0,0,0,0,0,0,0
67.751474,7719,31257,38811,0,0,0,0,0,0,0,0,0,0,0,0,0,0
67.77067,7710,31247,38783,0,0,0,0,0,0,0,0,0,0,0,0,0,0
67.771806,7702,31238,38755,0,0,0,0,0,0,0,0,0,0,0,0,0,0
67.790651,7691,31230,38722,0,0,0,0,0,0,0,0,0,0,0,0,0,0
67.792658,7679,31211,38683,0,0,0,0,0,0,0,0,0,0,0,0,0,0
67.810223,7660,31198,38631,0,0,0,0,0,0,0,0,0,0,0,0,0,0
67.81127,7640,31176,38578,0,0,0,0,0,0,0,0,0,0,0,0,0,0
67.830429,7616,31164,38520,0,0,0,0,0,0,0,0,0,0,0,0,0,0
67.831577,7591,31151,38466,0,0,0,0,0,0,0,0,0,0,0,0,0,0
67.850625,7567,31135,38404,0,0,0,0,0,0,0,0,0,0,0,0,0,0
67.852646,7537,31124,38333,0,0,0,0,0,0,0,0,0,0,0,0,0,0
67.870425,7503,31099,38210,0,0,0,0,0,0,0,0,0,0,0,0,0,0
67.871439,7456,31044,38017,0,0,0,0,0,0,0,0,0,0,0,0,0,0
67.881745,7397,30956,37742,0,0,0,0,0,0,0,0,0,0,0,0,0,0
67.901228,7308,30836,37371,0,0,0,0,0,0,0,0,0,0,0,0,0,0
67.902232,7178,30673,36895,0,0,0,0,0,0,0,0,0,0,0,0,0,0
67.921572,6993,30464,36296,0,0,0,0,0,0,0,0,0,0,0,0,0,0
67.922592,6798,30205,35541,0,0,0,0,0,0,0,0,0,0,0,0,0,0
67.940366,6654,29911,34723,0,0,0,0,0,0,0,0,0,0,0,0,0,0
67.941435,6563,29638,34011,0,0,0,0,0,0,0,0,0,0,0,0,0,0
67.9606,6477,29351,33275,0,0,0,0,0,0,0,0,0,0,0,0,0,0
67.961708,6238,28554,31733,0,0,0,0,0,0,0,0,0,0,0,0,0,0
67.979999,5512,25535,27582,0,0,0,0,0,0,0,0,0,0,0,0,0,0
67.981998,5548,24682,24366,0,0,0,0,0,0,0,0,0,0,0,0,0,0
68.001065,6310,25484,22225,0,0,0,0,0,0,0,0,0,0,0,0,0,0
68.003085,6045,24104,20297,0,0,0,0,0,0,0,0,0,0,0,0,0,0
68.00997,5754,22919,18989,0,0,0,0,0,0,0,0,0,0,0,0,0,0
68.031426,5380,21517,17655,0,0,0,0,0,0,0,0,0,0,0,0,0,0
68.032426,5080,20477,16756,0,0,0,0,0,0,0,0,0,0,0,0,0,0
68.049654,4868,19756,16312,0,0,0,0,0,0,0,0,0,0,0,0,0,0
68.051684,4654,18947,15689,0,0,0,0,0,0,0,0,0,0,0,0,0,0
68.07065,4401,17914,14856,0,0,0,0,0,0,0,0,0,0,0,0,0,0
68.072654,4071,16610,13791,0,0,0,0,0,0,0,0,0,0,0,0,0,0
68.079654,3638,15045,12412,0,0,0,0,0,0,0,0,0,0,0,0,0,0
68.10217,3127,13084,10814,0,0,0,0,0,0,0,0,0,0,0,0,0,0
68.103178,2667,11216,9338,0,0,0,0,0,0,0,0,0,0,0,0,0,0
68.11971,2230,9201,7833,0,0,0,0,0,0,0,0,0,0,0,0,0,0
68.121814,1802,7239,6402,0,0,0,0,0,0,0,0,0,0,0,0,0,0
68.140302,1400,5521,5084,0,0,0,0,0,0,0,0,0,0,0,0,0,0
68.141323,1060,4034,3926,0,0,0,0,0,0,0,0,0,0,0,0,0,0
68.159911,786,2824,2954,0,0,0,0,0,0,0,0,0,0,0,0,0,0
68.161936,588,1923,2202,0,0,0,0,0,0,0,0,0,0,0,0,0,0
68.179204,442,1298,1631,0,0,0,0,0,0,0,0,0,0,0,0,0,0
68.181475,340,885,1212,0,0,0,0,0,0,0,0,0,0,0,0,0,0
68.200264,270,627,909,0,0,0,0,0,0,0,0,0,0,0,0,0,0
68.201378,222,465,692,0,0,0,0,0,0,0,0,0,0,0,0,0,0
68.219939,192,373,546,0,0,0,0,0,0,0,0,0,0,0,0,0,0
68.221939,169,320,442,0,0,0,0,0,0,0,0,0,0,0,0,0,0
68.229939,153,291,372,0,0,0,0,0,0,0,0,0,0,0,0,0,0
68.250478,144,272,317,0,0,0,0,0,0,0,0,0,0,0,0,0,0
68.251585,134,263,276,0,0,0,0,0,0,0,0,0,0,0,0,0,0
68.269607,130,258,247,0,0,0,0,0,0,0,0,0,0,0,0,0,0
68.271616,125,250,229,0,0,0,0,0,0,0,0,0,0,0,0,0,0
68.289314,124,251,212,0,0,0,0,0,0,0,0,0,0,0,0,0,0
68.291371,121,249,199,0,0,0,0,0,0,0,0,0,0,0,0,0,0
